Started by user admin
Obtained Jenkinsfile from git git@github.com:yipintangzsp/spring-petclinic.git
[Pipeline] Start of Pipeline
[Pipeline] node
Running on Jenkins in /var/jenkins_home/workspace/petclinic-ci
[Pipeline] {
[Pipeline] stage
[Pipeline] { (Declarative: Checkout SCM)
[Pipeline] checkout
The recommended git tool is: git
using credential github-petclinic-ssh
 > git rev-parse --resolve-git-dir /var/jenkins_home/workspace/petclinic-ci/.git # timeout=10
Fetching changes from the remote Git repository
 > git config remote.origin.url git@github.com:yipintangzsp/spring-petclinic.git # timeout=10
Fetching upstream changes from git@github.com:yipintangzsp/spring-petclinic.git
 > git --version # timeout=10
 > git --version # 'git version 2.47.3'
using GIT_SSH to set credentials GitHub SSH Deploy Key for Petclinic CI
Verifying host key using known hosts file
 > git fetch --tags --force --progress -- git@github.com:yipintangzsp/spring-petclinic.git +refs/heads/*:refs/remotes/origin/* # timeout=10
 > git rev-parse refs/remotes/origin/main^{commit} # timeout=10
Checking out Revision 5c7622bb7af6423e010a0032381e08247ae8d266 (refs/remotes/origin/main)
 > git config core.sparsecheckout # timeout=10
 > git checkout -f 5c7622bb7af6423e010a0032381e08247ae8d266 # timeout=10
Commit message: "Internationalize illustrated homepage labels"
 > git rev-list --no-walk 152f3106da71496cdcb05663fc7c5a23090e3205 # timeout=10
[Pipeline] }
[Pipeline] // stage
[Pipeline] withEnv
[Pipeline] {
[Pipeline] withEnv
[Pipeline] {
[Pipeline] stage
[Pipeline] { (Checkout Info)
[Pipeline] sh
+ echo ===== WORKSPACE =====
===== WORKSPACE =====
+ pwd
/var/jenkins_home/workspace/petclinic-ci
+ echo

+ echo ===== CLEAN PIPELINE STATE =====
===== CLEAN PIPELINE STATE =====
+ rm -f .deploy-started .target-git-revision .git-sha .git-sha-short .change-cause .new-revision .previous-image .previous-revision
+ echo Pipeline state cleaned.
Pipeline state cleaned.
+ echo

+ echo ===== GIT =====
===== GIT =====
+ git status
HEAD detached at 5c7622b
nothing to commit, working tree clean
+ git rev-parse HEAD
+ GIT_SHA=5c7622bb7af6423e010a0032381e08247ae8d266
+ git rev-parse --short HEAD
+ GIT_SHA_SHORT=5c7622b
+ echo GIT_SHA=5c7622bb7af6423e010a0032381e08247ae8d266
GIT_SHA=5c7622bb7af6423e010a0032381e08247ae8d266
+ echo GIT_SHA_SHORT=5c7622b
GIT_SHA_SHORT=5c7622b
+ printf %s 5c7622bb7af6423e010a0032381e08247ae8d266
+ printf %s 5c7622b
[Pipeline] }
[Pipeline] // stage
[Pipeline] stage
[Pipeline] { (Test)
[Pipeline] sh
+ echo ===== MAVEN TEST =====
===== MAVEN TEST =====
+ ./mvnw clean test
[INFO] Scanning for projects...
[INFO] 
[INFO] ------------< org.springframework.samples:spring-petclinic >------------
[INFO] Building petclinic 4.0.0-SNAPSHOT
[INFO]   from pom.xml
[INFO] --------------------------------[ jar ]---------------------------------
[INFO] 
[INFO] --- clean:3.5.0:clean (default-clean) @ spring-petclinic ---
[INFO] Deleting /var/jenkins_home/workspace/petclinic-ci/target
[INFO] 
[INFO] --- enforcer:3.6.3:enforce (enforce-java) @ spring-petclinic ---
[INFO] Rule 0: org.apache.maven.enforcer.rules.version.RequireJavaVersion passed
[INFO] 
[INFO] --- spring-javaformat:0.0.47:validate (default) @ spring-petclinic ---
[INFO] 
[INFO] --- checkstyle:3.6.0:check (nohttp-checkstyle-validation) @ spring-petclinic ---
[INFO] You have 0 Checkstyle violations.
[INFO] 
[INFO] --- jacoco:0.8.15:prepare-agent (default) @ spring-petclinic ---
[INFO] argLine set to -javaagent:/var/jenkins_home/.m2/repository/org/jacoco/org.jacoco.agent/0.8.15/org.jacoco.agent-0.8.15-runtime.jar=destfile=/var/jenkins_home/workspace/petclinic-ci/target/jacoco.exec
[INFO] 
[INFO] --- git-commit-id:9.2.0:revision (default) @ spring-petclinic ---
[INFO] dotGitDirectory '/var/jenkins_home/workspace/petclinic-ci/.git'
[INFO] Collected git.build.user.name with value jenkins-petclinic-ci
[INFO] Collected git.build.user.email with value jenkins-petclinic-ci@users.noreply.github.com
[INFO] Using environment variable based branch name. GIT_BRANCH = origin/main
[INFO] Collected git.branch with value origin/main
[INFO] Collected git.commit.id.describe with value dcp-v1.28.0-monitoring-observability-30-g5c7622b
[INFO] Collected git.commit.id.describe-short with value dcp-v1.28.0-monitoring-observability-30
[INFO] Collected git.commit.id with value 5c7622bb7af6423e010a0032381e08247ae8d266
[INFO] Collected git.commit.id.abbrev with value 5c7622b
[INFO] Collected git.dirty with value false
[INFO] Collected git.commit.user.name with value heil16070-hue
[INFO] Collected git.commit.user.email with value heil16070@gmail.com
[INFO] Collected git.commit.message.full with value Internationalize illustrated homepage labels
[INFO] Collected git.commit.message.short with value Internationalize illustrated homepage labels
[INFO] Collected git.commit.time with value 2026-09-30T18:26:05+08:00
[INFO] Collected git.commit.author.time with value 2026-09-30T18:26:05+08:00
[INFO] Collected git.commit.committer.time with value 2026-09-30T18:26:05+08:00
[INFO] Collected git.remote.origin.url with value git@github.com:yipintangzsp/spring-petclinic.git
[INFO] Collected git.tags with value 
[INFO] Collected git.tag with value 
[INFO] Collected git.closest.tag.name with value dcp-v1.28.0-monitoring-observability
[INFO] Collected git.closest.tag.commit.count with value 30
[INFO] Collected git.total.commit.count with value 1121
[INFO] Collected git.local.branch.ahead with value NO_REMOTE
[INFO] Collected git.local.branch.behind with value NO_REMOTE
[INFO] Collected git.build.time with value 2024-11-28T22:37:52+08:00
[INFO] Collected git.build.version with value 4.0.0-SNAPSHOT
[INFO] Collected git.build.host with value jenkins-87ccb46-m5bcm
[INFO] Collected git.build.number with value 80
[INFO] including property 'git.tags' in results
[INFO] including property 'git.build.version' in results
[INFO] including property 'git.branch' in results
[INFO] including property 'git.build.host' in results
[INFO] including property 'git.build.number' in results
[INFO] including property 'git.commit.id' in results
[INFO] including property 'git.commit.user.email' in results
[INFO] including property 'git.local.branch.behind' in results
[INFO] including property 'git.commit.author.time' in results
[INFO] including property 'git.build.user.name' in results
[INFO] including property 'git.dirty' in results
[INFO] including property 'git.closest.tag.commit.count' in results
[INFO] including property 'git.commit.user.name' in results
[INFO] including property 'git.commit.id.abbrev' in results
[INFO] including property 'git.commit.id.describe-short' in results
[INFO] including property 'git.total.commit.count' in results
[INFO] including property 'git.commit.id.describe' in results
[INFO] including property 'git.build.user.email' in results
[INFO] including property 'git.commit.message.short' in results
[INFO] including property 'git.commit.committer.time' in results
[INFO] including property 'git.tag' in results
[INFO] including property 'git.closest.tag.name' in results
[INFO] including property 'git.local.branch.ahead' in results
[INFO] including property 'git.commit.time' in results
[INFO] including property 'git.build.time' in results
[INFO] including property 'git.commit.message.full' in results
[INFO] including property 'git.remote.origin.url' in results
[INFO] Writing properties file [/var/jenkins_home/workspace/petclinic-ci/target/classes/git.properties] (for project petclinic)...
[INFO] 
[INFO] --- spring-boot:4.1.0:build-info (default) @ spring-petclinic ---
[INFO] 
[INFO] --- cyclonedx:2.9.1:makeAggregateBom (default) @ spring-petclinic ---
[INFO] CycloneDX: Resolving Dependencies
[INFO] CycloneDX: Creating BOM version 1.6 with 113 component(s)
[INFO] CycloneDX: Writing and validating BOM (JSON): /var/jenkins_home/workspace/petclinic-ci/target/classes/META-INF/sbom/application.cdx.json
[WARNING] Unknown keyword meta:enum - you should define your own Meta Schema. If the keyword is irrelevant for validation, just use a NonValidationKeyword or if it should generate annotations AnnotationKeyword
[WARNING] Unknown keyword deprecated - you should define your own Meta Schema. If the keyword is irrelevant for validation, just use a NonValidationKeyword or if it should generate annotations AnnotationKeyword
[INFO]            attaching as spring-petclinic-4.0.0-SNAPSHOT-cyclonedx.json
[INFO] 
[INFO] --- resources:3.5.0:resources (default-resources) @ spring-petclinic ---
[INFO] Copying 3 resources from src/main/resources to target/classes
[INFO] Copying 52 resources from src/main/resources to target/classes
[INFO] 
[INFO] --- compiler:3.15.0:compile (default-compile) @ spring-petclinic ---
[INFO] Recompiling the module because of changed source code.
[INFO] Compiling 34 source files with javac [debug parameters release 17] to target/classes
[INFO] 
[INFO] --- resources:3.5.0:testResources (default-testResources) @ spring-petclinic ---
[INFO] skip non existing resourceDirectory /var/jenkins_home/workspace/petclinic-ci/src/test/resources
[INFO] 
[INFO] --- compiler:3.15.0:testCompile (default-testCompile) @ spring-petclinic ---
[INFO] Recompiling the module because of changed dependency.
[INFO] Compiling 20 source files with javac [debug parameters release 17] to target/test-classes
[INFO] 
[INFO] --- surefire:3.5.6:test (default-test) @ spring-petclinic ---
[WARNING]  Parameter 'systemProperties' is deprecated: use systemPropertyVariables instead
[INFO] Using auto detected provider org.apache.maven.surefire.junitplatform.JUnitPlatformProvider
[INFO] 
[INFO] -------------------------------------------------------
[INFO]  T E S T S
[INFO] -------------------------------------------------------
[INFO] Running org.springframework.samples.petclinic.system.CrashControllerTests
[INFO] Tests run: 1, Failures: 0, Errors: 0, Skipped: 0, Time elapsed: 0.153 s -- in org.springframework.samples.petclinic.system.CrashControllerTests
[INFO] Running org.springframework.samples.petclinic.system.I18nPropertiesSyncTest
[INFO] Tests run: 2, Failures: 0, Errors: 0, Skipped: 0, Time elapsed: 0.087 s -- in org.springframework.samples.petclinic.system.I18nPropertiesSyncTest
[INFO] Running org.springframework.samples.petclinic.system.WelcomeControllerTests
18:26:59.479 [main] INFO org.springframework.test.context.support.AnnotationConfigContextLoaderUtils -- Could not detect default configuration classes for test class [org.springframework.samples.petclinic.system.WelcomeControllerTests]: WelcomeControllerTests does not declare any static, non-private, non-final, nested classes annotated with @Configuration.
18:26:59.663 [main] INFO org.springframework.boot.test.context.SpringBootTestContextBootstrapper -- Found @SpringBootConfiguration org.springframework.samples.petclinic.system.CrashControllerIntegrationTests$TestConfiguration for test class org.springframework.samples.petclinic.system.WelcomeControllerTests
18:26:59.666 [main] INFO org.springframework.test.context.support.AnnotationConfigContextLoaderUtils -- Could not detect default configuration classes for test class [org.springframework.samples.petclinic.system.WelcomeControllerTests]: WelcomeControllerTests does not declare any static, non-private, non-final, nested classes annotated with @Configuration.
18:26:59.675 [main] INFO org.springframework.boot.test.context.SpringBootTestContextBootstrapper -- Found @SpringBootConfiguration org.springframework.samples.petclinic.system.CrashControllerIntegrationTests$TestConfiguration for test class org.springframework.samples.petclinic.system.WelcomeControllerTests
18:26:59.794 [main] INFO org.springframework.boot.devtools.restart.RestartApplicationListener -- Restart disabled due to context in which it is running


              |\      _,,,--,,_
             /,`.-'`'   ._  \-;;,_
  _______ __|,4-  ) )_   .;.(__`'-'__     ___ __    _ ___ _______
 |       | '---''(_/._)-'(_\_)   |   |   |   |  |  | |   |       |
 |    _  |    ___|_     _|       |   |   |   |   |_| |   |       | __ _ _
 |   |_| |   |___  |   | |       |   |   |   |       |   |       | \ \ \ \
 |    ___|    ___| |   | |      _|   |___|   |  _    |   |      _|  \ \ \ \
 |   |   |   |___  |   | |     |_|       |   | | |   |   |     |_    ) ) ) )
 |___|   |_______| |___| |_______|_______|___|_|  |__|___|_______|  / / / /
 ==================================================================/_/_/_/

:: Built with Spring Boot :: 4.1.0


2026-09-30T18:27:00.401+08:00  INFO 10323 --- [           main] o.s.s.p.system.WelcomeControllerTests    : Starting WelcomeControllerTests using Java 21.0.11 with PID 10323 (started by jenkins in /var/jenkins_home/workspace/petclinic-ci)
2026-09-30T18:27:00.403+08:00  INFO 10323 --- [           main] o.s.s.p.system.WelcomeControllerTests    : No active profile set, falling back to 1 default profile: "default"
Mockito is currently self-attaching to enable the inline-mock-maker. This will no longer work in future releases of the JDK. Please add Mockito as an agent to your build as described in Mockito's documentation: https://javadoc.io/doc/org.mockito/mockito-core/latest/org.mockito/org/mockito/Mockito.html#0.3
WARNING: A Java agent has been loaded dynamically (/var/jenkins_home/.m2/repository/net/bytebuddy/byte-buddy-agent/1.18.10/byte-buddy-agent-1.18.10.jar)
WARNING: If a serviceability tool is in use, please run with -XX:+EnableDynamicAgentLoading to hide this warning
WARNING: If a serviceability tool is not in use, please run with -Djdk.instrument.traceUsage for more information
WARNING: Dynamic loading of agents will be disallowed by default in a future release
2026-09-30T18:27:03.407+08:00  INFO 10323 --- [           main] o.s.b.t.m.w.SpringBootMockServletContext : Initializing Spring TestDispatcherServlet ''
2026-09-30T18:27:03.407+08:00  INFO 10323 --- [           main] o.s.t.web.servlet.TestDispatcherServlet  : Initializing Servlet ''
2026-09-30T18:27:03.409+08:00  INFO 10323 --- [           main] o.s.t.web.servlet.TestDispatcherServlet  : Completed initialization in 2 ms
2026-09-30T18:27:03.464+08:00  INFO 10323 --- [           main] o.s.s.p.system.WelcomeControllerTests    : Started WelcomeControllerTests in 3.689 seconds (process running for 5.851)
[INFO] Tests run: 2, Failures: 0, Errors: 0, Skipped: 0, Time elapsed: 5.321 s -- in org.springframework.samples.petclinic.system.WelcomeControllerTests
[INFO] Running org.springframework.samples.petclinic.system.CrashControllerIntegrationTests
2026-09-30T18:27:04.600+08:00  INFO 10323 --- [           main] o.s.b.d.r.RestartApplicationListener     : Restart disabled due to context in which it is running


              |\      _,,,--,,_
             /,`.-'`'   ._  \-;;,_
  _______ __|,4-  ) )_   .;.(__`'-'__     ___ __    _ ___ _______
 |       | '---''(_/._)-'(_\_)   |   |   |   |  |  | |   |       |
 |    _  |    ___|_     _|       |   |   |   |   |_| |   |       | __ _ _
 |   |_| |   |___  |   | |       |   |   |   |       |   |       | \ \ \ \
 |    ___|    ___| |   | |      _|   |___|   |  _    |   |      _|  \ \ \ \
 |   |   |   |___  |   | |     |_|       |   | | |   |   |     |_    ) ) ) )
 |___|   |_______| |___| |_______|_______|___|_|  |__|___|_______|  / / / /
 ==================================================================/_/_/_/

:: Built with Spring Boot :: 4.1.0


2026-09-30T18:27:04.679+08:00  INFO 10323 --- [           main] .s.s.p.s.CrashControllerIntegrationTests : Starting CrashControllerIntegrationTests using Java 21.0.11 with PID 10323 (started by jenkins in /var/jenkins_home/workspace/petclinic-ci)
2026-09-30T18:27:04.679+08:00  INFO 10323 --- [           main] .s.s.p.s.CrashControllerIntegrationTests : No active profile set, falling back to 1 default profile: "default"
2026-09-30T18:27:06.035+08:00  INFO 10323 --- [           main] o.s.boot.tomcat.TomcatWebServer          : Tomcat initialized with port 0 (http)
2026-09-30T18:27:06.057+08:00  INFO 10323 --- [           main] o.apache.catalina.core.StandardService   : Starting service [Tomcat]
2026-09-30T18:27:06.057+08:00  INFO 10323 --- [           main] o.apache.catalina.core.StandardEngine    : Starting Servlet engine: [Apache Tomcat/11.0.22]
2026-09-30T18:27:06.118+08:00  INFO 10323 --- [           main] b.w.c.s.WebApplicationContextInitializer : Root WebApplicationContext: initialization completed in 1429 ms
2026-09-30T18:27:07.238+08:00  INFO 10323 --- [           main] o.s.b.a.e.web.EndpointLinksResolver      : Exposing 0 endpoints beneath base path '/actuator'
2026-09-30T18:27:07.323+08:00  INFO 10323 --- [           main] o.s.boot.tomcat.TomcatWebServer          : Tomcat started on port 41015 (http) with context path '/'
2026-09-30T18:27:07.333+08:00  INFO 10323 --- [           main] .s.s.p.s.CrashControllerIntegrationTests : Started CrashControllerIntegrationTests in 2.734 seconds (process running for 9.719)
2026-09-30T18:27:07.687+08:00  INFO 10323 --- [o-auto-1-exec-1] o.a.c.c.C.[Tomcat].[localhost].[/]       : Initializing Spring DispatcherServlet 'dispatcherServlet'
2026-09-30T18:27:07.687+08:00  INFO 10323 --- [o-auto-1-exec-1] o.s.web.servlet.DispatcherServlet        : Initializing Servlet 'dispatcherServlet'
2026-09-30T18:27:07.689+08:00  INFO 10323 --- [o-auto-1-exec-1] o.s.web.servlet.DispatcherServlet        : Completed initialization in 2 ms
2026-09-30T18:27:07.706+08:00 ERROR 10323 --- [o-auto-1-exec-1] o.a.c.c.C.[.[.[/].[dispatcherServlet]    : Servlet.service() for servlet [dispatcherServlet] in context with path [] threw exception [Request processing failed: java.lang.RuntimeException: Expected: controller used to showcase what happens when an exception is thrown] with root cause

java.lang.RuntimeException: Expected: controller used to showcase what happens when an exception is thrown
	at org.springframework.samples.petclinic.system.CrashController.triggerException(CrashController.java:33) ~[classes/:na]
	at java.base/jdk.internal.reflect.DirectMethodHandleAccessor.invoke(Unknown Source) ~[na:na]
	at java.base/java.lang.reflect.Method.invoke(Unknown Source) ~[na:na]
	at org.springframework.web.method.support.InvocableHandlerMethod.doInvoke(InvocableHandlerMethod.java:252) ~[spring-web-7.0.8.jar:7.0.8]
	at org.springframework.web.method.support.InvocableHandlerMethod.invokeForRequest(InvocableHandlerMethod.java:184) ~[spring-web-7.0.8.jar:7.0.8]
	at org.springframework.web.servlet.mvc.method.annotation.ServletInvocableHandlerMethod.invokeAndHandle(ServletInvocableHandlerMethod.java:117) ~[spring-webmvc-7.0.8.jar:7.0.8]
	at org.springframework.web.servlet.mvc.method.annotation.RequestMappingHandlerAdapter.invokeHandlerMethod(RequestMappingHandlerAdapter.java:934) ~[spring-webmvc-7.0.8.jar:7.0.8]
	at org.springframework.web.servlet.mvc.method.annotation.RequestMappingHandlerAdapter.handleInternal(RequestMappingHandlerAdapter.java:853) ~[spring-webmvc-7.0.8.jar:7.0.8]
	at org.springframework.web.servlet.mvc.method.AbstractHandlerMethodAdapter.handle(AbstractHandlerMethodAdapter.java:86) ~[spring-webmvc-7.0.8.jar:7.0.8]
	at org.springframework.web.servlet.DispatcherServlet.doDispatch(DispatcherServlet.java:963) ~[spring-webmvc-7.0.8.jar:7.0.8]
	at org.springframework.web.servlet.DispatcherServlet.doService(DispatcherServlet.java:866) ~[spring-webmvc-7.0.8.jar:7.0.8]
	at org.springframework.web.servlet.FrameworkServlet.processRequest(FrameworkServlet.java:1000) ~[spring-webmvc-7.0.8.jar:7.0.8]
	at org.springframework.web.servlet.FrameworkServlet.doGet(FrameworkServlet.java:892) ~[spring-webmvc-7.0.8.jar:7.0.8]
	at jakarta.servlet.http.HttpServlet.service(HttpServlet.java:622) ~[tomcat-embed-core-11.0.22.jar:6.1]
	at org.springframework.web.servlet.FrameworkServlet.service(FrameworkServlet.java:874) ~[spring-webmvc-7.0.8.jar:7.0.8]
	at jakarta.servlet.http.HttpServlet.service(HttpServlet.java:710) ~[tomcat-embed-core-11.0.22.jar:6.1]
	at org.apache.catalina.core.ApplicationFilterChain.doFilter(ApplicationFilterChain.java:128) ~[tomcat-embed-core-11.0.22.jar:11.0.22]
	at org.apache.tomcat.websocket.server.WsFilter.doFilter(WsFilter.java:53) ~[tomcat-embed-websocket-11.0.22.jar:11.0.22]
	at org.apache.catalina.core.ApplicationFilterChain.doFilter(ApplicationFilterChain.java:107) ~[tomcat-embed-core-11.0.22.jar:11.0.22]
	at org.springframework.web.servlet.resource.ResourceUrlEncodingFilter.doFilter(ResourceUrlEncodingFilter.java:66) ~[spring-webmvc-7.0.8.jar:7.0.8]
	at org.apache.catalina.core.ApplicationFilterChain.doFilter(ApplicationFilterChain.java:107) ~[tomcat-embed-core-11.0.22.jar:11.0.22]
	at org.springframework.web.filter.RequestContextFilter.doFilterInternal(RequestContextFilter.java:100) ~[spring-web-7.0.8.jar:7.0.8]
	at org.springframework.web.filter.OncePerRequestFilter.doFilter(OncePerRequestFilter.java:116) ~[spring-web-7.0.8.jar:7.0.8]
	at org.apache.catalina.core.ApplicationFilterChain.doFilter(ApplicationFilterChain.java:107) ~[tomcat-embed-core-11.0.22.jar:11.0.22]
	at org.springframework.web.filter.FormContentFilter.doFilterInternal(FormContentFilter.java:93) ~[spring-web-7.0.8.jar:7.0.8]
	at org.springframework.web.filter.OncePerRequestFilter.doFilter(OncePerRequestFilter.java:116) ~[spring-web-7.0.8.jar:7.0.8]
	at org.apache.catalina.core.ApplicationFilterChain.doFilter(ApplicationFilterChain.java:107) ~[tomcat-embed-core-11.0.22.jar:11.0.22]
	at org.springframework.web.filter.ServerHttpObservationFilter.doFilterInternal(ServerHttpObservationFilter.java:110) ~[spring-web-7.0.8.jar:7.0.8]
	at org.springframework.web.filter.OncePerRequestFilter.doFilter(OncePerRequestFilter.java:116) ~[spring-web-7.0.8.jar:7.0.8]
	at org.apache.catalina.core.ApplicationFilterChain.doFilter(ApplicationFilterChain.java:107) ~[tomcat-embed-core-11.0.22.jar:11.0.22]
	at org.springframework.web.filter.CharacterEncodingFilter.doFilterInternal(CharacterEncodingFilter.java:199) ~[spring-web-7.0.8.jar:7.0.8]
	at org.springframework.web.filter.OncePerRequestFilter.doFilter(OncePerRequestFilter.java:116) ~[spring-web-7.0.8.jar:7.0.8]
	at org.apache.catalina.core.ApplicationFilterChain.doFilter(ApplicationFilterChain.java:107) ~[tomcat-embed-core-11.0.22.jar:11.0.22]
	at org.apache.catalina.core.StandardWrapperValve.invoke(StandardWrapperValve.java:165) ~[tomcat-embed-core-11.0.22.jar:11.0.22]
	at org.apache.catalina.core.StandardContextValve.invoke(StandardContextValve.java:77) ~[tomcat-embed-core-11.0.22.jar:11.0.22]
	at org.apache.catalina.authenticator.AuthenticatorBase.invoke(AuthenticatorBase.java:492) ~[tomcat-embed-core-11.0.22.jar:11.0.22]
	at org.apache.catalina.core.StandardHostValve.invoke(StandardHostValve.java:113) ~[tomcat-embed-core-11.0.22.jar:11.0.22]
	at org.apache.catalina.valves.ErrorReportValve.invoke(ErrorReportValve.java:83) ~[tomcat-embed-core-11.0.22.jar:11.0.22]
	at org.apache.catalina.core.StandardEngineValve.invoke(StandardEngineValve.java:72) ~[tomcat-embed-core-11.0.22.jar:11.0.22]
	at org.apache.catalina.valves.RemoteIpValve.invoke(RemoteIpValve.java:685) ~[tomcat-embed-core-11.0.22.jar:11.0.22]
	at org.apache.catalina.connector.CoyoteAdapter.service(CoyoteAdapter.java:341) ~[tomcat-embed-core-11.0.22.jar:11.0.22]
	at org.apache.coyote.http11.Http11Processor.service(Http11Processor.java:397) ~[tomcat-embed-core-11.0.22.jar:11.0.22]
	at org.apache.coyote.AbstractProcessorLight.process(AbstractProcessorLight.java:63) ~[tomcat-embed-core-11.0.22.jar:11.0.22]
	at org.apache.coyote.AbstractProtocol$ConnectionHandler.process(AbstractProtocol.java:1272) ~[tomcat-embed-core-11.0.22.jar:11.0.22]
	at org.apache.tomcat.util.net.NioEndpoint$SocketProcessor.doRun(NioEndpoint.java:1801) ~[tomcat-embed-core-11.0.22.jar:11.0.22]
	at org.apache.tomcat.util.net.SocketProcessorBase.run(SocketProcessorBase.java:52) ~[tomcat-embed-core-11.0.22.jar:11.0.22]
	at org.apache.tomcat.util.threads.ThreadPoolExecutor.runWorker(ThreadPoolExecutor.java:946) ~[tomcat-embed-core-11.0.22.jar:11.0.22]
	at org.apache.tomcat.util.threads.ThreadPoolExecutor$Worker.run(ThreadPoolExecutor.java:480) ~[tomcat-embed-core-11.0.22.jar:11.0.22]
	at org.apache.tomcat.util.threads.TaskThread$WrappingRunnable.run(TaskThread.java:57) ~[tomcat-embed-core-11.0.22.jar:11.0.22]
	at java.base/java.lang.Thread.run(Unknown Source) ~[na:na]

2026-09-30T18:27:07.909+08:00 ERROR 10323 --- [o-auto-1-exec-2] o.a.c.c.C.[.[.[/].[dispatcherServlet]    : Servlet.service() for servlet [dispatcherServlet] in context with path [] threw exception [Request processing failed: java.lang.RuntimeException: Expected: controller used to showcase what happens when an exception is thrown] with root cause

java.lang.RuntimeException: Expected: controller used to showcase what happens when an exception is thrown
	at org.springframework.samples.petclinic.system.CrashController.triggerException(CrashController.java:33) ~[classes/:na]
	at java.base/jdk.internal.reflect.DirectMethodHandleAccessor.invoke(Unknown Source) ~[na:na]
	at java.base/java.lang.reflect.Method.invoke(Unknown Source) ~[na:na]
	at org.springframework.web.method.support.InvocableHandlerMethod.doInvoke(InvocableHandlerMethod.java:252) ~[spring-web-7.0.8.jar:7.0.8]
	at org.springframework.web.method.support.InvocableHandlerMethod.invokeForRequest(InvocableHandlerMethod.java:184) ~[spring-web-7.0.8.jar:7.0.8]
	at org.springframework.web.servlet.mvc.method.annotation.ServletInvocableHandlerMethod.invokeAndHandle(ServletInvocableHandlerMethod.java:117) ~[spring-webmvc-7.0.8.jar:7.0.8]
	at org.springframework.web.servlet.mvc.method.annotation.RequestMappingHandlerAdapter.invokeHandlerMethod(RequestMappingHandlerAdapter.java:934) ~[spring-webmvc-7.0.8.jar:7.0.8]
	at org.springframework.web.servlet.mvc.method.annotation.RequestMappingHandlerAdapter.handleInternal(RequestMappingHandlerAdapter.java:853) ~[spring-webmvc-7.0.8.jar:7.0.8]
	at org.springframework.web.servlet.mvc.method.AbstractHandlerMethodAdapter.handle(AbstractHandlerMethodAdapter.java:86) ~[spring-webmvc-7.0.8.jar:7.0.8]
	at org.springframework.web.servlet.DispatcherServlet.doDispatch(DispatcherServlet.java:963) ~[spring-webmvc-7.0.8.jar:7.0.8]
	at org.springframework.web.servlet.DispatcherServlet.doService(DispatcherServlet.java:866) ~[spring-webmvc-7.0.8.jar:7.0.8]
	at org.springframework.web.servlet.FrameworkServlet.processRequest(FrameworkServlet.java:1000) ~[spring-webmvc-7.0.8.jar:7.0.8]
	at org.springframework.web.servlet.FrameworkServlet.doGet(FrameworkServlet.java:892) ~[spring-webmvc-7.0.8.jar:7.0.8]
	at jakarta.servlet.http.HttpServlet.service(HttpServlet.java:622) ~[tomcat-embed-core-11.0.22.jar:6.1]
	at org.springframework.web.servlet.FrameworkServlet.service(FrameworkServlet.java:874) ~[spring-webmvc-7.0.8.jar:7.0.8]
	at jakarta.servlet.http.HttpServlet.service(HttpServlet.java:710) ~[tomcat-embed-core-11.0.22.jar:6.1]
	at org.apache.catalina.core.ApplicationFilterChain.doFilter(ApplicationFilterChain.java:128) ~[tomcat-embed-core-11.0.22.jar:11.0.22]
	at org.apache.tomcat.websocket.server.WsFilter.doFilter(WsFilter.java:53) ~[tomcat-embed-websocket-11.0.22.jar:11.0.22]
	at org.apache.catalina.core.ApplicationFilterChain.doFilter(ApplicationFilterChain.java:107) ~[tomcat-embed-core-11.0.22.jar:11.0.22]
	at org.springframework.web.servlet.resource.ResourceUrlEncodingFilter.doFilter(ResourceUrlEncodingFilter.java:66) ~[spring-webmvc-7.0.8.jar:7.0.8]
	at org.apache.catalina.core.ApplicationFilterChain.doFilter(ApplicationFilterChain.java:107) ~[tomcat-embed-core-11.0.22.jar:11.0.22]
	at org.springframework.web.filter.RequestContextFilter.doFilterInternal(RequestContextFilter.java:100) ~[spring-web-7.0.8.jar:7.0.8]
	at org.springframework.web.filter.OncePerRequestFilter.doFilter(OncePerRequestFilter.java:116) ~[spring-web-7.0.8.jar:7.0.8]
	at org.apache.catalina.core.ApplicationFilterChain.doFilter(ApplicationFilterChain.java:107) ~[tomcat-embed-core-11.0.22.jar:11.0.22]
	at org.springframework.web.filter.FormContentFilter.doFilterInternal(FormContentFilter.java:93) ~[spring-web-7.0.8.jar:7.0.8]
	at org.springframework.web.filter.OncePerRequestFilter.doFilter(OncePerRequestFilter.java:116) ~[spring-web-7.0.8.jar:7.0.8]
	at org.apache.catalina.core.ApplicationFilterChain.doFilter(ApplicationFilterChain.java:107) ~[tomcat-embed-core-11.0.22.jar:11.0.22]
	at org.springframework.web.filter.ServerHttpObservationFilter.doFilterInternal(ServerHttpObservationFilter.java:110) ~[spring-web-7.0.8.jar:7.0.8]
	at org.springframework.web.filter.OncePerRequestFilter.doFilter(OncePerRequestFilter.java:116) ~[spring-web-7.0.8.jar:7.0.8]
	at org.apache.catalina.core.ApplicationFilterChain.doFilter(ApplicationFilterChain.java:107) ~[tomcat-embed-core-11.0.22.jar:11.0.22]
	at org.springframework.web.filter.CharacterEncodingFilter.doFilterInternal(CharacterEncodingFilter.java:199) ~[spring-web-7.0.8.jar:7.0.8]
	at org.springframework.web.filter.OncePerRequestFilter.doFilter(OncePerRequestFilter.java:116) ~[spring-web-7.0.8.jar:7.0.8]
	at org.apache.catalina.core.ApplicationFilterChain.doFilter(ApplicationFilterChain.java:107) ~[tomcat-embed-core-11.0.22.jar:11.0.22]
	at org.apache.catalina.core.StandardWrapperValve.invoke(StandardWrapperValve.java:165) ~[tomcat-embed-core-11.0.22.jar:11.0.22]
	at org.apache.catalina.core.StandardContextValve.invoke(StandardContextValve.java:77) ~[tomcat-embed-core-11.0.22.jar:11.0.22]
	at org.apache.catalina.authenticator.AuthenticatorBase.invoke(AuthenticatorBase.java:492) ~[tomcat-embed-core-11.0.22.jar:11.0.22]
	at org.apache.catalina.core.StandardHostValve.invoke(StandardHostValve.java:113) ~[tomcat-embed-core-11.0.22.jar:11.0.22]
	at org.apache.catalina.valves.ErrorReportValve.invoke(ErrorReportValve.java:83) ~[tomcat-embed-core-11.0.22.jar:11.0.22]
	at org.apache.catalina.core.StandardEngineValve.invoke(StandardEngineValve.java:72) ~[tomcat-embed-core-11.0.22.jar:11.0.22]
	at org.apache.catalina.valves.RemoteIpValve.invoke(RemoteIpValve.java:685) ~[tomcat-embed-core-11.0.22.jar:11.0.22]
	at org.apache.catalina.connector.CoyoteAdapter.service(CoyoteAdapter.java:341) ~[tomcat-embed-core-11.0.22.jar:11.0.22]
	at org.apache.coyote.http11.Http11Processor.service(Http11Processor.java:397) ~[tomcat-embed-core-11.0.22.jar:11.0.22]
	at org.apache.coyote.AbstractProcessorLight.process(AbstractProcessorLight.java:63) ~[tomcat-embed-core-11.0.22.jar:11.0.22]
	at org.apache.coyote.AbstractProtocol$ConnectionHandler.process(AbstractProtocol.java:1272) ~[tomcat-embed-core-11.0.22.jar:11.0.22]
	at org.apache.tomcat.util.net.NioEndpoint$SocketProcessor.doRun(NioEndpoint.java:1801) ~[tomcat-embed-core-11.0.22.jar:11.0.22]
	at org.apache.tomcat.util.net.SocketProcessorBase.run(SocketProcessorBase.java:52) ~[tomcat-embed-core-11.0.22.jar:11.0.22]
	at org.apache.tomcat.util.threads.ThreadPoolExecutor.runWorker(ThreadPoolExecutor.java:946) ~[tomcat-embed-core-11.0.22.jar:11.0.22]
	at org.apache.tomcat.util.threads.ThreadPoolExecutor$Worker.run(ThreadPoolExecutor.java:480) ~[tomcat-embed-core-11.0.22.jar:11.0.22]
	at org.apache.tomcat.util.threads.TaskThread$WrappingRunnable.run(TaskThread.java:57) ~[tomcat-embed-core-11.0.22.jar:11.0.22]
	at java.base/java.lang.Thread.run(Unknown Source) ~[na:na]

[INFO] Tests run: 2, Failures: 0, Errors: 0, Skipped: 0, Time elapsed: 3.431 s -- in org.springframework.samples.petclinic.system.CrashControllerIntegrationTests
[INFO] Running org.springframework.samples.petclinic.PetClinicIntegrationTests
2026-09-30T18:27:07.995+08:00  INFO 10323 --- [           main] t.c.s.AnnotationConfigContextLoaderUtils : Could not detect default configuration classes for test class [org.springframework.samples.petclinic.PetClinicIntegrationTests]: PetClinicIntegrationTests does not declare any static, non-private, non-final, nested classes annotated with @Configuration.
2026-09-30T18:27:08.007+08:00  INFO 10323 --- [           main] .b.t.c.SpringBootTestContextBootstrapper : Found @SpringBootConfiguration org.springframework.samples.petclinic.PetClinicApplication for test class org.springframework.samples.petclinic.PetClinicIntegrationTests
2026-09-30T18:27:08.008+08:00  INFO 10323 --- [           main] t.c.s.AnnotationConfigContextLoaderUtils : Could not detect default configuration classes for test class [org.springframework.samples.petclinic.PetClinicIntegrationTests]: PetClinicIntegrationTests does not declare any static, non-private, non-final, nested classes annotated with @Configuration.
2026-09-30T18:27:08.010+08:00  INFO 10323 --- [           main] .b.t.c.SpringBootTestContextBootstrapper : Found @SpringBootConfiguration org.springframework.samples.petclinic.PetClinicApplication for test class org.springframework.samples.petclinic.PetClinicIntegrationTests
2026-09-30T18:27:08.015+08:00  INFO 10323 --- [           main] o.s.b.d.r.RestartApplicationListener     : Restart disabled due to context in which it is running


              |\      _,,,--,,_
             /,`.-'`'   ._  \-;;,_
  _______ __|,4-  ) )_   .;.(__`'-'__     ___ __    _ ___ _______
 |       | '---''(_/._)-'(_\_)   |   |   |   |  |  | |   |       |
 |    _  |    ___|_     _|       |   |   |   |   |_| |   |       | __ _ _
 |   |_| |   |___  |   | |       |   |   |   |       |   |       | \ \ \ \
 |    ___|    ___| |   | |      _|   |___|   |  _    |   |      _|  \ \ \ \
 |   |   |   |___  |   | |     |_|       |   | | |   |   |     |_    ) ) ) )
 |___|   |_______| |___| |_______|_______|___|_|  |__|___|_______|  / / / /
 ==================================================================/_/_/_/

:: Built with Spring Boot :: 4.1.0


2026-09-30T18:27:08.067+08:00  INFO 10323 --- [           main] o.s.s.p.PetClinicIntegrationTests        : Starting PetClinicIntegrationTests using Java 21.0.11 with PID 10323 (started by jenkins in /var/jenkins_home/workspace/petclinic-ci)
2026-09-30T18:27:08.067+08:00  INFO 10323 --- [           main] o.s.s.p.PetClinicIntegrationTests        : No active profile set, falling back to 1 default profile: "default"
2026-09-30T18:27:08.585+08:00  INFO 10323 --- [           main] .s.d.r.c.RepositoryConfigurationDelegate : Bootstrapping Spring Data JPA repositories in DEFAULT mode.
2026-09-30T18:27:08.656+08:00  INFO 10323 --- [           main] .s.d.r.c.RepositoryConfigurationDelegate : Finished Spring Data repository scanning in 58 ms. Found 4 JPA repository interfaces.
2026-09-30T18:27:08.930+08:00  INFO 10323 --- [           main] o.s.boot.tomcat.TomcatWebServer          : Tomcat initialized with port 0 (http)
2026-09-30T18:27:08.931+08:00  INFO 10323 --- [           main] o.apache.catalina.core.StandardService   : Starting service [Tomcat]
2026-09-30T18:27:08.932+08:00  INFO 10323 --- [           main] o.apache.catalina.core.StandardEngine    : Starting Servlet engine: [Apache Tomcat/11.0.22]
2026-09-30T18:27:08.953+08:00  INFO 10323 --- [           main] b.w.c.s.WebApplicationContextInitializer : Root WebApplicationContext: initialization completed in 882 ms
2026-09-30T18:27:09.089+08:00  INFO 10323 --- [           main] com.zaxxer.hikari.HikariDataSource       : HikariPool-1 - Starting...
2026-09-30T18:27:09.502+08:00  INFO 10323 --- [           main] com.zaxxer.hikari.pool.HikariPool        : HikariPool-1 - Added connection conn0: url=jdbc:h2:mem:914ffb2e-01bf-45a6-a952-d7f73487a998 user=SA
2026-09-30T18:27:09.504+08:00  INFO 10323 --- [           main] com.zaxxer.hikari.HikariDataSource       : HikariPool-1 - Start completed.
2026-09-30T18:27:09.731+08:00  INFO 10323 --- [           main] org.hibernate.orm.jpa                    : HHH008540: Processing PersistenceUnitInfo [name: default]
2026-09-30T18:27:09.811+08:00  INFO 10323 --- [           main] org.hibernate.orm.core                   : HHH000001: Hibernate ORM core version 7.4.1.Final
2026-09-30T18:27:10.255+08:00  INFO 10323 --- [           main] o.s.o.j.p.SpringPersistenceUnitInfo      : No LoadTimeWeaver setup: ignoring JPA class transformer
2026-09-30T18:27:10.374+08:00  INFO 10323 --- [           main] org.hibernate.orm.connections.pooling    : HHH10001005: Database info:
	Database JDBC URL [jdbc:h2:mem:914ffb2e-01bf-45a6-a952-d7f73487a998]
	Database driver: H2 JDBC Driver
	Database dialect: H2Dialect
	Database version: 2.4.240
	Default catalog/schema: 914FFB2E-01BF-45A6-A952-D7F73487A998/PUBLIC
	Autocommit mode: undefined/unknown
	Isolation level: READ_COMMITTED [default READ_COMMITTED]
	JDBC fetch size: 100
	Pool: DataSourceConnectionProvider
	Minimum pool size: undefined/unknown
	Maximum pool size: undefined/unknown
2026-09-30T18:27:11.888+08:00  INFO 10323 --- [           main] org.hibernate.orm.core                   : HHH000489: No JTA platform available (set 'hibernate.transaction.jta.platform' to enable JTA platform integration)
2026-09-30T18:27:11.896+08:00  INFO 10323 --- [           main] j.LocalContainerEntityManagerFactoryBean : Initialized JPA EntityManagerFactory for persistence unit 'default'
2026-09-30T18:27:12.006+08:00  INFO 10323 --- [           main] o.s.d.j.r.query.QueryEnhancerFactories   : Hibernate is in classpath; If applicable, HQL parser will be used.
2026-09-30T18:27:14.829+08:00  INFO 10323 --- [           main] o.s.b.a.e.web.EndpointLinksResolver      : Exposing 13 endpoints beneath base path '/actuator'
2026-09-30T18:27:14.891+08:00  INFO 10323 --- [           main] o.s.boot.tomcat.TomcatWebServer          : Tomcat started on port 46825 (http) with context path '/'
2026-09-30T18:27:14.894+08:00  INFO 10323 --- [           main] o.s.s.p.PetClinicIntegrationTests        : Started PetClinicIntegrationTests in 6.879 seconds (process running for 17.28)
2026-09-30T18:27:15.039+08:00 DEBUG 10323 --- [           main] org.hibernate.SQL                        : select v1_0.id,v1_0.first_name,v1_0.last_name from vets v1_0
2026-09-30T18:27:15.134+08:00 DEBUG 10323 --- [           main] org.hibernate.SQL                        : select s1_0.vet_id,s1_1.id,s1_1.name from vet_specialties s1_0 join specialties s1_1 on s1_1.id=s1_0.specialty_id where s1_0.vet_id in (?,?,?,?,?,?,?,?,?,?,?,?,?,?,?,?)
2026-09-30T18:27:15.163+08:00  INFO 10323 --- [o-auto-2-exec-2] o.a.c.c.C.[Tomcat-1].[localhost].[/]     : Initializing Spring DispatcherServlet 'dispatcherServlet'
2026-09-30T18:27:15.163+08:00  INFO 10323 --- [o-auto-2-exec-2] o.s.web.servlet.DispatcherServlet        : Initializing Servlet 'dispatcherServlet'
2026-09-30T18:27:15.165+08:00  INFO 10323 --- [o-auto-2-exec-2] o.s.web.servlet.DispatcherServlet        : Completed initialization in 2 ms
2026-09-30T18:27:15.213+08:00 DEBUG 10323 --- [o-auto-2-exec-2] org.hibernate.SQL                        : select distinct o1_0.city from owners o1_0 order by o1_0.city
2026-09-30T18:27:15.259+08:00 DEBUG 10323 --- [o-auto-2-exec-2] org.hibernate.SQL                        : select o1_0.id,o1_0.address,o1_0.city,o1_0.first_name,o1_0.last_name,o1_0.telephone from owners o1_0 where o1_0.last_name like ? escape '\' fetch first ? rows only
2026-09-30T18:27:15.267+08:00 DEBUG 10323 --- [o-auto-2-exec-2] org.hibernate.SQL                        : select p1_0.owner_id,p1_0.id,p1_0.birth_date,p1_0.name,t1_0.id,t1_0.name from pets p1_0 left join types t1_0 on t1_0.id=p1_0.type_id where p1_0.owner_id in (?,?,?,?,?,?,?,?,?,?,?,?,?,?,?,?) order by p1_0.name
2026-09-30T18:27:15.276+08:00 DEBUG 10323 --- [o-auto-2-exec-2] org.hibernate.SQL                        : select v1_0.pet_id,v1_0.id,v1_0.visit_date,v1_0.description from visits v1_0 where v1_0.pet_id in (?,?,?,?,?,?,?,?,?,?,?,?,?,?,?,?) order by v1_0.visit_date
2026-09-30T18:27:15.287+08:00 DEBUG 10323 --- [o-auto-2-exec-2] org.hibernate.SQL                        : select count(o1_0.id) from owners o1_0 where o1_0.last_name like ? escape '\'
2026-09-30T18:27:15.412+08:00 DEBUG 10323 --- [o-auto-2-exec-1] org.hibernate.SQL                        : select o1_0.id,o1_0.address,o1_0.city,o1_0.first_name,o1_0.last_name,o1_0.telephone,p1_0.owner_id,p1_0.id,p1_0.birth_date,p1_0.name,t1_0.id,t1_0.name from owners o1_0 left join pets p1_0 on o1_0.id=p1_0.owner_id left join types t1_0 on t1_0.id=p1_0.type_id where o1_0.id=? order by p1_0.name
2026-09-30T18:27:15.417+08:00 DEBUG 10323 --- [o-auto-2-exec-1] org.hibernate.SQL                        : select v1_0.pet_id,v1_0.id,v1_0.visit_date,v1_0.description from visits v1_0 where v1_0.pet_id=? order by v1_0.visit_date
2026-09-30T18:27:15.421+08:00 DEBUG 10323 --- [o-auto-2-exec-1] org.hibernate.SQL                        : select o1_0.id,o1_0.address,o1_0.city,o1_0.first_name,o1_0.last_name,o1_0.telephone,p1_0.owner_id,p1_0.id,p1_0.birth_date,p1_0.name,t1_0.id,t1_0.name from owners o1_0 left join pets p1_0 on o1_0.id=p1_0.owner_id left join types t1_0 on t1_0.id=p1_0.type_id where o1_0.id=? order by p1_0.name
2026-09-30T18:27:15.422+08:00 DEBUG 10323 --- [o-auto-2-exec-1] org.hibernate.SQL                        : select v1_0.pet_id,v1_0.id,v1_0.visit_date,v1_0.description from visits v1_0 where v1_0.pet_id=? order by v1_0.visit_date
[INFO] Tests run: 3, Failures: 0, Errors: 0, Skipped: 0, Time elapsed: 7.468 s -- in org.springframework.samples.petclinic.PetClinicIntegrationTests
[INFO] Running org.springframework.samples.petclinic.vet.VetControllerTests
2026-09-30T18:27:15.465+08:00  INFO 10323 --- [           main] t.c.s.AnnotationConfigContextLoaderUtils : Could not detect default configuration classes for test class [org.springframework.samples.petclinic.vet.VetControllerTests]: VetControllerTests does not declare any static, non-private, non-final, nested classes annotated with @Configuration.
2026-09-30T18:27:15.476+08:00  INFO 10323 --- [           main] .b.t.c.SpringBootTestContextBootstrapper : Found @SpringBootConfiguration org.springframework.samples.petclinic.PetClinicApplication for test class org.springframework.samples.petclinic.vet.VetControllerTests
2026-09-30T18:27:15.476+08:00  INFO 10323 --- [           main] t.c.s.AnnotationConfigContextLoaderUtils : Could not detect default configuration classes for test class [org.springframework.samples.petclinic.vet.VetControllerTests]: VetControllerTests does not declare any static, non-private, non-final, nested classes annotated with @Configuration.
2026-09-30T18:27:15.481+08:00  INFO 10323 --- [           main] .b.t.c.SpringBootTestContextBootstrapper : Found @SpringBootConfiguration org.springframework.samples.petclinic.PetClinicApplication for test class org.springframework.samples.petclinic.vet.VetControllerTests
2026-09-30T18:27:15.486+08:00  INFO 10323 --- [           main] o.s.b.d.r.RestartApplicationListener     : Restart disabled due to context in which it is running


              |\      _,,,--,,_
             /,`.-'`'   ._  \-;;,_
  _______ __|,4-  ) )_   .;.(__`'-'__     ___ __    _ ___ _______
 |       | '---''(_/._)-'(_\_)   |   |   |   |  |  | |   |       |
 |    _  |    ___|_     _|       |   |   |   |   |_| |   |       | __ _ _
 |   |_| |   |___  |   | |       |   |   |   |       |   |       | \ \ \ \
 |    ___|    ___| |   | |      _|   |___|   |  _    |   |      _|  \ \ \ \
 |   |   |   |___  |   | |     |_|       |   | | |   |   |     |_    ) ) ) )
 |___|   |_______| |___| |_______|_______|___|_|  |__|___|_______|  / / / /
 ==================================================================/_/_/_/

:: Built with Spring Boot :: 4.1.0


2026-09-30T18:27:15.501+08:00  INFO 10323 --- [           main] o.s.s.petclinic.vet.VetControllerTests   : Starting VetControllerTests using Java 21.0.11 with PID 10323 (started by jenkins in /var/jenkins_home/workspace/petclinic-ci)
2026-09-30T18:27:15.501+08:00  INFO 10323 --- [           main] o.s.s.petclinic.vet.VetControllerTests   : No active profile set, falling back to 1 default profile: "default"
2026-09-30T18:27:15.764+08:00  INFO 10323 --- [           main] o.s.b.t.m.w.SpringBootMockServletContext : Initializing Spring TestDispatcherServlet ''
2026-09-30T18:27:15.764+08:00  INFO 10323 --- [           main] o.s.t.web.servlet.TestDispatcherServlet  : Initializing Servlet ''
2026-09-30T18:27:15.765+08:00  INFO 10323 --- [           main] o.s.t.web.servlet.TestDispatcherServlet  : Completed initialization in 1 ms
2026-09-30T18:27:15.770+08:00  INFO 10323 --- [           main] o.s.s.petclinic.vet.VetControllerTests   : Started VetControllerTests in 0.285 seconds (process running for 18.156)
[INFO] Tests run: 2, Failures: 0, Errors: 0, Skipped: 0, Time elapsed: 0.438 s -- in org.springframework.samples.petclinic.vet.VetControllerTests
[INFO] Running org.springframework.samples.petclinic.vet.VetTests
[INFO] Tests run: 1, Failures: 0, Errors: 0, Skipped: 0, Time elapsed: 0.020 s -- in org.springframework.samples.petclinic.vet.VetTests
[INFO] Running org.springframework.samples.petclinic.service.ClinicServiceTests
2026-09-30T18:27:15.926+08:00  INFO 10323 --- [           main] t.c.s.AnnotationConfigContextLoaderUtils : Could not detect default configuration classes for test class [org.springframework.samples.petclinic.service.ClinicServiceTests]: ClinicServiceTests does not declare any static, non-private, non-final, nested classes annotated with @Configuration.
2026-09-30T18:27:15.962+08:00  INFO 10323 --- [           main] .b.t.c.SpringBootTestContextBootstrapper : Found @SpringBootConfiguration org.springframework.samples.petclinic.PetClinicApplication for test class org.springframework.samples.petclinic.service.ClinicServiceTests
2026-09-30T18:27:15.962+08:00  INFO 10323 --- [           main] t.c.s.AnnotationConfigContextLoaderUtils : Could not detect default configuration classes for test class [org.springframework.samples.petclinic.service.ClinicServiceTests]: ClinicServiceTests does not declare any static, non-private, non-final, nested classes annotated with @Configuration.
2026-09-30T18:27:15.968+08:00  INFO 10323 --- [           main] .b.t.c.SpringBootTestContextBootstrapper : Found @SpringBootConfiguration org.springframework.samples.petclinic.PetClinicApplication for test class org.springframework.samples.petclinic.service.ClinicServiceTests
2026-09-30T18:27:15.972+08:00  INFO 10323 --- [           main] o.s.b.d.r.RestartApplicationListener     : Restart disabled due to context in which it is running


              |\      _,,,--,,_
             /,`.-'`'   ._  \-;;,_
  _______ __|,4-  ) )_   .;.(__`'-'__     ___ __    _ ___ _______
 |       | '---''(_/._)-'(_\_)   |   |   |   |  |  | |   |       |
 |    _  |    ___|_     _|       |   |   |   |   |_| |   |       | __ _ _
 |   |_| |   |___  |   | |       |   |   |   |       |   |       | \ \ \ \
 |    ___|    ___| |   | |      _|   |___|   |  _    |   |      _|  \ \ \ \
 |   |   |   |___  |   | |     |_|       |   | | |   |   |     |_    ) ) ) )
 |___|   |_______| |___| |_______|_______|___|_|  |__|___|_______|  / / / /
 ==================================================================/_/_/_/

:: Built with Spring Boot :: 4.1.0


2026-09-30T18:27:15.988+08:00  INFO 10323 --- [           main] o.s.s.p.service.ClinicServiceTests       : Starting ClinicServiceTests using Java 21.0.11 with PID 10323 (started by jenkins in /var/jenkins_home/workspace/petclinic-ci)
2026-09-30T18:27:15.988+08:00  INFO 10323 --- [           main] o.s.s.p.service.ClinicServiceTests       : No active profile set, falling back to 1 default profile: "default"
2026-09-30T18:27:16.059+08:00  INFO 10323 --- [           main] .s.d.r.c.RepositoryConfigurationDelegate : Bootstrapping Spring Data JPA repositories in DEFAULT mode.
2026-09-30T18:27:16.069+08:00  INFO 10323 --- [           main] .s.d.r.c.RepositoryConfigurationDelegate : Finished Spring Data repository scanning in 8 ms. Found 4 JPA repository interfaces.
2026-09-30T18:27:16.107+08:00  INFO 10323 --- [           main] com.zaxxer.hikari.HikariDataSource       : HikariPool-2 - Starting...
2026-09-30T18:27:16.110+08:00  INFO 10323 --- [           main] com.zaxxer.hikari.pool.HikariPool        : HikariPool-2 - Added connection conn10: url=jdbc:h2:mem:a936f30f-5113-4ac9-a680-7fa708d336f9 user=SA
2026-09-30T18:27:16.110+08:00  INFO 10323 --- [           main] com.zaxxer.hikari.HikariDataSource       : HikariPool-2 - Start completed.
2026-09-30T18:27:16.161+08:00  INFO 10323 --- [           main] org.hibernate.orm.jpa                    : HHH008540: Processing PersistenceUnitInfo [name: default]
2026-09-30T18:27:16.187+08:00  INFO 10323 --- [           main] o.s.o.j.p.SpringPersistenceUnitInfo      : No LoadTimeWeaver setup: ignoring JPA class transformer
2026-09-30T18:27:16.188+08:00  INFO 10323 --- [           main] org.hibernate.orm.connections.pooling    : HHH10001005: Database info:
	Database JDBC URL [jdbc:h2:mem:a936f30f-5113-4ac9-a680-7fa708d336f9]
	Database driver: H2 JDBC Driver
	Database dialect: H2Dialect
	Database version: 2.4.240
	Default catalog/schema: A936F30F-5113-4AC9-A680-7FA708D336F9/PUBLIC
	Autocommit mode: undefined/unknown
	Isolation level: READ_COMMITTED [default READ_COMMITTED]
	JDBC fetch size: 100
	Pool: DataSourceConnectionProvider
	Minimum pool size: undefined/unknown
	Maximum pool size: undefined/unknown
2026-09-30T18:27:16.258+08:00  INFO 10323 --- [           main] org.hibernate.orm.core                   : HHH000489: No JTA platform available (set 'hibernate.transaction.jta.platform' to enable JTA platform integration)
2026-09-30T18:27:16.259+08:00  INFO 10323 --- [           main] j.LocalContainerEntityManagerFactoryBean : Initialized JPA EntityManagerFactory for persistence unit 'default'
2026-09-30T18:27:16.320+08:00  INFO 10323 --- [           main] o.s.s.p.service.ClinicServiceTests       : Started ClinicServiceTests in 0.348 seconds (process running for 18.706)
Hibernate: select v1_0.id,v1_0.first_name,v1_0.last_name from vets v1_0
Hibernate: select s1_0.vet_id,s1_1.id,s1_1.name from vet_specialties s1_0 join specialties s1_1 on s1_1.id=s1_0.specialty_id where s1_0.vet_id in (?,?,?,?,?,?,?,?,?,?,?,?,?,?,?,?)
Hibernate: select o1_0.id,o1_0.address,o1_0.city,o1_0.first_name,o1_0.last_name,o1_0.telephone from owners o1_0 where o1_0.last_name like ? escape '\'
Hibernate: select p1_0.owner_id,p1_0.id,p1_0.birth_date,p1_0.name,t1_0.id,t1_0.name from pets p1_0 left join types t1_0 on t1_0.id=p1_0.type_id where p1_0.owner_id in (?,?,?,?,?,?,?,?,?,?,?,?,?,?,?,?) order by p1_0.name
Hibernate: select v1_0.pet_id,v1_0.id,v1_0.visit_date,v1_0.description from visits v1_0 where v1_0.pet_id in (?,?,?,?,?,?,?,?,?,?,?,?,?,?,?,?) order by v1_0.visit_date
Hibernate: select o1_0.id,o1_0.address,o1_0.city,o1_0.first_name,o1_0.last_name,o1_0.telephone from owners o1_0 where o1_0.last_name like ? escape '\'
Hibernate: select o1_0.id,o1_0.address,o1_0.city,o1_0.first_name,o1_0.last_name,o1_0.telephone,p1_0.owner_id,p1_0.id,p1_0.birth_date,p1_0.name,t1_0.id,t1_0.name from owners o1_0 left join pets p1_0 on o1_0.id=p1_0.owner_id left join types t1_0 on t1_0.id=p1_0.type_id where o1_0.id=? order by p1_0.name
Hibernate: select v1_0.pet_id,v1_0.id,v1_0.visit_date,v1_0.description from visits v1_0 where v1_0.pet_id=? order by v1_0.visit_date
Hibernate: select pt1_0.id,pt1_0.name from types pt1_0 order by pt1_0.name
Hibernate: insert into pets (birth_date,name,type_id,id) values (?,?,?,default)
Hibernate: update pets set owner_id=? where id=?
Hibernate: insert into pets (birth_date,name,type_id,id) values (?,?,?,default)
Hibernate: update pets set owner_id=? where id=?
2026-09-30T18:27:16.499+08:00  WARN 10323 --- [           main] org.hibernate.orm.jdbc.error             : HHH000247: ErrorCode: 23505, SQLState: 23505
2026-09-30T18:27:16.499+08:00  WARN 10323 --- [           main] org.hibernate.orm.jdbc.error             : Unique index or primary key violation: "PUBLIC.UNIQUE_OWNER_PET_NAME INDEX PUBLIC.UNIQUE_OWNER_PET_NAME_INDEX_2 ON PUBLIC.PETS(OWNER_ID NULLS FIRST, NAME NULLS FIRST) VALUES ( /* key:14 */ 1, CAST('DuplicatePetName' AS VARCHAR_IGNORECASE(16)))"; SQL statement:
update pets set owner_id=? where id=? [23505-240]
Hibernate: select o1_0.id,o1_0.address,o1_0.city,o1_0.first_name,o1_0.last_name,o1_0.telephone,p1_0.owner_id,p1_0.id,p1_0.birth_date,p1_0.name,t1_0.id,t1_0.name from owners o1_0 left join pets p1_0 on o1_0.id=p1_0.owner_id left join types t1_0 on t1_0.id=p1_0.type_id where o1_0.id=? order by p1_0.name
Hibernate: select v1_0.pet_id,v1_0.id,v1_0.visit_date,v1_0.description from visits v1_0 where v1_0.pet_id in (?,?,?,?,?,?,?,?,?,?,?,?,?,?,?,?) order by v1_0.visit_date
Hibernate: insert into visits (visit_date,description,id) values (?,?,default)
Hibernate: select o1_0.id,o1_0.address,o1_0.city,o1_0.first_name,o1_0.last_name,o1_0.telephone,p1_0.owner_id,p1_0.id,p1_0.birth_date,p1_0.name,t1_0.id,t1_0.name from owners o1_0 left join pets p1_0 on o1_0.id=p1_0.owner_id left join types t1_0 on t1_0.id=p1_0.type_id where o1_0.id=? order by p1_0.name
Hibernate: select v1_0.pet_id,v1_0.id,v1_0.visit_date,v1_0.description from visits v1_0 where v1_0.pet_id=? order by v1_0.visit_date
Hibernate: select o1_0.id,o1_0.address,o1_0.city,o1_0.first_name,o1_0.last_name,o1_0.telephone,p1_0.owner_id,p1_0.id,p1_0.birth_date,p1_0.name,t1_0.id,t1_0.name from owners o1_0 left join pets p1_0 on o1_0.id=p1_0.owner_id left join types t1_0 on t1_0.id=p1_0.type_id where o1_0.id=? order by p1_0.name
Hibernate: select v1_0.pet_id,v1_0.id,v1_0.visit_date,v1_0.description from visits v1_0 where v1_0.pet_id in (?,?,?,?,?,?,?,?,?,?,?,?,?,?,?,?) order by v1_0.visit_date
Hibernate: select o1_0.id,o1_0.address,o1_0.city,o1_0.first_name,o1_0.last_name,o1_0.telephone,p1_0.owner_id,p1_0.id,p1_0.birth_date,p1_0.name,t1_0.id,t1_0.name from owners o1_0 left join pets p1_0 on o1_0.id=p1_0.owner_id left join types t1_0 on t1_0.id=p1_0.type_id where o1_0.id=? order by p1_0.name
Hibernate: select v1_0.pet_id,v1_0.id,v1_0.visit_date,v1_0.description from visits v1_0 where v1_0.pet_id in (?,?,?,?,?,?,?,?,?,?,?,?,?,?,?,?) order by v1_0.visit_date
Hibernate: select pt1_0.id,pt1_0.name from types pt1_0 order by pt1_0.name
Hibernate: insert into pets (birth_date,name,type_id,id) values (?,?,?,default)
Hibernate: select o1_0.id,o1_0.address,o1_0.city,o1_0.first_name,o1_0.last_name,o1_0.telephone from owners o1_0 where o1_0.last_name like ? escape '\'
Hibernate: insert into owners (address,city,first_name,last_name,telephone,id) values (?,?,?,?,?,default)
Hibernate: select o1_0.id,o1_0.address,o1_0.city,o1_0.first_name,o1_0.last_name,o1_0.telephone from owners o1_0 where o1_0.last_name like ? escape '\'
Hibernate: select o1_0.id,o1_0.address,o1_0.city,o1_0.first_name,o1_0.last_name,o1_0.telephone,p1_0.owner_id,p1_0.id,p1_0.birth_date,p1_0.name,t1_0.id,t1_0.name from owners o1_0 left join pets p1_0 on o1_0.id=p1_0.owner_id left join types t1_0 on t1_0.id=p1_0.type_id where o1_0.id=? order by p1_0.name
Hibernate: select v1_0.pet_id,v1_0.id,v1_0.visit_date,v1_0.description from visits v1_0 where v1_0.pet_id=? order by v1_0.visit_date
Hibernate: select o1_0.id,o1_0.address,o1_0.city,o1_0.first_name,o1_0.last_name,o1_0.telephone,p1_0.owner_id,p1_0.id,p1_0.birth_date,p1_0.name,t1_0.id,t1_0.name from owners o1_0 left join pets p1_0 on o1_0.id=p1_0.owner_id left join types t1_0 on t1_0.id=p1_0.type_id where o1_0.id=? order by p1_0.name
Hibernate: select v1_0.pet_id,v1_0.id,v1_0.visit_date,v1_0.description from visits v1_0 where v1_0.pet_id in (?,?,?,?,?,?,?,?,?,?,?,?,?,?,?,?) order by v1_0.visit_date
Hibernate: select pt1_0.id,pt1_0.name from types pt1_0 order by pt1_0.name
Hibernate: select pt1_0.id,pt1_0.name from types pt1_0 order by pt1_0.name
Hibernate: select o1_0.id,o1_0.address,o1_0.city,o1_0.first_name,o1_0.last_name,o1_0.telephone,p1_0.owner_id,p1_0.id,p1_0.birth_date,p1_0.name,t1_0.id,t1_0.name from owners o1_0 left join pets p1_0 on o1_0.id=p1_0.owner_id left join types t1_0 on t1_0.id=p1_0.type_id where o1_0.id=? order by p1_0.name
Hibernate: select v1_0.pet_id,v1_0.id,v1_0.visit_date,v1_0.description from visits v1_0 where v1_0.pet_id=? order by v1_0.visit_date
Hibernate: insert into pets (birth_date,name,type_id,id) values (?,?,?,default)
Hibernate: update pets set owner_id=? where id=?
Hibernate: select o1_0.id,o1_0.address,o1_0.city,o1_0.first_name,o1_0.last_name,o1_0.telephone,p1_0.owner_id,p1_0.id,p1_0.birth_date,p1_0.name,t1_0.id,t1_0.name from owners o1_0 left join pets p1_0 on o1_0.id=p1_0.owner_id left join types t1_0 on t1_0.id=p1_0.type_id where o1_0.id=? order by p1_0.name
Hibernate: select v1_0.pet_id,v1_0.id,v1_0.visit_date,v1_0.description from visits v1_0 where v1_0.pet_id=? order by v1_0.visit_date
Hibernate: insert into pets (birth_date,name,type_id,id) values (?,?,?,default)
Hibernate: update pets set owner_id=? where id=?
[INFO] Tests run: 12, Failures: 0, Errors: 0, Skipped: 0, Time elapsed: 0.732 s -- in org.springframework.samples.petclinic.service.ClinicServiceTests
[INFO] Running org.springframework.samples.petclinic.model.ValidatorTests
[INFO] Tests run: 2, Failures: 0, Errors: 0, Skipped: 0, Time elapsed: 0.049 s -- in org.springframework.samples.petclinic.model.ValidatorTests
[INFO] Running org.springframework.samples.petclinic.PetClinicConcurrencyTests
2026-09-30T18:27:16.711+08:00  INFO 10323 --- [           main] t.c.s.AnnotationConfigContextLoaderUtils : Could not detect default configuration classes for test class [org.springframework.samples.petclinic.PetClinicConcurrencyTests]: PetClinicConcurrencyTests does not declare any static, non-private, non-final, nested classes annotated with @Configuration.
2026-09-30T18:27:16.715+08:00  INFO 10323 --- [           main] .b.t.c.SpringBootTestContextBootstrapper : Found @SpringBootConfiguration org.springframework.samples.petclinic.PetClinicApplication for test class org.springframework.samples.petclinic.PetClinicConcurrencyTests
2026-09-30T18:27:16.716+08:00  INFO 10323 --- [           main] t.c.s.AnnotationConfigContextLoaderUtils : Could not detect default configuration classes for test class [org.springframework.samples.petclinic.PetClinicConcurrencyTests]: PetClinicConcurrencyTests does not declare any static, non-private, non-final, nested classes annotated with @Configuration.
2026-09-30T18:27:16.717+08:00  INFO 10323 --- [           main] .b.t.c.SpringBootTestContextBootstrapper : Found @SpringBootConfiguration org.springframework.samples.petclinic.PetClinicApplication for test class org.springframework.samples.petclinic.PetClinicConcurrencyTests
2026-09-30T18:27:16.721+08:00  INFO 10323 --- [           main] o.s.b.d.r.RestartApplicationListener     : Restart disabled due to context in which it is running


              |\      _,,,--,,_
             /,`.-'`'   ._  \-;;,_
  _______ __|,4-  ) )_   .;.(__`'-'__     ___ __    _ ___ _______
 |       | '---''(_/._)-'(_\_)   |   |   |   |  |  | |   |       |
 |    _  |    ___|_     _|       |   |   |   |   |_| |   |       | __ _ _
 |   |_| |   |___  |   | |       |   |   |   |       |   |       | \ \ \ \
 |    ___|    ___| |   | |      _|   |___|   |  _    |   |      _|  \ \ \ \
 |   |   |   |___  |   | |     |_|       |   | | |   |   |     |_    ) ) ) )
 |___|   |_______| |___| |_______|_______|___|_|  |__|___|_______|  / / / /
 ==================================================================/_/_/_/

:: Built with Spring Boot :: 4.1.0


2026-09-30T18:27:16.771+08:00  INFO 10323 --- [           main] o.s.s.p.PetClinicConcurrencyTests        : Starting PetClinicConcurrencyTests using Java 21.0.11 with PID 10323 (started by jenkins in /var/jenkins_home/workspace/petclinic-ci)
2026-09-30T18:27:16.771+08:00  INFO 10323 --- [           main] o.s.s.p.PetClinicConcurrencyTests        : No active profile set, falling back to 1 default profile: "default"
2026-09-30T18:27:16.980+08:00  INFO 10323 --- [           main] .s.d.r.c.RepositoryConfigurationDelegate : Bootstrapping Spring Data JPA repositories in DEFAULT mode.
2026-09-30T18:27:16.990+08:00  INFO 10323 --- [           main] .s.d.r.c.RepositoryConfigurationDelegate : Finished Spring Data repository scanning in 9 ms. Found 4 JPA repository interfaces.
2026-09-30T18:27:17.178+08:00  INFO 10323 --- [           main] o.s.boot.tomcat.TomcatWebServer          : Tomcat initialized with port 0 (http)
2026-09-30T18:27:17.179+08:00  INFO 10323 --- [           main] o.apache.catalina.core.StandardService   : Starting service [Tomcat]
2026-09-30T18:27:17.179+08:00  INFO 10323 --- [           main] o.apache.catalina.core.StandardEngine    : Starting Servlet engine: [Apache Tomcat/11.0.22]
2026-09-30T18:27:17.190+08:00  INFO 10323 --- [           main] b.w.c.s.WebApplicationContextInitializer : Root WebApplicationContext: initialization completed in 417 ms
2026-09-30T18:27:17.235+08:00  INFO 10323 --- [           main] com.zaxxer.hikari.HikariDataSource       : HikariPool-3 - Starting...
2026-09-30T18:27:17.237+08:00  INFO 10323 --- [           main] com.zaxxer.hikari.pool.HikariPool        : HikariPool-3 - Added connection conn20: url=jdbc:h2:mem:7b4a2cd5-333f-49a4-9838-089b7d01f564 user=SA
2026-09-30T18:27:17.251+08:00  INFO 10323 --- [           main] com.zaxxer.hikari.HikariDataSource       : HikariPool-3 - Start completed.
2026-09-30T18:27:17.279+08:00  INFO 10323 --- [           main] org.hibernate.orm.jpa                    : HHH008540: Processing PersistenceUnitInfo [name: default]
2026-09-30T18:27:17.295+08:00  INFO 10323 --- [           main] o.s.o.j.p.SpringPersistenceUnitInfo      : No LoadTimeWeaver setup: ignoring JPA class transformer
2026-09-30T18:27:17.297+08:00  INFO 10323 --- [           main] org.hibernate.orm.connections.pooling    : HHH10001005: Database info:
	Database JDBC URL [jdbc:h2:mem:7b4a2cd5-333f-49a4-9838-089b7d01f564]
	Database driver: H2 JDBC Driver
	Database dialect: H2Dialect
	Database version: 2.4.240
	Default catalog/schema: 7B4A2CD5-333F-49A4-9838-089B7D01F564/PUBLIC
	Autocommit mode: undefined/unknown
	Isolation level: READ_COMMITTED [default READ_COMMITTED]
	JDBC fetch size: 100
	Pool: DataSourceConnectionProvider
	Minimum pool size: undefined/unknown
	Maximum pool size: undefined/unknown
2026-09-30T18:27:17.369+08:00  INFO 10323 --- [           main] org.hibernate.orm.core                   : HHH000489: No JTA platform available (set 'hibernate.transaction.jta.platform' to enable JTA platform integration)
2026-09-30T18:27:17.370+08:00  INFO 10323 --- [           main] j.LocalContainerEntityManagerFactoryBean : Initialized JPA EntityManagerFactory for persistence unit 'default'
2026-09-30T18:27:17.620+08:00  INFO 10323 --- [           main] o.s.b.a.e.web.EndpointLinksResolver      : Exposing 13 endpoints beneath base path '/actuator'
2026-09-30T18:27:17.637+08:00  INFO 10323 --- [           main] o.s.boot.tomcat.TomcatWebServer          : Tomcat started on port 33133 (http) with context path '/'
2026-09-30T18:27:17.651+08:00  INFO 10323 --- [           main] o.s.s.p.PetClinicConcurrencyTests        : Started PetClinicConcurrencyTests in 0.929 seconds (process running for 20.037)
2026-09-30T18:27:17.680+08:00  INFO 10323 --- [o-auto-3-exec-2] o.a.c.c.C.[Tomcat-2].[localhost].[/]     : Initializing Spring DispatcherServlet 'dispatcherServlet'
2026-09-30T18:27:17.681+08:00  INFO 10323 --- [o-auto-3-exec-2] o.s.web.servlet.DispatcherServlet        : Initializing Servlet 'dispatcherServlet'
2026-09-30T18:27:17.682+08:00  INFO 10323 --- [o-auto-3-exec-2] o.s.web.servlet.DispatcherServlet        : Completed initialization in 1 ms
2026-09-30T18:27:17.712+08:00  WARN 10323 --- [o-auto-3-exec-2] org.hibernate.orm.jdbc.error             : HHH000247: ErrorCode: 23505, SQLState: 23505
2026-09-30T18:27:17.712+08:00  WARN 10323 --- [o-auto-3-exec-2] org.hibernate.orm.jdbc.error             : Unique index or primary key violation: "PUBLIC.UNIQUE_OWNER_PET_NAME INDEX PUBLIC.UNIQUE_OWNER_PET_NAME_INDEX_2 ON PUBLIC.PETS(OWNER_ID NULLS FIRST, NAME NULLS FIRST) VALUES ( /* key:14 */ 1, CAST('ConcurrencyTestPet' AS VARCHAR_IGNORECASE(18)))"; SQL statement:
update pets set owner_id=? where id=? [23505-240]
--- Concurrency Test Assertions ---
Successful additions: 1
Failed additions: 1
Original Pet Count: 1
Final Pet Count: 2
[INFO] Tests run: 1, Failures: 0, Errors: 0, Skipped: 0, Time elapsed: 1.098 s -- in org.springframework.samples.petclinic.PetClinicConcurrencyTests
2026-09-30T18:27:17.854+08:00  INFO 10323 --- [           main] org.testcontainers.DockerClientFactory   : Testcontainers version: 2.0.5
2026-09-30T18:27:18.254+08:00  INFO 10323 --- [           main] o.t.d.DockerClientProviderStrategy       : Loaded org.testcontainers.dockerclient.UnixSocketClientProviderStrategy from ~/.testcontainers.properties, will try it first
2026-09-30T18:27:18.631+08:00  INFO 10323 --- [           main] o.t.d.DockerClientProviderStrategy       : Found Docker environment with local Unix socket (unix:///var/run/docker.sock)
2026-09-30T18:27:18.632+08:00  INFO 10323 --- [           main] org.testcontainers.DockerClientFactory   : Docker host IP address is 192.168.1.58
2026-09-30T18:27:18.654+08:00  INFO 10323 --- [           main] org.testcontainers.DockerClientFactory   : Connected to docker: 
  Server Version: 29.6.2
  API Version: 1.55
  Operating System: Ubuntu 24.04.4 LTS
  Total Memory: 19946 MB
2026-09-30T18:27:18.670+08:00  INFO 10323 --- [           main] org.testcontainers.images.PullPolicy     : Image pull policy will be performed by: DefaultPullPolicy()
2026-09-30T18:27:18.672+08:00  INFO 10323 --- [           main] o.t.utility.ImageNameSubstitutor         : Image name substitution will be performed by: DefaultImageNameSubstitutor (composite of 'ConfigurationFileImageNameSubstitutor' and 'PrefixingImageNameSubstitutor')
2026-09-30T18:27:19.502+08:00  INFO 10323 --- [           main] tc.testcontainers/ryuk:0.14.0            : Creating container for image: testcontainers/ryuk:0.14.0
2026-09-30T18:27:19.710+08:00  INFO 10323 --- [           main] tc.testcontainers/ryuk:0.14.0            : Container testcontainers/ryuk:0.14.0 is starting: 395521f6ade496be2001b5e7a145b2a3ecefe09867536d7ef51d76b2991ab9a0
2026-09-30T18:27:20.049+08:00  INFO 10323 --- [           main] tc.testcontainers/ryuk:0.14.0            : Container testcontainers/ryuk:0.14.0 started in PT0.546928865S
2026-09-30T18:27:20.055+08:00  INFO 10323 --- [           main] o.t.utility.RyukResourceReaper           : Ryuk started - will monitor and terminate Testcontainers containers on JVM exit
2026-09-30T18:27:20.056+08:00  INFO 10323 --- [           main] org.testcontainers.DockerClientFactory   : Checking the system...
2026-09-30T18:27:20.057+08:00  INFO 10323 --- [           main] org.testcontainers.DockerClientFactory   : ✔︎ Docker server version should be at least 1.6.0
[INFO] Running org.springframework.samples.petclinic.MySqlIntegrationTests
2026-09-30T18:27:20.060+08:00  INFO 10323 --- [           main] t.c.s.AnnotationConfigContextLoaderUtils : Could not detect default configuration classes for test class [org.springframework.samples.petclinic.MySqlIntegrationTests]: MySqlIntegrationTests does not declare any static, non-private, non-final, nested classes annotated with @Configuration.
2026-09-30T18:27:20.073+08:00  INFO 10323 --- [           main] .b.t.c.SpringBootTestContextBootstrapper : Found @SpringBootConfiguration org.springframework.samples.petclinic.PetClinicApplication for test class org.springframework.samples.petclinic.MySqlIntegrationTests
2026-09-30T18:27:20.074+08:00  INFO 10323 --- [           main] t.c.s.AnnotationConfigContextLoaderUtils : Could not detect default configuration classes for test class [org.springframework.samples.petclinic.MySqlIntegrationTests]: MySqlIntegrationTests does not declare any static, non-private, non-final, nested classes annotated with @Configuration.
2026-09-30T18:27:20.079+08:00  INFO 10323 --- [           main] .b.t.c.SpringBootTestContextBootstrapper : Found @SpringBootConfiguration org.springframework.samples.petclinic.PetClinicApplication for test class org.springframework.samples.petclinic.MySqlIntegrationTests
2026-09-30T18:27:20.087+08:00  INFO 10323 --- [           main] tc.mysql:9.7                             : Creating container for image: mysql:9.7
2026-09-30T18:27:20.168+08:00  INFO 10323 --- [           main] tc.mysql:9.7                             : Container mysql:9.7 is starting: b96a2f47e3459ac95a5424ce70f12aa8ec15c55ba108342f579c2c1b066a9816
2026-09-30T18:27:20.383+08:00  INFO 10323 --- [           main] tc.mysql:9.7                             : Waiting for database connection to become available at jdbc:mysql://192.168.1.58:32778/test using query 'SELECT 1'
2026-09-30T18:27:32.742+08:00  INFO 10323 --- [           main] tc.mysql:9.7                             : Container mysql:9.7 started in PT12.654364415S
2026-09-30T18:27:32.742+08:00  INFO 10323 --- [           main] tc.mysql:9.7                             : Container is started (JDBC URL: jdbc:mysql://192.168.1.58:32778/test)
2026-09-30T18:27:32.750+08:00  INFO 10323 --- [           main] o.s.b.d.r.RestartApplicationListener     : Restart disabled due to context in which it is running


              |\      _,,,--,,_
             /,`.-'`'   ._  \-;;,_
  _______ __|,4-  ) )_   .;.(__`'-'__     ___ __    _ ___ _______
 |       | '---''(_/._)-'(_\_)   |   |   |   |  |  | |   |       |
 |    _  |    ___|_     _|       |   |   |   |   |_| |   |       | __ _ _
 |   |_| |   |___  |   | |       |   |   |   |       |   |       | \ \ \ \
 |    ___|    ___| |   | |      _|   |___|   |  _    |   |      _|  \ \ \ \
 |   |   |   |___  |   | |     |_|       |   | | |   |   |     |_    ) ) ) )
 |___|   |_______| |___| |_______|_______|___|_|  |__|___|_______|  / / / /
 ==================================================================/_/_/_/

:: Built with Spring Boot :: 4.1.0


2026-09-30T18:27:32.809+08:00  INFO 10323 --- [           main] o.s.s.petclinic.MySqlIntegrationTests    : Starting MySqlIntegrationTests using Java 21.0.11 with PID 10323 (started by jenkins in /var/jenkins_home/workspace/petclinic-ci)
2026-09-30T18:27:32.810+08:00  INFO 10323 --- [           main] o.s.s.petclinic.MySqlIntegrationTests    : The following 1 profile is active: "mysql"
2026-09-30T18:27:33.321+08:00  INFO 10323 --- [           main] .s.d.r.c.RepositoryConfigurationDelegate : Bootstrapping Spring Data JPA repositories in DEFAULT mode.
2026-09-30T18:27:33.341+08:00  INFO 10323 --- [           main] .s.d.r.c.RepositoryConfigurationDelegate : Finished Spring Data repository scanning in 15 ms. Found 4 JPA repository interfaces.
2026-09-30T18:27:33.521+08:00  INFO 10323 --- [           main] o.s.boot.tomcat.TomcatWebServer          : Tomcat initialized with port 0 (http)
2026-09-30T18:27:33.522+08:00  INFO 10323 --- [           main] o.apache.catalina.core.StandardService   : Starting service [Tomcat]
2026-09-30T18:27:33.522+08:00  INFO 10323 --- [           main] o.apache.catalina.core.StandardEngine    : Starting Servlet engine: [Apache Tomcat/11.0.22]
2026-09-30T18:27:33.599+08:00  INFO 10323 --- [           main] b.w.c.s.WebApplicationContextInitializer : Root WebApplicationContext: initialization completed in 784 ms
2026-09-30T18:27:33.692+08:00  INFO 10323 --- [           main] com.zaxxer.hikari.HikariDataSource       : HikariPool-4 - Starting...
2026-09-30T18:27:33.882+08:00  INFO 10323 --- [           main] com.zaxxer.hikari.pool.HikariPool        : HikariPool-4 - Added connection com.mysql.cj.jdbc.ConnectionImpl@597153e7
2026-09-30T18:27:33.882+08:00  INFO 10323 --- [           main] com.zaxxer.hikari.HikariDataSource       : HikariPool-4 - Start completed.
2026-09-30T18:27:34.231+08:00  INFO 10323 --- [           main] org.hibernate.orm.jpa                    : HHH008540: Processing PersistenceUnitInfo [name: default]
2026-09-30T18:27:34.246+08:00  INFO 10323 --- [           main] o.s.o.j.p.SpringPersistenceUnitInfo      : No LoadTimeWeaver setup: ignoring JPA class transformer
2026-09-30T18:27:34.267+08:00  INFO 10323 --- [           main] org.hibernate.orm.connections.pooling    : HHH10001005: Database info:
	Database JDBC URL [jdbc:mysql://192.168.1.58:32778/test]
	Database driver: MySQL Connector/J
	Database dialect: MySQLDialect
	Database version: 9.7.2
	Default catalog/schema: test/undefined
	Autocommit mode: undefined/unknown
	Isolation level: REPEATABLE_READ [default REPEATABLE_READ]
	JDBC fetch size: none
	Pool: DataSourceConnectionProvider
	Minimum pool size: undefined/unknown
	Maximum pool size: undefined/unknown
2026-09-30T18:27:34.383+08:00  INFO 10323 --- [           main] org.hibernate.orm.core                   : HHH000489: No JTA platform available (set 'hibernate.transaction.jta.platform' to enable JTA platform integration)
2026-09-30T18:27:34.383+08:00  INFO 10323 --- [           main] j.LocalContainerEntityManagerFactoryBean : Initialized JPA EntityManagerFactory for persistence unit 'default'
2026-09-30T18:27:34.394+08:00  INFO 10323 --- [           main] tc.mysql:9.7                             : Creating container for image: mysql:9.7
2026-09-30T18:27:34.669+08:00  INFO 10323 --- [           main] tc.mysql:9.7                             : Container mysql:9.7 is starting: 5f9c494edef8896910bdd30dcfdce67dffd790c9413629ad0d8790fd01ccebc5
2026-09-30T18:27:34.970+08:00  INFO 10323 --- [           main] tc.mysql:9.7                             : Waiting for database connection to become available at jdbc:mysql://192.168.1.58:32779/test using query 'SELECT 1'
2026-09-30T18:27:45.703+08:00  INFO 10323 --- [           main] tc.mysql:9.7                             : Container mysql:9.7 started in PT11.308845345S
2026-09-30T18:27:45.704+08:00  INFO 10323 --- [           main] tc.mysql:9.7                             : Container is started (JDBC URL: jdbc:mysql://192.168.1.58:32779/test)
2026-09-30T18:27:46.065+08:00  INFO 10323 --- [           main] o.s.b.a.e.web.EndpointLinksResolver      : Exposing 13 endpoints beneath base path '/actuator'
2026-09-30T18:27:46.089+08:00  INFO 10323 --- [           main] o.s.boot.tomcat.TomcatWebServer          : Tomcat started on port 40487 (http) with context path '/'
2026-09-30T18:27:46.092+08:00  INFO 10323 --- [           main] o.s.s.petclinic.MySqlIntegrationTests    : Started MySqlIntegrationTests in 13.341 seconds (process running for 48.478)
2026-09-30T18:27:46.158+08:00  INFO 10323 --- [o-auto-4-exec-1] o.a.c.c.C.[Tomcat-3].[localhost].[/]     : Initializing Spring DispatcherServlet 'dispatcherServlet'
2026-09-30T18:27:46.158+08:00  INFO 10323 --- [o-auto-4-exec-1] o.s.web.servlet.DispatcherServlet        : Initializing Servlet 'dispatcherServlet'
2026-09-30T18:27:46.159+08:00  INFO 10323 --- [o-auto-4-exec-1] o.s.web.servlet.DispatcherServlet        : Completed initialization in 1 ms
[INFO] Tests run: 2, Failures: 0, Errors: 0, Skipped: 0, Time elapsed: 26.99 s -- in org.springframework.samples.petclinic.MySqlIntegrationTests
[INFO] Running org.springframework.samples.petclinic.PostgresIntegrationTests
2026-09-30T18:27:47.048+08:00  INFO 10323 --- [           main] t.c.s.AnnotationConfigContextLoaderUtils : Could not detect default configuration classes for test class [org.springframework.samples.petclinic.PostgresIntegrationTests]: PostgresIntegrationTests does not declare any static, non-private, non-final, nested classes annotated with @Configuration.
2026-09-30T18:27:47.051+08:00  INFO 10323 --- [           main] .b.t.c.SpringBootTestContextBootstrapper : Found @SpringBootConfiguration org.springframework.samples.petclinic.PetClinicApplication for test class org.springframework.samples.petclinic.PostgresIntegrationTests
2026-09-30T18:27:47.052+08:00  INFO 10323 --- [           main] t.c.s.AnnotationConfigContextLoaderUtils : Could not detect default configuration classes for test class [org.springframework.samples.petclinic.PostgresIntegrationTests]: PostgresIntegrationTests does not declare any static, non-private, non-final, nested classes annotated with @Configuration.
2026-09-30T18:27:47.053+08:00  INFO 10323 --- [           main] .b.t.c.SpringBootTestContextBootstrapper : Found @SpringBootConfiguration org.springframework.samples.petclinic.PetClinicApplication for test class org.springframework.samples.petclinic.PostgresIntegrationTests
2026-09-30T18:27:47.064+08:00  INFO 10323 --- [           main] o.s.b.d.r.RestartApplicationListener     : Restart disabled due to context in which it is running


              |\      _,,,--,,_
             /,`.-'`'   ._  \-;;,_
  _______ __|,4-  ) )_   .;.(__`'-'__     ___ __    _ ___ _______
 |       | '---''(_/._)-'(_\_)   |   |   |   |  |  | |   |       |
 |    _  |    ___|_     _|       |   |   |   |   |_| |   |       | __ _ _
 |   |_| |   |___  |   | |       |   |   |   |       |   |       | \ \ \ \
 |    ___|    ___| |   | |      _|   |___|   |  _    |   |      _|  \ \ \ \
 |   |   |   |___  |   | |     |_|       |   | | |   |   |     |_    ) ) ) )
 |___|   |_______| |___| |_______|_______|___|_|  |__|___|_______|  / / / /
 ==================================================================/_/_/_/

:: Built with Spring Boot :: 4.1.0


2026-09-30T18:27:47.082+08:00  INFO 10323 --- [           main] o.s.s.p.PostgresIntegrationTests         : Starting PostgresIntegrationTests using Java 21.0.11 with PID 10323 (started by jenkins in /var/jenkins_home/workspace/petclinic-ci)
2026-09-30T18:27:47.083+08:00  INFO 10323 --- [           main] o.s.s.p.PostgresIntegrationTests         : The following 1 profile is active: "postgres"
2026-09-30T18:27:47.091+08:00  INFO 10323 --- [           main] .s.b.d.c.l.DockerComposeLifecycleManager : Using Docker Compose file /var/jenkins_home/workspace/petclinic-ci/docker-compose.yml
2026-09-30T18:27:47.812+08:00  INFO 10323 --- [utReader-stderr] o.s.boot.docker.compose.core.DockerCli   :  Container petclinic-ci-postgres-1 Recreate 
2026-09-30T18:27:47.954+08:00  INFO 10323 --- [utReader-stderr] o.s.boot.docker.compose.core.DockerCli   :  Container petclinic-ci-postgres-1 Recreated 
2026-09-30T18:27:47.962+08:00  INFO 10323 --- [utReader-stderr] o.s.boot.docker.compose.core.DockerCli   :  Container petclinic-ci-postgres-1 Starting 
2026-09-30T18:27:48.141+08:00  INFO 10323 --- [utReader-stderr] o.s.boot.docker.compose.core.DockerCli   :  Container petclinic-ci-postgres-1 Started 
2026-09-30T18:27:48.141+08:00  INFO 10323 --- [utReader-stderr] o.s.boot.docker.compose.core.DockerCli   :  Container petclinic-ci-postgres-1 Waiting 
2026-09-30T18:27:48.645+08:00  INFO 10323 --- [utReader-stderr] o.s.boot.docker.compose.core.DockerCli   :  Container petclinic-ci-postgres-1 Healthy 
2026-09-30T18:27:51.282+08:00  INFO 10323 --- [           main] .s.d.r.c.RepositoryConfigurationDelegate : Bootstrapping Spring Data JPA repositories in DEFAULT mode.
2026-09-30T18:27:51.295+08:00  INFO 10323 --- [           main] .s.d.r.c.RepositoryConfigurationDelegate : Finished Spring Data repository scanning in 8 ms. Found 4 JPA repository interfaces.
2026-09-30T18:27:51.393+08:00  INFO 10323 --- [           main] o.s.boot.tomcat.TomcatWebServer          : Tomcat initialized with port 0 (http)
2026-09-30T18:27:51.394+08:00  INFO 10323 --- [           main] o.apache.catalina.core.StandardService   : Starting service [Tomcat]
2026-09-30T18:27:51.394+08:00  INFO 10323 --- [           main] o.apache.catalina.core.StandardEngine    : Starting Servlet engine: [Apache Tomcat/11.0.22]
2026-09-30T18:27:51.465+08:00  INFO 10323 --- [           main] b.w.c.s.WebApplicationContextInitializer : Root WebApplicationContext: initialization completed in 457 ms
2026-09-30T18:27:51.534+08:00  INFO 10323 --- [           main] com.zaxxer.hikari.HikariDataSource       : HikariPool-5 - Starting...
2026-09-30T18:27:51.786+08:00  INFO 10323 --- [           main] com.zaxxer.hikari.pool.HikariPool        : HikariPool-5 - Added connection org.postgresql.jdbc.PgConnection@73278ef9
2026-09-30T18:27:51.786+08:00  INFO 10323 --- [           main] com.zaxxer.hikari.HikariDataSource       : HikariPool-5 - Start completed.
2026-09-30T18:27:51.907+08:00  INFO 10323 --- [           main] org.hibernate.orm.jpa                    : HHH008540: Processing PersistenceUnitInfo [name: default]
2026-09-30T18:27:51.926+08:00  INFO 10323 --- [           main] o.s.o.j.p.SpringPersistenceUnitInfo      : No LoadTimeWeaver setup: ignoring JPA class transformer
2026-09-30T18:27:51.949+08:00  INFO 10323 --- [           main] org.hibernate.orm.connections.pooling    : HHH10001005: Database info:
	Database JDBC URL [jdbc:postgresql://192.168.1.58:5432/petclinic]
	Database driver: PostgreSQL JDBC Driver
	Database dialect: PostgreSQLDialect
	Database version: 18.4
	Default catalog/schema: petclinic/public
	Autocommit mode: undefined/unknown
	Isolation level: READ_COMMITTED [default READ_COMMITTED]
	JDBC fetch size: none
	Pool: DataSourceConnectionProvider
	Minimum pool size: undefined/unknown
	Maximum pool size: undefined/unknown
2026-09-30T18:27:52.104+08:00  INFO 10323 --- [           main] org.hibernate.orm.core                   : HHH000489: No JTA platform available (set 'hibernate.transaction.jta.platform' to enable JTA platform integration)
2026-09-30T18:27:52.104+08:00  INFO 10323 --- [           main] j.LocalContainerEntityManagerFactoryBean : Initialized JPA EntityManagerFactory for persistence unit 'default'
2026-09-30T18:27:52.593+08:00  INFO 10323 --- [           main] o.s.b.a.e.web.EndpointLinksResolver      : Exposing 13 endpoints beneath base path '/actuator'
2026-09-30T18:27:52.611+08:00  INFO 10323 --- [           main] o.s.boot.tomcat.TomcatWebServer          : Tomcat started on port 43707 (http) with context path '/'
2026-09-30T18:27:52.614+08:00  INFO 10323 --- [           main] o.s.s.p.PostgresIntegrationTests         : Started PostgresIntegrationTests in 5.55 seconds (process running for 55.0)
2026-09-30T18:27:52.669+08:00  INFO 10323 --- [o-auto-5-exec-1] o.a.c.c.C.[Tomcat-4].[localhost].[/]     : Initializing Spring DispatcherServlet 'dispatcherServlet'
2026-09-30T18:27:52.670+08:00  INFO 10323 --- [o-auto-5-exec-1] o.s.web.servlet.DispatcherServlet        : Initializing Servlet 'dispatcherServlet'
2026-09-30T18:27:52.670+08:00  INFO 10323 --- [o-auto-5-exec-1] o.s.web.servlet.DispatcherServlet        : Completed initialization in 0 ms
[INFO] Tests run: 2, Failures: 0, Errors: 0, Skipped: 0, Time elapsed: 5.671 s -- in org.springframework.samples.petclinic.PostgresIntegrationTests
[INFO] Running org.springframework.samples.petclinic.owner.PetTypeFormatterTests
[INFO] Tests run: 3, Failures: 0, Errors: 0, Skipped: 0, Time elapsed: 0.213 s -- in org.springframework.samples.petclinic.owner.PetTypeFormatterTests
[INFO] Running org.springframework.samples.petclinic.owner.PetValidatorTests
[INFO] Running org.springframework.samples.petclinic.owner.PetValidatorTests$ValidateHasErrors
[INFO] Tests run: 6, Failures: 0, Errors: 0, Skipped: 0, Time elapsed: 0.012 s -- in org.springframework.samples.petclinic.owner.PetValidatorTests$ValidateHasErrors
[INFO] Tests run: 0, Failures: 0, Errors: 0, Skipped: 0, Time elapsed: 0.020 s -- in org.springframework.samples.petclinic.owner.PetValidatorTests
[INFO] Running org.springframework.samples.petclinic.owner.VisitControllerTests
2026-09-30T18:27:52.974+08:00  INFO 10323 --- [           main] t.c.s.AnnotationConfigContextLoaderUtils : Could not detect default configuration classes for test class [org.springframework.samples.petclinic.owner.VisitControllerTests]: VisitControllerTests does not declare any static, non-private, non-final, nested classes annotated with @Configuration.
2026-09-30T18:27:52.988+08:00  INFO 10323 --- [           main] .b.t.c.SpringBootTestContextBootstrapper : Found @SpringBootConfiguration org.springframework.samples.petclinic.PetClinicApplication for test class org.springframework.samples.petclinic.owner.VisitControllerTests
2026-09-30T18:27:52.988+08:00  INFO 10323 --- [           main] t.c.s.AnnotationConfigContextLoaderUtils : Could not detect default configuration classes for test class [org.springframework.samples.petclinic.owner.VisitControllerTests]: VisitControllerTests does not declare any static, non-private, non-final, nested classes annotated with @Configuration.
2026-09-30T18:27:52.992+08:00  INFO 10323 --- [           main] .b.t.c.SpringBootTestContextBootstrapper : Found @SpringBootConfiguration org.springframework.samples.petclinic.PetClinicApplication for test class org.springframework.samples.petclinic.owner.VisitControllerTests
2026-09-30T18:27:52.996+08:00  INFO 10323 --- [           main] o.s.b.d.r.RestartApplicationListener     : Restart disabled due to context in which it is running


              |\      _,,,--,,_
             /,`.-'`'   ._  \-;;,_
  _______ __|,4-  ) )_   .;.(__`'-'__     ___ __    _ ___ _______
 |       | '---''(_/._)-'(_\_)   |   |   |   |  |  | |   |       |
 |    _  |    ___|_     _|       |   |   |   |   |_| |   |       | __ _ _
 |   |_| |   |___  |   | |       |   |   |   |       |   |       | \ \ \ \
 |    ___|    ___| |   | |      _|   |___|   |  _    |   |      _|  \ \ \ \
 |   |   |   |___  |   | |     |_|       |   | | |   |   |     |_    ) ) ) )
 |___|   |_______| |___| |_______|_______|___|_|  |__|___|_______|  / / / /
 ==================================================================/_/_/_/

:: Built with Spring Boot :: 4.1.0


2026-09-30T18:27:53.008+08:00  INFO 10323 --- [           main] o.s.s.p.owner.VisitControllerTests       : Starting VisitControllerTests using Java 21.0.11 with PID 10323 (started by jenkins in /var/jenkins_home/workspace/petclinic-ci)
2026-09-30T18:27:53.008+08:00  INFO 10323 --- [           main] o.s.s.p.owner.VisitControllerTests       : No active profile set, falling back to 1 default profile: "default"
2026-09-30T18:27:53.369+08:00  INFO 10323 --- [           main] o.s.b.t.m.w.SpringBootMockServletContext : Initializing Spring TestDispatcherServlet ''
2026-09-30T18:27:53.370+08:00  INFO 10323 --- [           main] o.s.t.web.servlet.TestDispatcherServlet  : Initializing Servlet ''
2026-09-30T18:27:53.372+08:00  INFO 10323 --- [           main] o.s.t.web.servlet.TestDispatcherServlet  : Completed initialization in 2 ms
2026-09-30T18:27:53.380+08:00  INFO 10323 --- [           main] o.s.s.p.owner.VisitControllerTests       : Started VisitControllerTests in 0.384 seconds (process running for 55.766)
[INFO] Tests run: 6, Failures: 0, Errors: 0, Skipped: 0, Time elapsed: 0.637 s -- in org.springframework.samples.petclinic.owner.VisitControllerTests
[INFO] Running org.springframework.samples.petclinic.owner.OwnerControllerTests
2026-09-30T18:27:53.613+08:00  INFO 10323 --- [           main] t.c.s.AnnotationConfigContextLoaderUtils : Could not detect default configuration classes for test class [org.springframework.samples.petclinic.owner.OwnerControllerTests]: OwnerControllerTests does not declare any static, non-private, non-final, nested classes annotated with @Configuration.
2026-09-30T18:27:53.619+08:00  INFO 10323 --- [           main] .b.t.c.SpringBootTestContextBootstrapper : Found @SpringBootConfiguration org.springframework.samples.petclinic.PetClinicApplication for test class org.springframework.samples.petclinic.owner.OwnerControllerTests
2026-09-30T18:27:53.620+08:00  INFO 10323 --- [           main] t.c.s.AnnotationConfigContextLoaderUtils : Could not detect default configuration classes for test class [org.springframework.samples.petclinic.owner.OwnerControllerTests]: OwnerControllerTests does not declare any static, non-private, non-final, nested classes annotated with @Configuration.
2026-09-30T18:27:53.624+08:00  INFO 10323 --- [           main] .b.t.c.SpringBootTestContextBootstrapper : Found @SpringBootConfiguration org.springframework.samples.petclinic.PetClinicApplication for test class org.springframework.samples.petclinic.owner.OwnerControllerTests
2026-09-30T18:27:53.630+08:00  INFO 10323 --- [           main] o.s.b.d.r.RestartApplicationListener     : Restart disabled due to context in which it is running


              |\      _,,,--,,_
             /,`.-'`'   ._  \-;;,_
  _______ __|,4-  ) )_   .;.(__`'-'__     ___ __    _ ___ _______
 |       | '---''(_/._)-'(_\_)   |   |   |   |  |  | |   |       |
 |    _  |    ___|_     _|       |   |   |   |   |_| |   |       | __ _ _
 |   |_| |   |___  |   | |       |   |   |   |       |   |       | \ \ \ \
 |    ___|    ___| |   | |      _|   |___|   |  _    |   |      _|  \ \ \ \
 |   |   |   |___  |   | |     |_|       |   | | |   |   |     |_    ) ) ) )
 |___|   |_______| |___| |_______|_______|___|_|  |__|___|_______|  / / / /
 ==================================================================/_/_/_/

:: Built with Spring Boot :: 4.1.0


2026-09-30T18:27:53.667+08:00  INFO 10323 --- [           main] o.s.s.p.owner.OwnerControllerTests       : Starting OwnerControllerTests using Java 21.0.11 with PID 10323 (started by jenkins in /var/jenkins_home/workspace/petclinic-ci)
2026-09-30T18:27:53.668+08:00  INFO 10323 --- [           main] o.s.s.p.owner.OwnerControllerTests       : No active profile set, falling back to 1 default profile: "default"
2026-09-30T18:27:53.810+08:00  INFO 10323 --- [           main] o.s.b.t.m.w.SpringBootMockServletContext : Initializing Spring TestDispatcherServlet ''
2026-09-30T18:27:53.811+08:00  INFO 10323 --- [           main] o.s.t.web.servlet.TestDispatcherServlet  : Initializing Servlet ''
2026-09-30T18:27:53.811+08:00  INFO 10323 --- [           main] o.s.t.web.servlet.TestDispatcherServlet  : Completed initialization in 0 ms
2026-09-30T18:27:53.816+08:00  INFO 10323 --- [           main] o.s.s.p.owner.OwnerControllerTests       : Started OwnerControllerTests in 0.186 seconds (process running for 56.202)
[INFO] Tests run: 15, Failures: 0, Errors: 0, Skipped: 0, Time elapsed: 0.599 s -- in org.springframework.samples.petclinic.owner.OwnerControllerTests
[INFO] Running org.springframework.samples.petclinic.owner.PetControllerTests
2026-09-30T18:27:54.215+08:00  INFO 10323 --- [           main] t.c.s.AnnotationConfigContextLoaderUtils : Could not detect default configuration classes for test class [org.springframework.samples.petclinic.owner.PetControllerTests]: PetControllerTests does not declare any static, non-private, non-final, nested classes annotated with @Configuration.
2026-09-30T18:27:54.221+08:00  INFO 10323 --- [           main] .b.t.c.SpringBootTestContextBootstrapper : Found @SpringBootConfiguration org.springframework.samples.petclinic.PetClinicApplication for test class org.springframework.samples.petclinic.owner.PetControllerTests
2026-09-30T18:27:54.222+08:00  INFO 10323 --- [           main] t.c.s.AnnotationConfigContextLoaderUtils : Could not detect default configuration classes for test class [org.springframework.samples.petclinic.owner.PetControllerTests]: PetControllerTests does not declare any static, non-private, non-final, nested classes annotated with @Configuration.
2026-09-30T18:27:54.272+08:00  INFO 10323 --- [           main] .b.t.c.SpringBootTestContextBootstrapper : Found @SpringBootConfiguration org.springframework.samples.petclinic.PetClinicApplication for test class org.springframework.samples.petclinic.owner.PetControllerTests
2026-09-30T18:27:54.279+08:00  INFO 10323 --- [           main] o.s.b.d.r.RestartApplicationListener     : Restart disabled due to context in which it is running


              |\      _,,,--,,_
             /,`.-'`'   ._  \-;;,_
  _______ __|,4-  ) )_   .;.(__`'-'__     ___ __    _ ___ _______
 |       | '---''(_/._)-'(_\_)   |   |   |   |  |  | |   |       |
 |    _  |    ___|_     _|       |   |   |   |   |_| |   |       | __ _ _
 |   |_| |   |___  |   | |       |   |   |   |       |   |       | \ \ \ \
 |    ___|    ___| |   | |      _|   |___|   |  _    |   |      _|  \ \ \ \
 |   |   |   |___  |   | |     |_|       |   | | |   |   |     |_    ) ) ) )
 |___|   |_______| |___| |_______|_______|___|_|  |__|___|_______|  / / / /
 ==================================================================/_/_/_/

:: Built with Spring Boot :: 4.1.0


2026-09-30T18:27:54.294+08:00  INFO 10323 --- [           main] o.s.s.p.owner.PetControllerTests         : Starting PetControllerTests using Java 21.0.11 with PID 10323 (started by jenkins in /var/jenkins_home/workspace/petclinic-ci)
2026-09-30T18:27:54.294+08:00  INFO 10323 --- [           main] o.s.s.p.owner.PetControllerTests         : No active profile set, falling back to 1 default profile: "default"
2026-09-30T18:27:54.434+08:00  INFO 10323 --- [           main] o.s.b.t.m.w.SpringBootMockServletContext : Initializing Spring TestDispatcherServlet ''
2026-09-30T18:27:54.434+08:00  INFO 10323 --- [           main] o.s.t.web.servlet.TestDispatcherServlet  : Initializing Servlet ''
2026-09-30T18:27:54.435+08:00  INFO 10323 --- [           main] o.s.t.web.servlet.TestDispatcherServlet  : Completed initialization in 1 ms
2026-09-30T18:27:54.438+08:00  INFO 10323 --- [           main] o.s.s.p.owner.PetControllerTests         : Started PetControllerTests in 0.159 seconds (process running for 56.825)
[INFO] Running org.springframework.samples.petclinic.owner.PetControllerTests$ProcessUpdateFormHasErrors
2026-09-30T18:27:54.578+08:00  INFO 10323 --- [           main] t.c.s.AnnotationConfigContextLoaderUtils : Could not detect default configuration classes for test class [org.springframework.samples.petclinic.owner.PetControllerTests$ProcessUpdateFormHasErrors]: ProcessUpdateFormHasErrors does not declare any static, non-private, non-final, nested classes annotated with @Configuration.
2026-09-30T18:27:54.581+08:00  INFO 10323 --- [           main] .b.t.c.SpringBootTestContextBootstrapper : Found @SpringBootConfiguration org.springframework.samples.petclinic.PetClinicApplication for test class org.springframework.samples.petclinic.owner.PetControllerTests$ProcessUpdateFormHasErrors
2026-09-30T18:27:54.582+08:00  INFO 10323 --- [           main] t.c.s.AnnotationConfigContextLoaderUtils : Could not detect default configuration classes for test class [org.springframework.samples.petclinic.owner.PetControllerTests$ProcessUpdateFormHasErrors]: ProcessUpdateFormHasErrors does not declare any static, non-private, non-final, nested classes annotated with @Configuration.
2026-09-30T18:27:54.582+08:00  INFO 10323 --- [           main] t.c.s.AnnotationConfigContextLoaderUtils : Could not detect default configuration classes for test class [org.springframework.samples.petclinic.owner.PetControllerTests]: PetControllerTests does not declare any static, non-private, non-final, nested classes annotated with @Configuration.
2026-09-30T18:27:54.585+08:00  INFO 10323 --- [           main] .b.t.c.SpringBootTestContextBootstrapper : Found @SpringBootConfiguration org.springframework.samples.petclinic.PetClinicApplication for test class org.springframework.samples.petclinic.owner.PetControllerTests$ProcessUpdateFormHasErrors
[INFO] Tests run: 9, Failures: 0, Errors: 0, Skipped: 0, Time elapsed: 0.132 s -- in org.springframework.samples.petclinic.owner.PetControllerTests$ProcessUpdateFormHasErrors
[INFO] Running org.springframework.samples.petclinic.owner.PetControllerTests$ProcessCreationFormHasErrors
2026-09-30T18:27:54.712+08:00  INFO 10323 --- [           main] t.c.s.AnnotationConfigContextLoaderUtils : Could not detect default configuration classes for test class [org.springframework.samples.petclinic.owner.PetControllerTests$ProcessCreationFormHasErrors]: ProcessCreationFormHasErrors does not declare any static, non-private, non-final, nested classes annotated with @Configuration.
2026-09-30T18:27:54.719+08:00  INFO 10323 --- [           main] .b.t.c.SpringBootTestContextBootstrapper : Found @SpringBootConfiguration org.springframework.samples.petclinic.PetClinicApplication for test class org.springframework.samples.petclinic.owner.PetControllerTests$ProcessCreationFormHasErrors
2026-09-30T18:27:54.720+08:00  INFO 10323 --- [           main] t.c.s.AnnotationConfigContextLoaderUtils : Could not detect default configuration classes for test class [org.springframework.samples.petclinic.owner.PetControllerTests$ProcessCreationFormHasErrors]: ProcessCreationFormHasErrors does not declare any static, non-private, non-final, nested classes annotated with @Configuration.
2026-09-30T18:27:54.721+08:00  INFO 10323 --- [           main] t.c.s.AnnotationConfigContextLoaderUtils : Could not detect default configuration classes for test class [org.springframework.samples.petclinic.owner.PetControllerTests]: PetControllerTests does not declare any static, non-private, non-final, nested classes annotated with @Configuration.
2026-09-30T18:27:54.724+08:00  INFO 10323 --- [           main] .b.t.c.SpringBootTestContextBootstrapper : Found @SpringBootConfiguration org.springframework.samples.petclinic.PetClinicApplication for test class org.springframework.samples.petclinic.owner.PetControllerTests$ProcessCreationFormHasErrors
[INFO] Tests run: 6, Failures: 0, Errors: 0, Skipped: 0, Time elapsed: 0.244 s -- in org.springframework.samples.petclinic.owner.PetControllerTests$ProcessCreationFormHasErrors
[INFO] Tests run: 0, Failures: 0, Errors: 0, Skipped: 0, Time elapsed: 0.741 s -- in org.springframework.samples.petclinic.owner.PetControllerTests
[INFO] Running org.springframework.samples.petclinic.owner.ClinicWorkflowIntegrationTests
2026-09-30T18:27:54.957+08:00  INFO 10323 --- [           main] t.c.s.AnnotationConfigContextLoaderUtils : Could not detect default configuration classes for test class [org.springframework.samples.petclinic.owner.ClinicWorkflowIntegrationTests]: ClinicWorkflowIntegrationTests does not declare any static, non-private, non-final, nested classes annotated with @Configuration.
2026-09-30T18:27:54.960+08:00  INFO 10323 --- [           main] .b.t.c.SpringBootTestContextBootstrapper : Found @SpringBootConfiguration org.springframework.samples.petclinic.PetClinicApplication for test class org.springframework.samples.petclinic.owner.ClinicWorkflowIntegrationTests
2026-09-30T18:27:54.961+08:00  INFO 10323 --- [           main] t.c.s.AnnotationConfigContextLoaderUtils : Could not detect default configuration classes for test class [org.springframework.samples.petclinic.owner.ClinicWorkflowIntegrationTests]: ClinicWorkflowIntegrationTests does not declare any static, non-private, non-final, nested classes annotated with @Configuration.
2026-09-30T18:27:54.964+08:00  INFO 10323 --- [           main] .b.t.c.SpringBootTestContextBootstrapper : Found @SpringBootConfiguration org.springframework.samples.petclinic.PetClinicApplication for test class org.springframework.samples.petclinic.owner.ClinicWorkflowIntegrationTests
2026-09-30T18:27:54.971+08:00  INFO 10323 --- [           main] o.s.b.d.r.RestartApplicationListener     : Restart disabled due to context in which it is running


              |\      _,,,--,,_
             /,`.-'`'   ._  \-;;,_
  _______ __|,4-  ) )_   .;.(__`'-'__     ___ __    _ ___ _______
 |       | '---''(_/._)-'(_\_)   |   |   |   |  |  | |   |       |
 |    _  |    ___|_     _|       |   |   |   |   |_| |   |       | __ _ _
 |   |_| |   |___  |   | |       |   |   |   |       |   |       | \ \ \ \
 |    ___|    ___| |   | |      _|   |___|   |  _    |   |      _|  \ \ \ \
 |   |   |   |___  |   | |     |_|       |   | | |   |   |     |_    ) ) ) )
 |___|   |_______| |___| |_______|_______|___|_|  |__|___|_______|  / / / /
 ==================================================================/_/_/_/

:: Built with Spring Boot :: 4.1.0


2026-09-30T18:27:54.988+08:00  INFO 10323 --- [           main] o.s.s.p.o.ClinicWorkflowIntegrationTests : Starting ClinicWorkflowIntegrationTests using Java 21.0.11 with PID 10323 (started by jenkins in /var/jenkins_home/workspace/petclinic-ci)
2026-09-30T18:27:54.988+08:00  INFO 10323 --- [           main] o.s.s.p.o.ClinicWorkflowIntegrationTests : No active profile set, falling back to 1 default profile: "default"
2026-09-30T18:27:55.318+08:00  INFO 10323 --- [           main] .s.d.r.c.RepositoryConfigurationDelegate : Bootstrapping Spring Data JPA repositories in DEFAULT mode.
2026-09-30T18:27:55.327+08:00  INFO 10323 --- [           main] .s.d.r.c.RepositoryConfigurationDelegate : Finished Spring Data repository scanning in 7 ms. Found 4 JPA repository interfaces.
2026-09-30T18:27:55.437+08:00  INFO 10323 --- [           main] com.zaxxer.hikari.HikariDataSource       : HikariPool-6 - Starting...
2026-09-30T18:27:55.441+08:00  INFO 10323 --- [           main] com.zaxxer.hikari.pool.HikariPool        : HikariPool-6 - Added connection conn30: url=jdbc:h2:mem:262dd755-f2b6-4ef9-a89a-015aebf89540 user=SA
2026-09-30T18:27:55.441+08:00  INFO 10323 --- [           main] com.zaxxer.hikari.HikariDataSource       : HikariPool-6 - Start completed.
2026-09-30T18:27:55.473+08:00  INFO 10323 --- [           main] org.hibernate.orm.jpa                    : HHH008540: Processing PersistenceUnitInfo [name: default]
2026-09-30T18:27:55.489+08:00  INFO 10323 --- [           main] o.s.o.j.p.SpringPersistenceUnitInfo      : No LoadTimeWeaver setup: ignoring JPA class transformer
2026-09-30T18:27:55.491+08:00  INFO 10323 --- [           main] org.hibernate.orm.connections.pooling    : HHH10001005: Database info:
	Database JDBC URL [jdbc:h2:mem:262dd755-f2b6-4ef9-a89a-015aebf89540]
	Database driver: H2 JDBC Driver
	Database dialect: H2Dialect
	Database version: 2.4.240
	Default catalog/schema: 262DD755-F2B6-4EF9-A89A-015AEBF89540/PUBLIC
	Autocommit mode: undefined/unknown
	Isolation level: READ_COMMITTED [default READ_COMMITTED]
	JDBC fetch size: 100
	Pool: DataSourceConnectionProvider
	Minimum pool size: undefined/unknown
	Maximum pool size: undefined/unknown
2026-09-30T18:27:55.567+08:00  INFO 10323 --- [           main] org.hibernate.orm.core                   : HHH000489: No JTA platform available (set 'hibernate.transaction.jta.platform' to enable JTA platform integration)
2026-09-30T18:27:55.568+08:00  INFO 10323 --- [           main] j.LocalContainerEntityManagerFactoryBean : Initialized JPA EntityManagerFactory for persistence unit 'default'
2026-09-30T18:27:55.863+08:00  INFO 10323 --- [           main] o.s.b.t.m.w.SpringBootMockServletContext : Initializing Spring TestDispatcherServlet ''
2026-09-30T18:27:55.864+08:00  INFO 10323 --- [           main] o.s.t.web.servlet.TestDispatcherServlet  : Initializing Servlet ''
2026-09-30T18:27:55.866+08:00  INFO 10323 --- [           main] o.s.b.a.e.web.EndpointLinksResolver      : Exposing 13 endpoints beneath base path '/actuator'
2026-09-30T18:27:55.876+08:00  INFO 10323 --- [           main] o.s.t.web.servlet.TestDispatcherServlet  : Completed initialization in 12 ms
2026-09-30T18:27:55.887+08:00  INFO 10323 --- [           main] o.s.s.p.o.ClinicWorkflowIntegrationTests : Started ClinicWorkflowIntegrationTests in 0.916 seconds (process running for 58.273)
[INFO] Tests run: 4, Failures: 0, Errors: 0, Skipped: 0, Time elapsed: 1.353 s -- in org.springframework.samples.petclinic.owner.ClinicWorkflowIntegrationTests
[INFO] 
[INFO] Results:
[INFO] 
[INFO] Tests run: 81, Failures: 0, Errors: 0, Skipped: 0
[INFO] 
[INFO] ------------------------------------------------------------------------
[INFO] BUILD SUCCESS
[INFO] ------------------------------------------------------------------------
[INFO] Total time:  01:10 min
[INFO] Finished at: 2026-09-30T18:27:58+08:00
[INFO] ------------------------------------------------------------------------
[Pipeline] }
[Pipeline] // stage
[Pipeline] stage
[Pipeline] { (Package)
[Pipeline] sh
+ echo ===== MAVEN PACKAGE =====
===== MAVEN PACKAGE =====
+ ./mvnw package -DskipTests
[INFO] Scanning for projects...
[INFO] 
[INFO] ------------< org.springframework.samples:spring-petclinic >------------
[INFO] Building petclinic 4.0.0-SNAPSHOT
[INFO]   from pom.xml
[INFO] --------------------------------[ jar ]---------------------------------
[INFO] 
[INFO] --- enforcer:3.6.3:enforce (enforce-java) @ spring-petclinic ---
[INFO] Rule 0: org.apache.maven.enforcer.rules.version.RequireJavaVersion passed
[INFO] 
[INFO] --- spring-javaformat:0.0.47:validate (default) @ spring-petclinic ---
[INFO] 
[INFO] --- checkstyle:3.6.0:check (nohttp-checkstyle-validation) @ spring-petclinic ---
[INFO] You have 0 Checkstyle violations.
[INFO] 
[INFO] --- jacoco:0.8.15:prepare-agent (default) @ spring-petclinic ---
[INFO] argLine set to -javaagent:/var/jenkins_home/.m2/repository/org/jacoco/org.jacoco.agent/0.8.15/org.jacoco.agent-0.8.15-runtime.jar=destfile=/var/jenkins_home/workspace/petclinic-ci/target/jacoco.exec
[INFO] 
[INFO] --- git-commit-id:9.2.0:revision (default) @ spring-petclinic ---
[INFO] dotGitDirectory '/var/jenkins_home/workspace/petclinic-ci/.git'
[INFO] Collected git.build.user.name with value jenkins-petclinic-ci
[INFO] Collected git.build.user.email with value jenkins-petclinic-ci@users.noreply.github.com
[INFO] Using environment variable based branch name. GIT_BRANCH = origin/main
[INFO] Collected git.branch with value origin/main
[INFO] Collected git.commit.id.describe with value dcp-v1.28.0-monitoring-observability-30-g5c7622b
[INFO] Collected git.commit.id.describe-short with value dcp-v1.28.0-monitoring-observability-30
[INFO] Collected git.commit.id with value 5c7622bb7af6423e010a0032381e08247ae8d266
[INFO] Collected git.commit.id.abbrev with value 5c7622b
[INFO] Collected git.dirty with value false
[INFO] Collected git.commit.user.name with value heil16070-hue
[INFO] Collected git.commit.user.email with value heil16070@gmail.com
[INFO] Collected git.commit.message.full with value Internationalize illustrated homepage labels
[INFO] Collected git.commit.message.short with value Internationalize illustrated homepage labels
[INFO] Collected git.commit.time with value 2026-09-30T18:26:05+08:00
[INFO] Collected git.commit.author.time with value 2026-09-30T18:26:05+08:00
[INFO] Collected git.commit.committer.time with value 2026-09-30T18:26:05+08:00
[INFO] Collected git.remote.origin.url with value git@github.com:yipintangzsp/spring-petclinic.git
[INFO] Collected git.tags with value 
[INFO] Collected git.tag with value 
[INFO] Collected git.closest.tag.name with value dcp-v1.28.0-monitoring-observability
[INFO] Collected git.closest.tag.commit.count with value 30
[INFO] Collected git.total.commit.count with value 1121
[INFO] Collected git.local.branch.ahead with value NO_REMOTE
[INFO] Collected git.local.branch.behind with value NO_REMOTE
[INFO] Collected git.build.time with value 2024-11-28T22:37:52+08:00
[INFO] Collected git.build.version with value 4.0.0-SNAPSHOT
[INFO] Collected git.build.host with value jenkins-87ccb46-m5bcm
[INFO] Collected git.build.number with value 80
[INFO] including property 'git.tags' in results
[INFO] including property 'git.build.version' in results
[INFO] including property 'git.branch' in results
[INFO] including property 'git.build.host' in results
[INFO] including property 'git.build.number' in results
[INFO] including property 'git.commit.id' in results
[INFO] including property 'git.commit.user.email' in results
[INFO] including property 'git.local.branch.behind' in results
[INFO] including property 'git.commit.author.time' in results
[INFO] including property 'git.build.user.name' in results
[INFO] including property 'git.dirty' in results
[INFO] including property 'git.closest.tag.commit.count' in results
[INFO] including property 'git.commit.user.name' in results
[INFO] including property 'git.commit.id.abbrev' in results
[INFO] including property 'git.commit.id.describe-short' in results
[INFO] including property 'git.total.commit.count' in results
[INFO] including property 'git.commit.id.describe' in results
[INFO] including property 'git.build.user.email' in results
[INFO] including property 'git.commit.message.short' in results
[INFO] including property 'git.commit.committer.time' in results
[INFO] including property 'git.tag' in results
[INFO] including property 'git.closest.tag.name' in results
[INFO] including property 'git.local.branch.ahead' in results
[INFO] including property 'git.commit.time' in results
[INFO] including property 'git.build.time' in results
[INFO] including property 'git.commit.message.full' in results
[INFO] including property 'git.remote.origin.url' in results
[INFO] Reading existing properties file [/var/jenkins_home/workspace/petclinic-ci/target/classes/git.properties] (for project petclinic)...
[INFO] Properties file [/var/jenkins_home/workspace/petclinic-ci/target/classes/git.properties] is up-to-date (for module petclinic)...
[INFO] 
[INFO] --- spring-boot:4.1.0:build-info (default) @ spring-petclinic ---
[INFO] 
[INFO] --- cyclonedx:2.9.1:makeAggregateBom (default) @ spring-petclinic ---
[INFO] CycloneDX: Resolving Dependencies
[INFO] CycloneDX: Creating BOM version 1.6 with 113 component(s)
[INFO] CycloneDX: Writing and validating BOM (JSON): /var/jenkins_home/workspace/petclinic-ci/target/classes/META-INF/sbom/application.cdx.json
[WARNING] Unknown keyword meta:enum - you should define your own Meta Schema. If the keyword is irrelevant for validation, just use a NonValidationKeyword or if it should generate annotations AnnotationKeyword
[WARNING] Unknown keyword deprecated - you should define your own Meta Schema. If the keyword is irrelevant for validation, just use a NonValidationKeyword or if it should generate annotations AnnotationKeyword
[INFO]            attaching as spring-petclinic-4.0.0-SNAPSHOT-cyclonedx.json
[INFO] 
[INFO] --- resources:3.5.0:resources (default-resources) @ spring-petclinic ---
[INFO] Copying 3 resources from src/main/resources to target/classes
[INFO] Copying 52 resources from src/main/resources to target/classes
[INFO] 
[INFO] --- compiler:3.15.0:compile (default-compile) @ spring-petclinic ---
[INFO] Nothing to compile - all classes are up to date.
[INFO] 
[INFO] --- resources:3.5.0:testResources (default-testResources) @ spring-petclinic ---
[INFO] skip non existing resourceDirectory /var/jenkins_home/workspace/petclinic-ci/src/test/resources
[INFO] 
[INFO] --- compiler:3.15.0:testCompile (default-testCompile) @ spring-petclinic ---
[INFO] Nothing to compile - all classes are up to date.
[INFO] 
[INFO] --- surefire:3.5.6:test (default-test) @ spring-petclinic ---
[WARNING]  Parameter 'systemProperties' is deprecated: use systemPropertyVariables instead
[INFO] Tests are skipped.
[INFO] 
[INFO] --- jacoco:0.8.15:report (report) @ spring-petclinic ---
[INFO] Loading execution data file /var/jenkins_home/workspace/petclinic-ci/target/jacoco.exec
[INFO] Analyzed bundle 'petclinic' with 27 classes
[INFO] 
[INFO] --- jar:3.5.0:jar (default-jar) @ spring-petclinic ---
[INFO] Building jar: /var/jenkins_home/workspace/petclinic-ci/target/spring-petclinic-4.0.0-SNAPSHOT.jar
[INFO] 
[INFO] --- spring-boot:4.1.0:repackage (repackage) @ spring-petclinic ---
[INFO] Replacing main artifact /var/jenkins_home/workspace/petclinic-ci/target/spring-petclinic-4.0.0-SNAPSHOT.jar with repackaged archive, adding nested dependencies in BOOT-INF/.
[INFO] The original artifact has been renamed to /var/jenkins_home/workspace/petclinic-ci/target/spring-petclinic-4.0.0-SNAPSHOT.jar.original
[INFO] ------------------------------------------------------------------------
[INFO] BUILD SUCCESS
[INFO] ------------------------------------------------------------------------
[INFO] Total time:  8.797 s
[INFO] Finished at: 2026-09-30T18:28:09+08:00
[INFO] ------------------------------------------------------------------------
+ echo

+ echo ===== JAR =====
===== JAR =====
+ ls -lh target/spring-petclinic-4.0.0-SNAPSHOT.jar
-rw-r--r-- 1 jenkins jenkins 66M Nov 28  2024 target/spring-petclinic-4.0.0-SNAPSHOT.jar
[Pipeline] }
[Pipeline] // stage
[Pipeline] stage
[Pipeline] { (Multi-Arch Build & Push)
[Pipeline] sh
+ echo ===== MULTI-ARCH BUILD & PUSH =====
===== MULTI-ARCH BUILD & PUSH =====
+ echo IMAGE=127.0.0.1:30050/petclinic/petclinic:0.6.0-ci-80
IMAGE=127.0.0.1:30050/petclinic/petclinic:0.6.0-ci-80
+ docker buildx build --platform linux/amd64,linux/arm64 -t 127.0.0.1:30050/petclinic/petclinic:0.6.0-ci-80 --push .
#0 building with "default" instance using docker driver

#1 [internal] load build definition from Dockerfile
#1 transferring dockerfile: 233B done
#1 DONE 0.0s

#2 [linux/arm64 internal] load metadata for 127.0.0.1:30050/platform-upgrade/eclipse-temurin:21-jre-local
#2 DONE 0.1s

#3 [linux/amd64 internal] load metadata for 127.0.0.1:30050/platform-upgrade/eclipse-temurin:21-jre-local
#3 DONE 0.1s

#4 [internal] load .dockerignore
#4 transferring context: 2B done
#4 DONE 0.0s

#5 [linux/arm64 1/3] FROM 127.0.0.1:30050/platform-upgrade/eclipse-temurin:21-jre-local@sha256:69bc3d67c3f9f788cbc235723fdaf8a569015125590a2f7d9ed455537a1f4312
#5 resolve 127.0.0.1:30050/platform-upgrade/eclipse-temurin:21-jre-local@sha256:69bc3d67c3f9f788cbc235723fdaf8a569015125590a2f7d9ed455537a1f4312 0.0s done
#5 DONE 0.1s

#6 [linux/amd64 1/3] FROM 127.0.0.1:30050/platform-upgrade/eclipse-temurin:21-jre-local@sha256:69bc3d67c3f9f788cbc235723fdaf8a569015125590a2f7d9ed455537a1f4312
#6 resolve 127.0.0.1:30050/platform-upgrade/eclipse-temurin:21-jre-local@sha256:69bc3d67c3f9f788cbc235723fdaf8a569015125590a2f7d9ed455537a1f4312 0.0s done
#6 DONE 0.1s

#7 [internal] load build context
#7 transferring context: 68.33MB 0.2s done
#7 DONE 0.2s

#8 [linux/arm64 2/3] WORKDIR /app
#8 CACHED

#9 [linux/amd64 2/3] WORKDIR /app
#9 CACHED

#10 [linux/amd64 3/3] COPY target/spring-petclinic-4.0.0-SNAPSHOT.jar app.jar
#10 DONE 0.3s

#11 [linux/arm64 3/3] COPY target/spring-petclinic-4.0.0-SNAPSHOT.jar app.jar
#11 DONE 0.3s

#12 exporting to image
#12 exporting layers
#12 exporting layers 3.5s done
#12 exporting manifest sha256:3ba297b390262c785d25f89e54d810722ded2a079eb8b8f28b3c3c078903c06e 0.0s done
#12 exporting config sha256:86d3137d6f3536ca15b37e06188ea5afeffebdc6d7cb784b51c8f0da0a541baa 0.0s done
#12 exporting attestation manifest sha256:88e9b75c16455eceb051ebc2ec41e5c0b73ea0d20374325d5abb52fbbd787b6b 0.0s done
#12 exporting manifest sha256:2ac603a736b55797666b9c031a06401030819829cade8d869ad0c9e50884034f 0.0s done
#12 exporting config sha256:476dafbecdc93de4610834bbe8307e7a3e0d345365720a2c147ac8ce58130dae 0.0s done
#12 exporting attestation manifest sha256:d19b321281c66f9e7b9632a6f17ef39a9872a73df3dc1661a5ebb42b0e51e765 0.0s done
#12 exporting manifest list sha256:8b3a4bcdcd975fc939e08e4742fbc52806e0084bb01cacf1eacf417f4d5f79d5 0.0s done
#12 naming to 127.0.0.1:30050/petclinic/petclinic:0.6.0-ci-80 done
#12 DONE 3.8s

#12 exporting to image
#12 pushing layers
#12 pushing layers 0.4s done
#12 pushing manifest for 127.0.0.1:30050/petclinic/petclinic:0.6.0-ci-80@sha256:8b3a4bcdcd975fc939e08e4742fbc52806e0084bb01cacf1eacf417f4d5f79d5
#12 pushing manifest for 127.0.0.1:30050/petclinic/petclinic:0.6.0-ci-80@sha256:8b3a4bcdcd975fc939e08e4742fbc52806e0084bb01cacf1eacf417f4d5f79d5 0.1s done
#12 DONE 4.3s
[Pipeline] }
[Pipeline] // stage
[Pipeline] stage
[Pipeline] { (Registry Verify)
[Pipeline] sh
+ echo ===== REGISTRY TAG VERIFY =====
===== REGISTRY TAG VERIFY =====
+ curl -fsS http://10.0.0.3:30050/v2/petclinic/petclinic/tags/list
{"name":"petclinic/petclinic","tags":["0.4.0-ci-38","0.4.0-ci-43","0.4.0-ci-57","0.4.0-ci-24","0.4.0-ci-16","0.4.0-ci-10","0.4.0-ci-33","0.4.0-ci-66","0.4.0-ci-65","0.4.0-ci-71","0.4.0-ci-54","0.4.0-ci-35","0.4.0-ci-51","0.4.0-ci-64","0.4.0-ci-25","0.4.0-ci-73","0.4.0-ci-28","0.4.0-ci-53","0.2.0","0.4.0-multiarch-lab","0.4.0-ci-11","0.4.0-ci-56","0.4.0-ci-75","0.4.0-ci-72","0.4.0-ci-29","0.4.0-ci-45","0.4.0-ci-41","0.3.0","0.4.0-ci-55","0.4.0-ci-18","0.4.0-ci-17","0.4.0-ci-36","0.4.0-ci-74","0.4.0-ci-7","0.4.0-ci-34","v1.24-multiarch-audit","0.4.0-ci-60","0.4.0-ci-44","0.4.0-ci-20","0.5.0-ci-77","0.4.0-ci-19","0.4.0-ci","0.4.0-ci-40","0.4.0-ci-39","0.4.0-ci-46","0.4.0-ci-50","0.4.0-ci-52","0.6.0-ci-80","0.5.0-ci-78","0.4.0-ci-13","0.4.0-ci-5","0.4.0-ci-23","0.4.0-ci-63","0.4.0-ci-32","0.4.0-ci-61","0.4.0-ci-49","0.4.0-ci-70","0.1.0","0.4.0-ci-42","0.4.0-ci-12","0.4.0-ci-67","0.4.0-ci-31","0.4.0-ci-69","0.4.0-ci-58","0.4.0-ci-26","0.4.0-ci-48","0.4.0-ci-22","0.4.0-ci-21","0.4.0-ci-27"]}
+ echo

+ echo

+ echo ===== OCI INDEX VERIFY =====
===== OCI INDEX VERIFY =====
+ curl -fsS -H Accept: application/vnd.oci.image.index.v1+json http://10.0.0.3:30050/v2/petclinic/petclinic/manifests/0.6.0-ci-80
+ MANIFEST={
  "schemaVersion": 2,
  "mediaType": "application/vnd.oci.image.index.v1+json",
  "manifests": [
    {
      "mediaType": "application/vnd.oci.image.manifest.v1+json",
      "digest": "sha256:3ba297b390262c785d25f89e54d810722ded2a079eb8b8f28b3c3c078903c06e",
      "size": 863,
      "platform": {
        "architecture": "amd64",
        "os": "linux"
      }
    },
    {
      "mediaType": "application/vnd.oci.image.manifest.v1+json",
      "digest": "sha256:2ac603a736b55797666b9c031a06401030819829cade8d869ad0c9e50884034f",
      "size": 1813,
      "platform": {
        "architecture": "arm64",
        "os": "linux"
      }
    },
    {
      "mediaType": "application/vnd.oci.image.manifest.v1+json",
      "digest": "sha256:88e9b75c16455eceb051ebc2ec41e5c0b73ea0d20374325d5abb52fbbd787b6b",
      "size": 564,
      "annotations": {
        "vnd.docker.reference.digest": "sha256:3ba297b390262c785d25f89e54d810722ded2a079eb8b8f28b3c3c078903c06e",
        "vnd.docker.reference.type": "attestation-manifest"
      },
      "platform": {
        "architecture": "unknown",
        "os": "unknown"
      }
    },
    {
      "mediaType": "application/vnd.oci.image.manifest.v1+json",
      "digest": "sha256:d19b321281c66f9e7b9632a6f17ef39a9872a73df3dc1661a5ebb42b0e51e765",
      "size": 564,
      "annotations": {
        "vnd.docker.reference.digest": "sha256:2ac603a736b55797666b9c031a06401030819829cade8d869ad0c9e50884034f",
        "vnd.docker.reference.type": "attestation-manifest"
      },
      "platform": {
        "architecture": "unknown",
        "os": "unknown"
      }
    }
  ]
}
+ echo {
  "schemaVersion": 2,
  "mediaType": "application/vnd.oci.image.index.v1+json",
  "manifests": [
    {
      "mediaType": "application/vnd.oci.image.manifest.v1+json",
      "digest": "sha256:3ba297b390262c785d25f89e54d810722ded2a079eb8b8f28b3c3c078903c06e",
      "size": 863,
      "platform": {
        "architecture": "amd64",
        "os": "linux"
      }
    },
    {
      "mediaType": "application/vnd.oci.image.manifest.v1+json",
      "digest": "sha256:2ac603a736b55797666b9c031a06401030819829cade8d869ad0c9e50884034f",
      "size": 1813,
      "platform": {
        "architecture": "arm64",
        "os": "linux"
      }
    },
    {
      "mediaType": "application/vnd.oci.image.manifest.v1+json",
      "digest": "sha256:88e9b75c16455eceb051ebc2ec41e5c0b73ea0d20374325d5abb52fbbd787b6b",
      "size": 564,
      "annotations": {
        "vnd.docker.reference.digest": "sha256:3ba297b390262c785d25f89e54d810722ded2a079eb8b8f28b3c3c078903c06e",
        "vnd.docker.reference.type": "attestation-manifest"
      },
      "platform": {
        "architecture": "unknown",
        "os": "unknown"
      }
    },
    {
      "mediaType": "application/vnd.oci.image.manifest.v1+json",
      "digest": "sha256:d19b321281c66f9e7b9632a6f17ef39a9872a73df3dc1661a5ebb42b0e51e765",
      "size": 564,
      "annotations": {
        "vnd.docker.reference.digest": "sha256:2ac603a736b55797666b9c031a06401030819829cade8d869ad0c9e50884034f",
        "vnd.docker.reference.type": "attestation-manifest"
      },
      "platform": {
        "architecture": "unknown",
        "os": "unknown"
      }
    }
  ]
}
{
  "schemaVersion": 2,
  "mediaType": "application/vnd.oci.image.index.v1+json",
  "manifests": [
    {
      "mediaType": "application/vnd.oci.image.manifest.v1+json",
      "digest": "sha256:3ba297b390262c785d25f89e54d810722ded2a079eb8b8f28b3c3c078903c06e",
      "size": 863,
      "platform": {
        "architecture": "amd64",
        "os": "linux"
      }
    },
    {
      "mediaType": "application/vnd.oci.image.manifest.v1+json",
      "digest": "sha256:2ac603a736b55797666b9c031a06401030819829cade8d869ad0c9e50884034f",
      "size": 1813,
      "platform": {
        "architecture": "arm64",
        "os": "linux"
      }
    },
    {
      "mediaType": "application/vnd.oci.image.manifest.v1+json",
      "digest": "sha256:88e9b75c16455eceb051ebc2ec41e5c0b73ea0d20374325d5abb52fbbd787b6b",
      "size": 564,
      "annotations": {
        "vnd.docker.reference.digest": "sha256:3ba297b390262c785d25f89e54d810722ded2a079eb8b8f28b3c3c078903c06e",
        "vnd.docker.reference.type": "attestation-manifest"
      },
      "platform": {
        "architecture": "unknown",
        "os": "unknown"
      }
    },
    {
      "mediaType": "application/vnd.oci.image.manifest.v1+json",
      "digest": "sha256:d19b321281c66f9e7b9632a6f17ef39a9872a73df3dc1661a5ebb42b0e51e765",
      "size": 564,
      "annotations": {
        "vnd.docker.reference.digest": "sha256:2ac603a736b55797666b9c031a06401030819829cade8d869ad0c9e50884034f",
        "vnd.docker.reference.type": "attestation-manifest"
      },
      "platform": {
        "architecture": "unknown",
        "os": "unknown"
      }
    }
  ]
}
+ echo

+ echo ===== PLATFORM VERIFY =====
===== PLATFORM VERIFY =====
+ echo {
  "schemaVersion": 2,
  "mediaType": "application/vnd.oci.image.index.v1+json",
  "manifests": [
    {
      "mediaType": "application/vnd.oci.image.manifest.v1+json",
      "digest": "sha256:3ba297b390262c785d25f89e54d810722ded2a079eb8b8f28b3c3c078903c06e",
      "size": 863,
      "platform": {
        "architecture": "amd64",
        "os": "linux"
      }
    },
    {
      "mediaType": "application/vnd.oci.image.manifest.v1+json",
      "digest": "sha256:2ac603a736b55797666b9c031a06401030819829cade8d869ad0c9e50884034f",
      "size": 1813,
      "platform": {
        "architecture": "arm64",
        "os": "linux"
      }
    },
    {
      "mediaType": "application/vnd.oci.image.manifest.v1+json",
      "digest": "sha256:88e9b75c16455eceb051ebc2ec41e5c0b73ea0d20374325d5abb52fbbd787b6b",
      "size": 564,
      "annotations": {
        "vnd.docker.reference.digest": "sha256:3ba297b390262c785d25f89e54d810722ded2a079eb8b8f28b3c3c078903c06e",
        "vnd.docker.reference.type": "attestation-manifest"
      },
      "platform": {
        "architecture": "unknown",
        "os": "unknown"
      }
    },
    {
      "mediaType": "application/vnd.oci.image.manifest.v1+json",
      "digest": "sha256:d19b321281c66f9e7b9632a6f17ef39a9872a73df3dc1661a5ebb42b0e51e765",
      "size": 564,
      "annotations": {
        "vnd.docker.reference.digest": "sha256:2ac603a736b55797666b9c031a06401030819829cade8d869ad0c9e50884034f",
        "vnd.docker.reference.type": "attestation-manifest"
      },
      "platform": {
        "architecture": "unknown",
        "os": "unknown"
      }
    }
  ]
}
+ grep -Eq "architecture"[[:space:]]*:[[:space:]]*"amd64"
+ echo linux/amd64: OK
linux/amd64: OK
+ + grep -Eq "architecture"[[:space:]]*:[[:space:]]*"arm64"
echo {
  "schemaVersion": 2,
  "mediaType": "application/vnd.oci.image.index.v1+json",
  "manifests": [
    {
      "mediaType": "application/vnd.oci.image.manifest.v1+json",
      "digest": "sha256:3ba297b390262c785d25f89e54d810722ded2a079eb8b8f28b3c3c078903c06e",
      "size": 863,
      "platform": {
        "architecture": "amd64",
        "os": "linux"
      }
    },
    {
      "mediaType": "application/vnd.oci.image.manifest.v1+json",
      "digest": "sha256:2ac603a736b55797666b9c031a06401030819829cade8d869ad0c9e50884034f",
      "size": 1813,
      "platform": {
        "architecture": "arm64",
        "os": "linux"
      }
    },
    {
      "mediaType": "application/vnd.oci.image.manifest.v1+json",
      "digest": "sha256:88e9b75c16455eceb051ebc2ec41e5c0b73ea0d20374325d5abb52fbbd787b6b",
      "size": 564,
      "annotations": {
        "vnd.docker.reference.digest": "sha256:3ba297b390262c785d25f89e54d810722ded2a079eb8b8f28b3c3c078903c06e",
        "vnd.docker.reference.type": "attestation-manifest"
      },
      "platform": {
        "architecture": "unknown",
        "os": "unknown"
      }
    },
    {
      "mediaType": "application/vnd.oci.image.manifest.v1+json",
      "digest": "sha256:d19b321281c66f9e7b9632a6f17ef39a9872a73df3dc1661a5ebb42b0e51e765",
      "size": 564,
      "annotations": {
        "vnd.docker.reference.digest": "sha256:2ac603a736b55797666b9c031a06401030819829cade8d869ad0c9e50884034f",
        "vnd.docker.reference.type": "attestation-manifest"
      },
      "platform": {
        "architecture": "unknown",
        "os": "unknown"
      }
    }
  ]
}
+ echo linux/arm64: OK
linux/arm64: OK
[Pipeline] }
[Pipeline] // stage
[Pipeline] stage
[Pipeline] { (Git Promotion)
[Pipeline] withCredentials
Masking supported pattern matches of $GITHUB_SSH_KEY
[Pipeline] {
[Pipeline] sh
+ set -eu
+ echo ===== GIT IMAGE PROMOTION =====
===== GIT IMAGE PROMOTION =====
+ export GIT_SSH_COMMAND=ssh -i **** -o IdentitiesOnly=yes -o StrictHostKeyChecking=yes -o UserKnownHostsFile=/var/jenkins_home/.ssh/known_hosts
+ MANIFEST=k8s/production/petclinic.yaml
+ cat .git-sha
+ SOURCE_GIT_SHA=5c7622bb7af6423e010a0032381e08247ae8d266
+ echo

+ echo ===== FETCH REMOTE MAIN =====
===== FETCH REMOTE MAIN =====
+ FETCH_OK=false
+ git fetch origin main
From github.com:yipintangzsp/spring-petclinic
 * branch            main       -> FETCH_HEAD
+ FETCH_OK=true
+ break
+ [ true != true ]
+ git rev-parse refs/remotes/origin/main
+ REMOTE_MAIN_SHA=5c7622bb7af6423e010a0032381e08247ae8d266
+ echo SOURCE_GIT_SHA=5c7622bb7af6423e010a0032381e08247ae8d266
SOURCE_GIT_SHA=5c7622bb7af6423e010a0032381e08247ae8d266
+ echo REMOTE_MAIN_SHA=5c7622bb7af6423e010a0032381e08247ae8d266
REMOTE_MAIN_SHA=5c7622bb7af6423e010a0032381e08247ae8d266
+ [ 5c7622bb7af6423e010a0032381e08247ae8d266 != 5c7622bb7af6423e010a0032381e08247ae8d266 ]
+ echo

+ echo ===== CHECKOUT PROMOTION BRANCH =====
===== CHECKOUT PROMOTION BRANCH =====
+ git checkout -B main refs/remotes/origin/main
Switched to and reset branch 'main'
branch 'main' set up to track 'origin/main'.
Your branch is up to date with 'origin/main'.
+ echo

+ echo ===== CURRENT MANIFEST IMAGE =====
===== CURRENT MANIFEST IMAGE =====
+ grep -E ^[[:space:]]*image:[[:space:]]+10\.0\.0\.3:30050/petclinic/petclinic: k8s/production/petclinic.yaml
          image: 10.0.0.3:30050/petclinic/petclinic:0.5.0-ci-78
+ grep -Ec ^[[:space:]]*image:[[:space:]]+10\.0\.0\.3:30050/petclinic/petclinic: k8s/production/petclinic.yaml
+ IMAGE_LINE_COUNT=1
+ echo IMAGE_LINE_COUNT=1
IMAGE_LINE_COUNT=1
+ [ 1 -ne 1 ]
+ echo

+ echo ===== PROMOTE IMAGE =====
===== PROMOTE IMAGE =====
+ sed -i -E s#^([[:space:]]*)image:[[:space:]]+10\.0\.0\.3:30050/petclinic/petclinic:.*#\1image: 10.0.0.3:30050/petclinic/petclinic:0.6.0-ci-80# k8s/production/petclinic.yaml
+ date -u +%Y-%m-%dT%H:%M:%SZ
+ BUILD_TIME_UTC=2026-09-30T10:28:20Z
+ sed -i -E /name: APPLICATION_VERSION/{n;s#^([[:space:]]*)value:.*#\1value: '0.6.0-ci-80'#;} k8s/production/petclinic.yaml
+ sed -i -E /name: BUILD_NUMBER/{n;s#^([[:space:]]*)value:.*#\1value: '80'#;} k8s/production/petclinic.yaml
+ sed -i -E /name: BUILD_GIT_COMMIT/{n;s#^([[:space:]]*)value:.*#\1value: '5c7622bb7af6423e010a0032381e08247ae8d266'#;} k8s/production/petclinic.yaml
+ sed -i -E /name: BUILD_TIME/{n;s#^([[:space:]]*)value:.*#\1value: '2026-09-30T10:28:20Z'#;} k8s/production/petclinic.yaml
+ echo

+ echo ===== PROMOTED MANIFEST IMAGE =====
===== PROMOTED MANIFEST IMAGE =====
+ grep -E ^[[:space:]]*image: k8s/production/petclinic.yaml
          image: 10.0.0.3:30050/petclinic/petclinic:0.6.0-ci-80
+ grep -A1 -E name: (APPLICATION_VERSION|BUILD_NUMBER|BUILD_GIT_COMMIT|BUILD_TIME) k8s/production/petclinic.yaml
            - name: APPLICATION_VERSION
              value: '0.6.0-ci-80'
            - name: BUILD_NUMBER
              value: '80'
            - name: BUILD_GIT_COMMIT
              value: '5c7622bb7af6423e010a0032381e08247ae8d266'
            - name: BUILD_TIME
              value: '2026-09-30T10:28:20Z'
+ echo

+ echo ===== PROMOTION DIFF =====
===== PROMOTION DIFF =====
+ git diff -- k8s/production/petclinic.yaml
diff --git a/k8s/production/petclinic.yaml b/k8s/production/petclinic.yaml
index 817c82d..d0ab35e 100644
--- a/k8s/production/petclinic.yaml
+++ b/k8s/production/petclinic.yaml
@@ -52,7 +52,7 @@ spec:
 
       containers:
         - name: petclinic
-          image: 10.0.0.3:30050/petclinic/petclinic:0.5.0-ci-78
+          image: 10.0.0.3:30050/petclinic/petclinic:0.6.0-ci-80
           imagePullPolicy: IfNotPresent
 
           securityContext:
@@ -68,13 +68,13 @@ spec:
           env:
             # Updated together with the immutable image tag by Jenkins Git promotion.
             - name: APPLICATION_VERSION
-              value: '0.5.0-ci-78'
+              value: '0.6.0-ci-80'
             - name: BUILD_NUMBER
-              value: '78'
+              value: '80'
             - name: BUILD_GIT_COMMIT
-              value: '9436e344a9b5ff2719fce99bd3cc5c5ca0e1b26d'
+              value: '5c7622bb7af6423e010a0032381e08247ae8d266'
             - name: BUILD_TIME
-              value: '2026-09-30T06:53:16Z'
+              value: '2026-09-30T10:28:20Z'
 
             - name: SPRING_PROFILES_ACTIVE
               valueFrom:
+ git diff --quiet -- k8s/production/petclinic.yaml
+ git config user.name jenkins-petclinic-ci
+ git config user.email jenkins-petclinic-ci@users.noreply.github.com
+ git add k8s/production/petclinic.yaml
+ git commit -m cd: promote petclinic image to 0.6.0-ci-80
[main 76a8836] cd: promote petclinic image to 0.6.0-ci-80
 1 file changed, 5 insertions(+), 5 deletions(-)
+ echo

+ echo ===== PUSH PROMOTION =====
===== PUSH PROMOTION =====
+ git push origin main:main
To github.com:yipintangzsp/spring-petclinic.git
   5c7622b..76a8836  main -> main
+ echo

+ echo GIT_PROMOTION=OK
GIT_PROMOTION=OK
+ git log -1 --oneline
76a8836 cd: promote petclinic image to 0.6.0-ci-80
[Pipeline] }
[Pipeline] // withCredentials
[Pipeline] }
[Pipeline] // stage
[Pipeline] stage
[Pipeline] { (Wait for ArgoCD Sync)
[Pipeline] sh
+ set -eu
+ echo ===== WAIT FOR ARGOCD SYNC =====
===== WAIT FOR ARGOCD SYNC =====
+ git rev-parse HEAD
+ TARGET_GIT_SHA=76a8836ca24092614e479ff5c5ddc952e3a914e8
+ echo TARGET_GIT_SHA=76a8836ca24092614e479ff5c5ddc952e3a914e8
TARGET_GIT_SHA=76a8836ca24092614e479ff5c5ddc952e3a914e8
+ echo TARGET_IMAGE=10.0.0.3:30050/petclinic/petclinic:0.6.0-ci-80
TARGET_IMAGE=10.0.0.3:30050/petclinic/petclinic:0.6.0-ci-80
+ printf %s 76a8836ca24092614e479ff5c5ddc952e3a914e8
+ touch .deploy-started
+ sync_ok=0
+ seq 1 180
+ kubectl -n argocd get application petclinic -o jsonpath={.status.sync.status}
+ ARGO_SYNC=Synced
+ kubectl -n argocd get application petclinic -o jsonpath={.status.health.status}
+ ARGO_HEALTH=Healthy
+ kubectl -n argocd get application petclinic -o jsonpath={.status.sync.revision}
+ ARGO_REVISION=5c7622bb7af6423e010a0032381e08247ae8d266
+ echo ARGO_CHECK=1 SYNC=Synced HEALTH=Healthy REVISION=5c7622bb7af6423e010a0032381e08247ae8d266
ARGO_CHECK=1 SYNC=Synced HEALTH=Healthy REVISION=5c7622bb7af6423e010a0032381e08247ae8d266
+ [ Synced = Synced ]
+ [ Healthy = Healthy ]
+ [ 5c7622bb7af6423e010a0032381e08247ae8d266 = 76a8836ca24092614e479ff5c5ddc952e3a914e8 ]
+ sleep 5
+ kubectl -n argocd get application petclinic -o jsonpath={.status.sync.status}
+ ARGO_SYNC=Synced
+ kubectl -n argocd get application petclinic -o jsonpath={.status.health.status}
+ ARGO_HEALTH=Healthy
+ kubectl -n argocd get application petclinic -o jsonpath={.status.sync.revision}
+ ARGO_REVISION=5c7622bb7af6423e010a0032381e08247ae8d266
+ echo ARGO_CHECK=2 SYNC=Synced HEALTH=Healthy REVISION=5c7622bb7af6423e010a0032381e08247ae8d266
ARGO_CHECK=2 SYNC=Synced HEALTH=Healthy REVISION=5c7622bb7af6423e010a0032381e08247ae8d266
+ [ Synced = Synced ]
+ [ Healthy = Healthy ]
+ [ 5c7622bb7af6423e010a0032381e08247ae8d266 = 76a8836ca24092614e479ff5c5ddc952e3a914e8 ]
+ sleep 5
+ kubectl -n argocd get application petclinic -o jsonpath={.status.sync.status}
+ ARGO_SYNC=Synced
+ kubectl -n argocd get application petclinic -o jsonpath={.status.health.status}
+ ARGO_HEALTH=Healthy
+ kubectl -n argocd get application petclinic -o jsonpath={.status.sync.revision}
+ ARGO_REVISION=5c7622bb7af6423e010a0032381e08247ae8d266
+ echo ARGO_CHECK=3 SYNC=Synced HEALTH=Healthy REVISION=5c7622bb7af6423e010a0032381e08247ae8d266
ARGO_CHECK=3 SYNC=Synced HEALTH=Healthy REVISION=5c7622bb7af6423e010a0032381e08247ae8d266
+ [ Synced = Synced ]
+ [ Healthy = Healthy ]
+ [ 5c7622bb7af6423e010a0032381e08247ae8d266 = 76a8836ca24092614e479ff5c5ddc952e3a914e8 ]
+ sleep 5
+ kubectl -n argocd get application petclinic -o jsonpath={.status.sync.status}
+ ARGO_SYNC=Synced
+ kubectl -n argocd get application petclinic -o jsonpath={.status.health.status}
+ ARGO_HEALTH=Healthy
+ kubectl -n argocd get application petclinic -o jsonpath={.status.sync.revision}
+ ARGO_REVISION=5c7622bb7af6423e010a0032381e08247ae8d266
+ echo ARGO_CHECK=4 SYNC=Synced HEALTH=Healthy REVISION=5c7622bb7af6423e010a0032381e08247ae8d266
ARGO_CHECK=4 SYNC=Synced HEALTH=Healthy REVISION=5c7622bb7af6423e010a0032381e08247ae8d266
+ [ Synced = Synced ]
+ [ Healthy = Healthy ]
+ [ 5c7622bb7af6423e010a0032381e08247ae8d266 = 76a8836ca24092614e479ff5c5ddc952e3a914e8 ]
+ sleep 5
+ kubectl -n argocd get application petclinic -o jsonpath={.status.sync.status}
+ ARGO_SYNC=Synced
+ kubectl -n argocd get application petclinic -o jsonpath={.status.health.status}
+ ARGO_HEALTH=Healthy
+ kubectl -n argocd get application petclinic -o jsonpath={.status.sync.revision}
+ ARGO_REVISION=5c7622bb7af6423e010a0032381e08247ae8d266
+ echo ARGO_CHECK=5 SYNC=Synced HEALTH=Healthy REVISION=5c7622bb7af6423e010a0032381e08247ae8d266
ARGO_CHECK=5 SYNC=Synced HEALTH=Healthy REVISION=5c7622bb7af6423e010a0032381e08247ae8d266
+ [ Synced = Synced ]
+ [ Healthy = Healthy ]
+ [ 5c7622bb7af6423e010a0032381e08247ae8d266 = 76a8836ca24092614e479ff5c5ddc952e3a914e8 ]
+ sleep 5
+ kubectl -n argocd get application petclinic -o jsonpath={.status.sync.status}
+ ARGO_SYNC=Synced
+ kubectl -n argocd get application petclinic -o jsonpath={.status.health.status}
+ ARGO_HEALTH=Healthy
+ kubectl -n argocd get application petclinic -o jsonpath={.status.sync.revision}
+ ARGO_REVISION=5c7622bb7af6423e010a0032381e08247ae8d266
+ echo ARGO_CHECK=6 SYNC=Synced HEALTH=Healthy REVISION=5c7622bb7af6423e010a0032381e08247ae8d266
ARGO_CHECK=6 SYNC=Synced HEALTH=Healthy REVISION=5c7622bb7af6423e010a0032381e08247ae8d266
+ [ Synced = Synced ]
+ [ Healthy = Healthy ]
+ [ 5c7622bb7af6423e010a0032381e08247ae8d266 = 76a8836ca24092614e479ff5c5ddc952e3a914e8 ]
+ sleep 5
+ kubectl -n argocd get application petclinic -o jsonpath={.status.sync.status}
+ ARGO_SYNC=Synced
+ kubectl -n argocd get application petclinic -o jsonpath={.status.health.status}
+ ARGO_HEALTH=Healthy
+ kubectl -n argocd get application petclinic -o jsonpath={.status.sync.revision}
+ ARGO_REVISION=5c7622bb7af6423e010a0032381e08247ae8d266
+ echo ARGO_CHECK=7 SYNC=Synced HEALTH=Healthy REVISION=5c7622bb7af6423e010a0032381e08247ae8d266
ARGO_CHECK=7 SYNC=Synced HEALTH=Healthy REVISION=5c7622bb7af6423e010a0032381e08247ae8d266
+ [ Synced = Synced ]
+ [ Healthy = Healthy ]
+ [ 5c7622bb7af6423e010a0032381e08247ae8d266 = 76a8836ca24092614e479ff5c5ddc952e3a914e8 ]
+ sleep 5
+ kubectl -n argocd get application petclinic -o jsonpath={.status.sync.status}
+ ARGO_SYNC=Synced
+ kubectl -n argocd get application petclinic -o jsonpath={.status.health.status}
+ ARGO_HEALTH=Healthy
+ kubectl -n argocd get application petclinic -o jsonpath={.status.sync.revision}
+ ARGO_REVISION=5c7622bb7af6423e010a0032381e08247ae8d266
+ echo ARGO_CHECK=8 SYNC=Synced HEALTH=Healthy REVISION=5c7622bb7af6423e010a0032381e08247ae8d266
ARGO_CHECK=8 SYNC=Synced HEALTH=Healthy REVISION=5c7622bb7af6423e010a0032381e08247ae8d266
+ [ Synced = Synced ]
+ [ Healthy = Healthy ]
+ [ 5c7622bb7af6423e010a0032381e08247ae8d266 = 76a8836ca24092614e479ff5c5ddc952e3a914e8 ]
+ sleep 5
+ kubectl -n argocd get application petclinic -o jsonpath={.status.sync.status}
+ ARGO_SYNC=Synced
+ kubectl -n argocd get application petclinic -o jsonpath={.status.health.status}
+ ARGO_HEALTH=Healthy
+ kubectl -n argocd get application petclinic -o jsonpath={.status.sync.revision}
+ ARGO_REVISION=5c7622bb7af6423e010a0032381e08247ae8d266
+ echo ARGO_CHECK=9 SYNC=Synced HEALTH=Healthy REVISION=5c7622bb7af6423e010a0032381e08247ae8d266
ARGO_CHECK=9 SYNC=Synced HEALTH=Healthy REVISION=5c7622bb7af6423e010a0032381e08247ae8d266
+ [ Synced = Synced ]
+ [ Healthy = Healthy ]
+ [ 5c7622bb7af6423e010a0032381e08247ae8d266 = 76a8836ca24092614e479ff5c5ddc952e3a914e8 ]
+ sleep 5
+ kubectl -n argocd get application petclinic -o jsonpath={.status.sync.status}
+ ARGO_SYNC=OutOfSync
+ kubectl -n argocd get application petclinic -o jsonpath={.status.health.status}
+ ARGO_HEALTH=Healthy
+ kubectl -n argocd get application petclinic -o jsonpath={.status.sync.revision}
+ ARGO_REVISION=76a8836ca24092614e479ff5c5ddc952e3a914e8
+ echo ARGO_CHECK=10 SYNC=OutOfSync HEALTH=Healthy REVISION=76a8836ca24092614e479ff5c5ddc952e3a914e8
ARGO_CHECK=10 SYNC=OutOfSync HEALTH=Healthy REVISION=76a8836ca24092614e479ff5c5ddc952e3a914e8
+ [ OutOfSync = Synced ]
+ sleep 5
+ kubectl -n argocd get application petclinic -o jsonpath={.status.sync.status}
+ ARGO_SYNC=Synced
+ kubectl -n argocd get application petclinic -o jsonpath={.status.health.status}
+ ARGO_HEALTH=Progressing
+ kubectl -n argocd get application petclinic -o jsonpath={.status.sync.revision}
+ ARGO_REVISION=76a8836ca24092614e479ff5c5ddc952e3a914e8
+ echo ARGO_CHECK=11 SYNC=Synced HEALTH=Progressing REVISION=76a8836ca24092614e479ff5c5ddc952e3a914e8
ARGO_CHECK=11 SYNC=Synced HEALTH=Progressing REVISION=76a8836ca24092614e479ff5c5ddc952e3a914e8
+ [ Synced = Synced ]
+ [ Progressing = Healthy ]
+ sleep 5
+ kubectl -n argocd get application petclinic -o jsonpath={.status.sync.status}
+ ARGO_SYNC=Synced
+ kubectl -n argocd get application petclinic -o jsonpath={.status.health.status}
+ ARGO_HEALTH=Progressing
+ kubectl -n argocd get application petclinic -o jsonpath={.status.sync.revision}
+ ARGO_REVISION=76a8836ca24092614e479ff5c5ddc952e3a914e8
+ echo ARGO_CHECK=12 SYNC=Synced HEALTH=Progressing REVISION=76a8836ca24092614e479ff5c5ddc952e3a914e8
ARGO_CHECK=12 SYNC=Synced HEALTH=Progressing REVISION=76a8836ca24092614e479ff5c5ddc952e3a914e8
+ [ Synced = Synced ]
+ [ Progressing = Healthy ]
+ sleep 5
+ kubectl -n argocd get application petclinic -o jsonpath={.status.sync.status}
+ ARGO_SYNC=Synced
+ kubectl -n argocd get application petclinic -o jsonpath={.status.health.status}
+ ARGO_HEALTH=Progressing
+ kubectl -n argocd get application petclinic -o jsonpath={.status.sync.revision}
+ ARGO_REVISION=76a8836ca24092614e479ff5c5ddc952e3a914e8
+ echo ARGO_CHECK=13 SYNC=Synced HEALTH=Progressing REVISION=76a8836ca24092614e479ff5c5ddc952e3a914e8
ARGO_CHECK=13 SYNC=Synced HEALTH=Progressing REVISION=76a8836ca24092614e479ff5c5ddc952e3a914e8
+ [ Synced = Synced ]
+ [ Progressing = Healthy ]
+ sleep 5
+ kubectl -n argocd get application petclinic -o jsonpath={.status.sync.status}
+ ARGO_SYNC=Synced
+ kubectl -n argocd get application petclinic -o jsonpath={.status.health.status}
+ ARGO_HEALTH=Progressing
+ kubectl -n argocd get application petclinic -o jsonpath={.status.sync.revision}
+ ARGO_REVISION=76a8836ca24092614e479ff5c5ddc952e3a914e8
+ echo ARGO_CHECK=14 SYNC=Synced HEALTH=Progressing REVISION=76a8836ca24092614e479ff5c5ddc952e3a914e8
ARGO_CHECK=14 SYNC=Synced HEALTH=Progressing REVISION=76a8836ca24092614e479ff5c5ddc952e3a914e8
+ [ Synced = Synced ]
+ [ Progressing = Healthy ]
+ sleep 5
+ kubectl -n argocd get application petclinic -o jsonpath={.status.sync.status}
+ ARGO_SYNC=Synced
+ kubectl -n argocd get application petclinic -o jsonpath={.status.health.status}
+ ARGO_HEALTH=Progressing
+ kubectl -n argocd get application petclinic -o jsonpath={.status.sync.revision}
+ ARGO_REVISION=76a8836ca24092614e479ff5c5ddc952e3a914e8
+ echo ARGO_CHECK=15 SYNC=Synced HEALTH=Progressing REVISION=76a8836ca24092614e479ff5c5ddc952e3a914e8
ARGO_CHECK=15 SYNC=Synced HEALTH=Progressing REVISION=76a8836ca24092614e479ff5c5ddc952e3a914e8
+ [ Synced = Synced ]
+ [ Progressing = Healthy ]
+ sleep 5
+ kubectl -n argocd get application petclinic -o jsonpath={.status.sync.status}
+ ARGO_SYNC=Synced
+ kubectl -n argocd get application petclinic -o jsonpath={.status.health.status}
+ ARGO_HEALTH=Progressing
+ kubectl -n argocd get application petclinic -o jsonpath={.status.sync.revision}
+ ARGO_REVISION=76a8836ca24092614e479ff5c5ddc952e3a914e8
+ echo ARGO_CHECK=16 SYNC=Synced HEALTH=Progressing REVISION=76a8836ca24092614e479ff5c5ddc952e3a914e8
ARGO_CHECK=16 SYNC=Synced HEALTH=Progressing REVISION=76a8836ca24092614e479ff5c5ddc952e3a914e8
+ [ Synced = Synced ]
+ [ Progressing = Healthy ]
+ sleep 5
+ kubectl -n argocd get application petclinic -o jsonpath={.status.sync.status}
+ ARGO_SYNC=Synced
+ kubectl -n argocd get application petclinic -o jsonpath={.status.health.status}
+ ARGO_HEALTH=Progressing
+ kubectl -n argocd get application petclinic -o jsonpath={.status.sync.revision}
+ ARGO_REVISION=76a8836ca24092614e479ff5c5ddc952e3a914e8
+ echo ARGO_CHECK=17 SYNC=Synced HEALTH=Progressing REVISION=76a8836ca24092614e479ff5c5ddc952e3a914e8
ARGO_CHECK=17 SYNC=Synced HEALTH=Progressing REVISION=76a8836ca24092614e479ff5c5ddc952e3a914e8
+ [ Synced = Synced ]
+ [ Progressing = Healthy ]
+ sleep 5
+ kubectl -n argocd get application petclinic -o jsonpath={.status.sync.status}
+ ARGO_SYNC=Synced
+ kubectl -n argocd get application petclinic -o jsonpath={.status.health.status}
+ ARGO_HEALTH=Progressing
+ kubectl -n argocd get application petclinic -o jsonpath={.status.sync.revision}
+ ARGO_REVISION=76a8836ca24092614e479ff5c5ddc952e3a914e8
+ echo ARGO_CHECK=18 SYNC=Synced HEALTH=Progressing REVISION=76a8836ca24092614e479ff5c5ddc952e3a914e8
ARGO_CHECK=18 SYNC=Synced HEALTH=Progressing REVISION=76a8836ca24092614e479ff5c5ddc952e3a914e8
+ [ Synced = Synced ]
+ [ Progressing = Healthy ]
+ sleep 5
+ kubectl -n argocd get application petclinic -o jsonpath={.status.sync.status}
+ ARGO_SYNC=Synced
+ kubectl -n argocd get application petclinic -o jsonpath={.status.health.status}
+ ARGO_HEALTH=Progressing
+ kubectl -n argocd get application petclinic -o jsonpath={.status.sync.revision}
+ ARGO_REVISION=76a8836ca24092614e479ff5c5ddc952e3a914e8
+ echo ARGO_CHECK=19 SYNC=Synced HEALTH=Progressing REVISION=76a8836ca24092614e479ff5c5ddc952e3a914e8
ARGO_CHECK=19 SYNC=Synced HEALTH=Progressing REVISION=76a8836ca24092614e479ff5c5ddc952e3a914e8
+ [ Synced = Synced ]
+ [ Progressing = Healthy ]
+ sleep 5
+ kubectl -n argocd get application petclinic -o jsonpath={.status.sync.status}
+ ARGO_SYNC=Synced
+ kubectl -n argocd get application petclinic -o jsonpath={.status.health.status}
+ ARGO_HEALTH=Progressing
+ kubectl -n argocd get application petclinic -o jsonpath={.status.sync.revision}
+ ARGO_REVISION=76a8836ca24092614e479ff5c5ddc952e3a914e8
+ echo ARGO_CHECK=20 SYNC=Synced HEALTH=Progressing REVISION=76a8836ca24092614e479ff5c5ddc952e3a914e8
ARGO_CHECK=20 SYNC=Synced HEALTH=Progressing REVISION=76a8836ca24092614e479ff5c5ddc952e3a914e8
+ [ Synced = Synced ]
+ [ Progressing = Healthy ]
+ sleep 5
+ kubectl -n argocd get application petclinic -o jsonpath={.status.sync.status}
+ ARGO_SYNC=Synced
+ kubectl -n argocd get application petclinic -o jsonpath={.status.health.status}
+ ARGO_HEALTH=Progressing
+ kubectl -n argocd get application petclinic -o jsonpath={.status.sync.revision}
+ ARGO_REVISION=76a8836ca24092614e479ff5c5ddc952e3a914e8
+ echo ARGO_CHECK=21 SYNC=Synced HEALTH=Progressing REVISION=76a8836ca24092614e479ff5c5ddc952e3a914e8
ARGO_CHECK=21 SYNC=Synced HEALTH=Progressing REVISION=76a8836ca24092614e479ff5c5ddc952e3a914e8
+ [ Synced = Synced ]
+ [ Progressing = Healthy ]
+ sleep 5
+ kubectl -n argocd get application petclinic -o jsonpath={.status.sync.status}
+ ARGO_SYNC=Synced
+ kubectl -n argocd get application petclinic -o jsonpath={.status.health.status}
+ ARGO_HEALTH=Progressing
+ kubectl -n argocd get application petclinic -o jsonpath={.status.sync.revision}
+ ARGO_REVISION=76a8836ca24092614e479ff5c5ddc952e3a914e8
+ echo ARGO_CHECK=22 SYNC=Synced HEALTH=Progressing REVISION=76a8836ca24092614e479ff5c5ddc952e3a914e8
ARGO_CHECK=22 SYNC=Synced HEALTH=Progressing REVISION=76a8836ca24092614e479ff5c5ddc952e3a914e8
+ [ Synced = Synced ]
+ [ Progressing = Healthy ]
+ sleep 5
+ kubectl -n argocd get application petclinic -o jsonpath={.status.sync.status}
+ ARGO_SYNC=Synced
+ kubectl -n argocd get application petclinic -o jsonpath={.status.health.status}
+ ARGO_HEALTH=Progressing
+ kubectl -n argocd get application petclinic -o jsonpath={.status.sync.revision}
+ ARGO_REVISION=76a8836ca24092614e479ff5c5ddc952e3a914e8
+ echo ARGO_CHECK=23 SYNC=Synced HEALTH=Progressing REVISION=76a8836ca24092614e479ff5c5ddc952e3a914e8
ARGO_CHECK=23 SYNC=Synced HEALTH=Progressing REVISION=76a8836ca24092614e479ff5c5ddc952e3a914e8
+ [ Synced = Synced ]
+ [ Progressing = Healthy ]
+ sleep 5
+ kubectl -n argocd get application petclinic -o jsonpath={.status.sync.status}
+ ARGO_SYNC=Synced
+ kubectl -n argocd get application petclinic -o jsonpath={.status.health.status}
+ ARGO_HEALTH=Progressing
+ kubectl -n argocd get application petclinic -o jsonpath={.status.sync.revision}
+ ARGO_REVISION=76a8836ca24092614e479ff5c5ddc952e3a914e8
+ echo ARGO_CHECK=24 SYNC=Synced HEALTH=Progressing REVISION=76a8836ca24092614e479ff5c5ddc952e3a914e8
ARGO_CHECK=24 SYNC=Synced HEALTH=Progressing REVISION=76a8836ca24092614e479ff5c5ddc952e3a914e8
+ [ Synced = Synced ]
+ [ Progressing = Healthy ]
+ sleep 5
+ kubectl -n argocd get application petclinic -o jsonpath={.status.sync.status}
+ ARGO_SYNC=Synced
+ kubectl -n argocd get application petclinic -o jsonpath={.status.health.status}
+ ARGO_HEALTH=Progressing
+ kubectl -n argocd get application petclinic -o jsonpath={.status.sync.revision}
+ ARGO_REVISION=76a8836ca24092614e479ff5c5ddc952e3a914e8
+ echo ARGO_CHECK=25 SYNC=Synced HEALTH=Progressing REVISION=76a8836ca24092614e479ff5c5ddc952e3a914e8
ARGO_CHECK=25 SYNC=Synced HEALTH=Progressing REVISION=76a8836ca24092614e479ff5c5ddc952e3a914e8
+ [ Synced = Synced ]
+ [ Progressing = Healthy ]
+ sleep 5
+ kubectl -n argocd get application petclinic -o jsonpath={.status.sync.status}
+ ARGO_SYNC=Synced
+ kubectl -n argocd get application petclinic -o jsonpath={.status.health.status}
+ ARGO_HEALTH=Progressing
+ kubectl -n argocd get application petclinic -o jsonpath={.status.sync.revision}
+ ARGO_REVISION=76a8836ca24092614e479ff5c5ddc952e3a914e8
+ echo ARGO_CHECK=26 SYNC=Synced HEALTH=Progressing REVISION=76a8836ca24092614e479ff5c5ddc952e3a914e8
ARGO_CHECK=26 SYNC=Synced HEALTH=Progressing REVISION=76a8836ca24092614e479ff5c5ddc952e3a914e8
+ [ Synced = Synced ]
+ [ Progressing = Healthy ]
+ sleep 5
+ kubectl -n argocd get application petclinic -o jsonpath={.status.sync.status}
+ ARGO_SYNC=Synced
+ kubectl -n argocd get application petclinic -o jsonpath={.status.health.status}
+ ARGO_HEALTH=Progressing
+ kubectl -n argocd get application petclinic -o jsonpath={.status.sync.revision}
+ ARGO_REVISION=76a8836ca24092614e479ff5c5ddc952e3a914e8
+ echo ARGO_CHECK=27 SYNC=Synced HEALTH=Progressing REVISION=76a8836ca24092614e479ff5c5ddc952e3a914e8
ARGO_CHECK=27 SYNC=Synced HEALTH=Progressing REVISION=76a8836ca24092614e479ff5c5ddc952e3a914e8
+ [ Synced = Synced ]
+ [ Progressing = Healthy ]
+ sleep 5
+ kubectl -n argocd get application petclinic -o jsonpath={.status.sync.status}
+ ARGO_SYNC=Synced
+ kubectl -n argocd get application petclinic -o jsonpath={.status.health.status}
+ ARGO_HEALTH=Progressing
+ kubectl -n argocd get application petclinic -o jsonpath={.status.sync.revision}
+ ARGO_REVISION=76a8836ca24092614e479ff5c5ddc952e3a914e8
+ echo ARGO_CHECK=28 SYNC=Synced HEALTH=Progressing REVISION=76a8836ca24092614e479ff5c5ddc952e3a914e8
ARGO_CHECK=28 SYNC=Synced HEALTH=Progressing REVISION=76a8836ca24092614e479ff5c5ddc952e3a914e8
+ [ Synced = Synced ]
+ [ Progressing = Healthy ]
+ sleep 5
+ kubectl -n argocd get application petclinic -o jsonpath={.status.sync.status}
+ ARGO_SYNC=Synced
+ kubectl -n argocd get application petclinic -o jsonpath={.status.health.status}
+ ARGO_HEALTH=Progressing
+ kubectl -n argocd get application petclinic -o jsonpath={.status.sync.revision}
+ ARGO_REVISION=76a8836ca24092614e479ff5c5ddc952e3a914e8
+ echo ARGO_CHECK=29 SYNC=Synced HEALTH=Progressing REVISION=76a8836ca24092614e479ff5c5ddc952e3a914e8
ARGO_CHECK=29 SYNC=Synced HEALTH=Progressing REVISION=76a8836ca24092614e479ff5c5ddc952e3a914e8
+ [ Synced = Synced ]
+ [ Progressing = Healthy ]
+ sleep 5
+ kubectl -n argocd get application petclinic -o jsonpath={.status.sync.status}
+ ARGO_SYNC=Synced
+ kubectl -n argocd get application petclinic -o jsonpath={.status.health.status}
+ ARGO_HEALTH=Progressing
+ kubectl -n argocd get application petclinic -o jsonpath={.status.sync.revision}
+ ARGO_REVISION=76a8836ca24092614e479ff5c5ddc952e3a914e8
+ echo ARGO_CHECK=30 SYNC=Synced HEALTH=Progressing REVISION=76a8836ca24092614e479ff5c5ddc952e3a914e8
ARGO_CHECK=30 SYNC=Synced HEALTH=Progressing REVISION=76a8836ca24092614e479ff5c5ddc952e3a914e8
+ [ Synced = Synced ]
+ [ Progressing = Healthy ]
+ sleep 5
+ kubectl -n argocd get application petclinic -o jsonpath={.status.sync.status}
+ ARGO_SYNC=Synced
+ kubectl -n argocd get application petclinic -o jsonpath={.status.health.status}
+ ARGO_HEALTH=Progressing
+ kubectl -n argocd get application petclinic -o jsonpath={.status.sync.revision}
+ ARGO_REVISION=76a8836ca24092614e479ff5c5ddc952e3a914e8
+ echo ARGO_CHECK=31 SYNC=Synced HEALTH=Progressing REVISION=76a8836ca24092614e479ff5c5ddc952e3a914e8
ARGO_CHECK=31 SYNC=Synced HEALTH=Progressing REVISION=76a8836ca24092614e479ff5c5ddc952e3a914e8
+ [ Synced = Synced ]
+ [ Progressing = Healthy ]
+ sleep 5
+ kubectl -n argocd get application petclinic -o jsonpath={.status.sync.status}
+ ARGO_SYNC=Synced
+ kubectl -n argocd get application petclinic -o jsonpath={.status.health.status}
+ ARGO_HEALTH=Progressing
+ kubectl -n argocd get application petclinic -o jsonpath={.status.sync.revision}
+ ARGO_REVISION=76a8836ca24092614e479ff5c5ddc952e3a914e8
+ echo ARGO_CHECK=32 SYNC=Synced HEALTH=Progressing REVISION=76a8836ca24092614e479ff5c5ddc952e3a914e8
ARGO_CHECK=32 SYNC=Synced HEALTH=Progressing REVISION=76a8836ca24092614e479ff5c5ddc952e3a914e8
+ [ Synced = Synced ]
+ [ Progressing = Healthy ]
+ sleep 5
+ kubectl -n argocd get application petclinic -o jsonpath={.status.sync.status}
+ ARGO_SYNC=Synced
+ kubectl -n argocd get application petclinic -o jsonpath={.status.health.status}
+ ARGO_HEALTH=Progressing
+ kubectl -n argocd get application petclinic -o jsonpath={.status.sync.revision}
+ ARGO_REVISION=76a8836ca24092614e479ff5c5ddc952e3a914e8
+ echo ARGO_CHECK=33 SYNC=Synced HEALTH=Progressing REVISION=76a8836ca24092614e479ff5c5ddc952e3a914e8
ARGO_CHECK=33 SYNC=Synced HEALTH=Progressing REVISION=76a8836ca24092614e479ff5c5ddc952e3a914e8
+ [ Synced = Synced ]
+ [ Progressing = Healthy ]
+ sleep 5
+ kubectl -n argocd get application petclinic -o jsonpath={.status.sync.status}
+ ARGO_SYNC=Synced
+ kubectl -n argocd get application petclinic -o jsonpath={.status.health.status}
+ ARGO_HEALTH=Progressing
+ kubectl -n argocd get application petclinic -o jsonpath={.status.sync.revision}
+ ARGO_REVISION=76a8836ca24092614e479ff5c5ddc952e3a914e8
+ echo ARGO_CHECK=34 SYNC=Synced HEALTH=Progressing REVISION=76a8836ca24092614e479ff5c5ddc952e3a914e8
ARGO_CHECK=34 SYNC=Synced HEALTH=Progressing REVISION=76a8836ca24092614e479ff5c5ddc952e3a914e8
+ [ Synced = Synced ]
+ [ Progressing = Healthy ]
+ sleep 5
+ kubectl -n argocd get application petclinic -o jsonpath={.status.sync.status}
+ ARGO_SYNC=Synced
+ kubectl -n argocd get application petclinic -o jsonpath={.status.health.status}
+ ARGO_HEALTH=Progressing
+ kubectl -n argocd get application petclinic -o jsonpath={.status.sync.revision}
+ ARGO_REVISION=76a8836ca24092614e479ff5c5ddc952e3a914e8
+ echo ARGO_CHECK=35 SYNC=Synced HEALTH=Progressing REVISION=76a8836ca24092614e479ff5c5ddc952e3a914e8
ARGO_CHECK=35 SYNC=Synced HEALTH=Progressing REVISION=76a8836ca24092614e479ff5c5ddc952e3a914e8
+ [ Synced = Synced ]
+ [ Progressing = Healthy ]
+ sleep 5
+ kubectl -n argocd get application petclinic -o jsonpath={.status.sync.status}
+ ARGO_SYNC=Synced
+ kubectl -n argocd get application petclinic -o jsonpath={.status.health.status}
+ ARGO_HEALTH=Progressing
+ kubectl -n argocd get application petclinic -o jsonpath={.status.sync.revision}
+ ARGO_REVISION=76a8836ca24092614e479ff5c5ddc952e3a914e8
+ echo ARGO_CHECK=36 SYNC=Synced HEALTH=Progressing REVISION=76a8836ca24092614e479ff5c5ddc952e3a914e8
ARGO_CHECK=36 SYNC=Synced HEALTH=Progressing REVISION=76a8836ca24092614e479ff5c5ddc952e3a914e8
+ [ Synced = Synced ]
+ [ Progressing = Healthy ]
+ sleep 5
+ kubectl -n argocd get application petclinic -o jsonpath={.status.sync.status}
+ ARGO_SYNC=Synced
+ kubectl -n argocd get application petclinic -o jsonpath={.status.health.status}
+ ARGO_HEALTH=Progressing
+ kubectl -n argocd get application petclinic -o jsonpath={.status.sync.revision}
+ ARGO_REVISION=76a8836ca24092614e479ff5c5ddc952e3a914e8
+ echo ARGO_CHECK=37 SYNC=Synced HEALTH=Progressing REVISION=76a8836ca24092614e479ff5c5ddc952e3a914e8
ARGO_CHECK=37 SYNC=Synced HEALTH=Progressing REVISION=76a8836ca24092614e479ff5c5ddc952e3a914e8
+ [ Synced = Synced ]
+ [ Progressing = Healthy ]
+ sleep 5
+ kubectl -n argocd get application petclinic -o jsonpath={.status.sync.status}
+ ARGO_SYNC=Synced
+ kubectl -n argocd get application petclinic -o jsonpath={.status.health.status}
+ ARGO_HEALTH=Progressing
+ kubectl -n argocd get application petclinic -o jsonpath={.status.sync.revision}
+ ARGO_REVISION=76a8836ca24092614e479ff5c5ddc952e3a914e8
+ echo ARGO_CHECK=38 SYNC=Synced HEALTH=Progressing REVISION=76a8836ca24092614e479ff5c5ddc952e3a914e8
ARGO_CHECK=38 SYNC=Synced HEALTH=Progressing REVISION=76a8836ca24092614e479ff5c5ddc952e3a914e8
+ [ Synced = Synced ]
+ [ Progressing = Healthy ]
+ sleep 5
+ kubectl -n argocd get application petclinic -o jsonpath={.status.sync.status}
+ ARGO_SYNC=Synced
+ kubectl -n argocd get application petclinic -o jsonpath={.status.health.status}
+ ARGO_HEALTH=Progressing
+ kubectl -n argocd get application petclinic -o jsonpath={.status.sync.revision}
+ ARGO_REVISION=76a8836ca24092614e479ff5c5ddc952e3a914e8
+ echo ARGO_CHECK=39 SYNC=Synced HEALTH=Progressing REVISION=76a8836ca24092614e479ff5c5ddc952e3a914e8
ARGO_CHECK=39 SYNC=Synced HEALTH=Progressing REVISION=76a8836ca24092614e479ff5c5ddc952e3a914e8
+ [ Synced = Synced ]
+ [ Progressing = Healthy ]
+ sleep 5
+ kubectl -n argocd get application petclinic -o jsonpath={.status.sync.status}
+ ARGO_SYNC=Synced
+ kubectl -n argocd get application petclinic -o jsonpath={.status.health.status}
+ ARGO_HEALTH=Progressing
+ kubectl -n argocd get application petclinic -o jsonpath={.status.sync.revision}
+ ARGO_REVISION=76a8836ca24092614e479ff5c5ddc952e3a914e8
+ echo ARGO_CHECK=40 SYNC=Synced HEALTH=Progressing REVISION=76a8836ca24092614e479ff5c5ddc952e3a914e8
ARGO_CHECK=40 SYNC=Synced HEALTH=Progressing REVISION=76a8836ca24092614e479ff5c5ddc952e3a914e8
+ [ Synced = Synced ]
+ [ Progressing = Healthy ]
+ sleep 5
+ kubectl -n argocd get application petclinic -o jsonpath={.status.sync.status}
+ ARGO_SYNC=Synced
+ kubectl -n argocd get application petclinic -o jsonpath={.status.health.status}
+ ARGO_HEALTH=Progressing
+ kubectl -n argocd get application petclinic -o jsonpath={.status.sync.revision}
+ ARGO_REVISION=76a8836ca24092614e479ff5c5ddc952e3a914e8
+ echo ARGO_CHECK=41 SYNC=Synced HEALTH=Progressing REVISION=76a8836ca24092614e479ff5c5ddc952e3a914e8
ARGO_CHECK=41 SYNC=Synced HEALTH=Progressing REVISION=76a8836ca24092614e479ff5c5ddc952e3a914e8
+ [ Synced = Synced ]
+ [ Progressing = Healthy ]
+ sleep 5
+ kubectl -n argocd get application petclinic -o jsonpath={.status.sync.status}
+ ARGO_SYNC=Synced
+ kubectl -n argocd get application petclinic -o jsonpath={.status.health.status}
+ ARGO_HEALTH=Progressing
+ kubectl -n argocd get application petclinic -o jsonpath={.status.sync.revision}
+ ARGO_REVISION=76a8836ca24092614e479ff5c5ddc952e3a914e8
+ echo ARGO_CHECK=42 SYNC=Synced HEALTH=Progressing REVISION=76a8836ca24092614e479ff5c5ddc952e3a914e8
ARGO_CHECK=42 SYNC=Synced HEALTH=Progressing REVISION=76a8836ca24092614e479ff5c5ddc952e3a914e8
+ [ Synced = Synced ]
+ [ Progressing = Healthy ]
+ sleep 5
+ kubectl -n argocd get application petclinic -o jsonpath={.status.sync.status}
+ ARGO_SYNC=Synced
+ kubectl -n argocd get application petclinic -o jsonpath={.status.health.status}
+ ARGO_HEALTH=Progressing
+ kubectl -n argocd get application petclinic -o jsonpath={.status.sync.revision}
+ ARGO_REVISION=76a8836ca24092614e479ff5c5ddc952e3a914e8
+ echo ARGO_CHECK=43 SYNC=Synced HEALTH=Progressing REVISION=76a8836ca24092614e479ff5c5ddc952e3a914e8
ARGO_CHECK=43 SYNC=Synced HEALTH=Progressing REVISION=76a8836ca24092614e479ff5c5ddc952e3a914e8
+ [ Synced = Synced ]
+ [ Progressing = Healthy ]
+ sleep 5
+ kubectl -n argocd get application petclinic -o jsonpath={.status.sync.status}
+ ARGO_SYNC=Synced
+ kubectl -n argocd get application petclinic -o jsonpath={.status.health.status}
+ ARGO_HEALTH=Progressing
+ kubectl -n argocd get application petclinic -o jsonpath={.status.sync.revision}
+ ARGO_REVISION=76a8836ca24092614e479ff5c5ddc952e3a914e8
+ echo ARGO_CHECK=44 SYNC=Synced HEALTH=Progressing REVISION=76a8836ca24092614e479ff5c5ddc952e3a914e8
ARGO_CHECK=44 SYNC=Synced HEALTH=Progressing REVISION=76a8836ca24092614e479ff5c5ddc952e3a914e8
+ [ Synced = Synced ]
+ [ Progressing = Healthy ]
+ sleep 5
+ kubectl -n argocd get application petclinic -o jsonpath={.status.sync.status}
+ ARGO_SYNC=Synced
+ kubectl -n argocd get application petclinic -o jsonpath={.status.health.status}
+ ARGO_HEALTH=Progressing
+ kubectl -n argocd get application petclinic -o jsonpath={.status.sync.revision}
+ ARGO_REVISION=76a8836ca24092614e479ff5c5ddc952e3a914e8
+ echo ARGO_CHECK=45 SYNC=Synced HEALTH=Progressing REVISION=76a8836ca24092614e479ff5c5ddc952e3a914e8
ARGO_CHECK=45 SYNC=Synced HEALTH=Progressing REVISION=76a8836ca24092614e479ff5c5ddc952e3a914e8
+ [ Synced = Synced ]
+ [ Progressing = Healthy ]
+ sleep 5
+ kubectl -n argocd get application petclinic -o jsonpath={.status.sync.status}
+ ARGO_SYNC=Synced
+ kubectl -n argocd get application petclinic -o jsonpath={.status.health.status}
+ ARGO_HEALTH=Progressing
+ kubectl -n argocd get application petclinic -o jsonpath={.status.sync.revision}
+ ARGO_REVISION=76a8836ca24092614e479ff5c5ddc952e3a914e8
+ echo ARGO_CHECK=46 SYNC=Synced HEALTH=Progressing REVISION=76a8836ca24092614e479ff5c5ddc952e3a914e8
ARGO_CHECK=46 SYNC=Synced HEALTH=Progressing REVISION=76a8836ca24092614e479ff5c5ddc952e3a914e8
+ [ Synced = Synced ]
+ [ Progressing = Healthy ]
+ sleep 5
+ kubectl -n argocd get application petclinic -o jsonpath={.status.sync.status}
+ ARGO_SYNC=Synced
+ kubectl -n argocd get application petclinic -o jsonpath={.status.health.status}
+ ARGO_HEALTH=Progressing
+ kubectl -n argocd get application petclinic -o jsonpath={.status.sync.revision}
+ ARGO_REVISION=76a8836ca24092614e479ff5c5ddc952e3a914e8
+ echo ARGO_CHECK=47 SYNC=Synced HEALTH=Progressing REVISION=76a8836ca24092614e479ff5c5ddc952e3a914e8
ARGO_CHECK=47 SYNC=Synced HEALTH=Progressing REVISION=76a8836ca24092614e479ff5c5ddc952e3a914e8
+ [ Synced = Synced ]
+ [ Progressing = Healthy ]
+ sleep 5
+ kubectl -n argocd get application petclinic -o jsonpath={.status.sync.status}
+ ARGO_SYNC=Synced
+ kubectl -n argocd get application petclinic -o jsonpath={.status.health.status}
+ ARGO_HEALTH=Progressing
+ kubectl -n argocd get application petclinic -o jsonpath={.status.sync.revision}
+ ARGO_REVISION=76a8836ca24092614e479ff5c5ddc952e3a914e8
+ echo ARGO_CHECK=48 SYNC=Synced HEALTH=Progressing REVISION=76a8836ca24092614e479ff5c5ddc952e3a914e8
ARGO_CHECK=48 SYNC=Synced HEALTH=Progressing REVISION=76a8836ca24092614e479ff5c5ddc952e3a914e8
+ [ Synced = Synced ]
+ [ Progressing = Healthy ]
+ sleep 5
+ kubectl -n argocd get application petclinic -o jsonpath={.status.sync.status}
+ ARGO_SYNC=Synced
+ kubectl -n argocd get application petclinic -o jsonpath={.status.health.status}
+ ARGO_HEALTH=Progressing
+ kubectl -n argocd get application petclinic -o jsonpath={.status.sync.revision}
+ ARGO_REVISION=76a8836ca24092614e479ff5c5ddc952e3a914e8
+ echo ARGO_CHECK=49 SYNC=Synced HEALTH=Progressing REVISION=76a8836ca24092614e479ff5c5ddc952e3a914e8
ARGO_CHECK=49 SYNC=Synced HEALTH=Progressing REVISION=76a8836ca24092614e479ff5c5ddc952e3a914e8
+ [ Synced = Synced ]
+ [ Progressing = Healthy ]
+ sleep 5
+ kubectl -n argocd get application petclinic -o jsonpath={.status.sync.status}
+ ARGO_SYNC=Synced
+ kubectl -n argocd get application petclinic -o jsonpath={.status.health.status}
+ ARGO_HEALTH=Progressing
+ kubectl -n argocd get application petclinic -o jsonpath={.status.sync.revision}
+ ARGO_REVISION=76a8836ca24092614e479ff5c5ddc952e3a914e8
+ echo ARGO_CHECK=50 SYNC=Synced HEALTH=Progressing REVISION=76a8836ca24092614e479ff5c5ddc952e3a914e8
ARGO_CHECK=50 SYNC=Synced HEALTH=Progressing REVISION=76a8836ca24092614e479ff5c5ddc952e3a914e8
+ [ Synced = Synced ]
+ [ Progressing = Healthy ]
+ sleep 5
+ kubectl -n argocd get application petclinic -o jsonpath={.status.sync.status}
+ ARGO_SYNC=Synced
+ kubectl -n argocd get application petclinic -o jsonpath={.status.health.status}
+ ARGO_HEALTH=Progressing
+ kubectl -n argocd get application petclinic -o jsonpath={.status.sync.revision}
+ ARGO_REVISION=76a8836ca24092614e479ff5c5ddc952e3a914e8
+ echo ARGO_CHECK=51 SYNC=Synced HEALTH=Progressing REVISION=76a8836ca24092614e479ff5c5ddc952e3a914e8
ARGO_CHECK=51 SYNC=Synced HEALTH=Progressing REVISION=76a8836ca24092614e479ff5c5ddc952e3a914e8
+ [ Synced = Synced ]
+ [ Progressing = Healthy ]
+ sleep 5
+ kubectl -n argocd get application petclinic -o jsonpath={.status.sync.status}
+ ARGO_SYNC=Synced
+ kubectl -n argocd get application petclinic -o jsonpath={.status.health.status}
+ ARGO_HEALTH=Progressing
+ kubectl -n argocd get application petclinic -o jsonpath={.status.sync.revision}
+ ARGO_REVISION=76a8836ca24092614e479ff5c5ddc952e3a914e8
+ echo ARGO_CHECK=52 SYNC=Synced HEALTH=Progressing REVISION=76a8836ca24092614e479ff5c5ddc952e3a914e8
ARGO_CHECK=52 SYNC=Synced HEALTH=Progressing REVISION=76a8836ca24092614e479ff5c5ddc952e3a914e8
+ [ Synced = Synced ]
+ [ Progressing = Healthy ]
+ sleep 5
+ kubectl -n argocd get application petclinic -o jsonpath={.status.sync.status}
+ ARGO_SYNC=Synced
+ kubectl -n argocd get application petclinic -o jsonpath={.status.health.status}
+ ARGO_HEALTH=Progressing
+ kubectl -n argocd get application petclinic -o jsonpath={.status.sync.revision}
+ ARGO_REVISION=76a8836ca24092614e479ff5c5ddc952e3a914e8
+ echo ARGO_CHECK=53 SYNC=Synced HEALTH=Progressing REVISION=76a8836ca24092614e479ff5c5ddc952e3a914e8
ARGO_CHECK=53 SYNC=Synced HEALTH=Progressing REVISION=76a8836ca24092614e479ff5c5ddc952e3a914e8
+ [ Synced = Synced ]
+ [ Progressing = Healthy ]
+ sleep 5
+ kubectl -n argocd get application petclinic -o jsonpath={.status.sync.status}
+ ARGO_SYNC=Synced
+ kubectl -n argocd get application petclinic -o jsonpath={.status.health.status}
+ ARGO_HEALTH=Progressing
+ kubectl -n argocd get application petclinic -o jsonpath={.status.sync.revision}
+ ARGO_REVISION=76a8836ca24092614e479ff5c5ddc952e3a914e8
+ echo ARGO_CHECK=54 SYNC=Synced HEALTH=Progressing REVISION=76a8836ca24092614e479ff5c5ddc952e3a914e8
ARGO_CHECK=54 SYNC=Synced HEALTH=Progressing REVISION=76a8836ca24092614e479ff5c5ddc952e3a914e8
+ [ Synced = Synced ]
+ [ Progressing = Healthy ]
+ sleep 5
+ kubectl -n argocd get application petclinic -o jsonpath={.status.sync.status}
+ ARGO_SYNC=Synced
+ kubectl -n argocd get application petclinic -o jsonpath={.status.health.status}
+ ARGO_HEALTH=Progressing
+ kubectl -n argocd get application petclinic -o jsonpath={.status.sync.revision}
+ ARGO_REVISION=76a8836ca24092614e479ff5c5ddc952e3a914e8
+ echo ARGO_CHECK=55 SYNC=Synced HEALTH=Progressing REVISION=76a8836ca24092614e479ff5c5ddc952e3a914e8
ARGO_CHECK=55 SYNC=Synced HEALTH=Progressing REVISION=76a8836ca24092614e479ff5c5ddc952e3a914e8
+ [ Synced = Synced ]
+ [ Progressing = Healthy ]
+ sleep 5
+ kubectl -n argocd get application petclinic -o jsonpath={.status.sync.status}
+ ARGO_SYNC=Synced
+ kubectl -n argocd get application petclinic -o jsonpath={.status.health.status}
+ ARGO_HEALTH=Progressing
+ kubectl -n argocd get application petclinic -o jsonpath={.status.sync.revision}
+ ARGO_REVISION=76a8836ca24092614e479ff5c5ddc952e3a914e8
+ echo ARGO_CHECK=56 SYNC=Synced HEALTH=Progressing REVISION=76a8836ca24092614e479ff5c5ddc952e3a914e8
ARGO_CHECK=56 SYNC=Synced HEALTH=Progressing REVISION=76a8836ca24092614e479ff5c5ddc952e3a914e8
+ [ Synced = Synced ]
+ [ Progressing = Healthy ]
+ sleep 5
+ kubectl -n argocd get application petclinic -o jsonpath={.status.sync.status}
+ ARGO_SYNC=Synced
+ kubectl -n argocd get application petclinic -o jsonpath={.status.health.status}
+ ARGO_HEALTH=Progressing
+ kubectl -n argocd get application petclinic -o jsonpath={.status.sync.revision}
+ ARGO_REVISION=76a8836ca24092614e479ff5c5ddc952e3a914e8
+ echo ARGO_CHECK=57 SYNC=Synced HEALTH=Progressing REVISION=76a8836ca24092614e479ff5c5ddc952e3a914e8
ARGO_CHECK=57 SYNC=Synced HEALTH=Progressing REVISION=76a8836ca24092614e479ff5c5ddc952e3a914e8
+ [ Synced = Synced ]
+ [ Progressing = Healthy ]
+ sleep 5
+ kubectl -n argocd get application petclinic -o jsonpath={.status.sync.status}
+ ARGO_SYNC=Synced
+ kubectl -n argocd get application petclinic -o jsonpath={.status.health.status}
+ ARGO_HEALTH=Progressing
+ kubectl -n argocd get application petclinic -o jsonpath={.status.sync.revision}
+ ARGO_REVISION=76a8836ca24092614e479ff5c5ddc952e3a914e8
+ echo ARGO_CHECK=58 SYNC=Synced HEALTH=Progressing REVISION=76a8836ca24092614e479ff5c5ddc952e3a914e8
ARGO_CHECK=58 SYNC=Synced HEALTH=Progressing REVISION=76a8836ca24092614e479ff5c5ddc952e3a914e8
+ [ Synced = Synced ]
+ [ Progressing = Healthy ]
+ sleep 5
+ kubectl -n argocd get application petclinic -o jsonpath={.status.sync.status}
+ ARGO_SYNC=Synced
+ kubectl -n argocd get application petclinic -o jsonpath={.status.health.status}
+ ARGO_HEALTH=Progressing
+ kubectl -n argocd get application petclinic -o jsonpath={.status.sync.revision}
+ ARGO_REVISION=76a8836ca24092614e479ff5c5ddc952e3a914e8
+ echo ARGO_CHECK=59 SYNC=Synced HEALTH=Progressing REVISION=76a8836ca24092614e479ff5c5ddc952e3a914e8
ARGO_CHECK=59 SYNC=Synced HEALTH=Progressing REVISION=76a8836ca24092614e479ff5c5ddc952e3a914e8
+ [ Synced = Synced ]
+ [ Progressing = Healthy ]
+ sleep 5
+ kubectl -n argocd get application petclinic -o jsonpath={.status.sync.status}
+ ARGO_SYNC=Synced
+ kubectl -n argocd get application petclinic -o jsonpath={.status.health.status}
+ ARGO_HEALTH=Progressing
+ kubectl -n argocd get application petclinic -o jsonpath={.status.sync.revision}
+ ARGO_REVISION=76a8836ca24092614e479ff5c5ddc952e3a914e8
+ echo ARGO_CHECK=60 SYNC=Synced HEALTH=Progressing REVISION=76a8836ca24092614e479ff5c5ddc952e3a914e8
ARGO_CHECK=60 SYNC=Synced HEALTH=Progressing REVISION=76a8836ca24092614e479ff5c5ddc952e3a914e8
+ [ Synced = Synced ]
+ [ Progressing = Healthy ]
+ sleep 5
+ kubectl -n argocd get application petclinic -o jsonpath={.status.sync.status}
+ ARGO_SYNC=Synced
+ kubectl -n argocd get application petclinic -o jsonpath={.status.health.status}
+ ARGO_HEALTH=Progressing
+ kubectl -n argocd get application petclinic -o jsonpath={.status.sync.revision}
+ ARGO_REVISION=76a8836ca24092614e479ff5c5ddc952e3a914e8
+ echo ARGO_CHECK=61 SYNC=Synced HEALTH=Progressing REVISION=76a8836ca24092614e479ff5c5ddc952e3a914e8
ARGO_CHECK=61 SYNC=Synced HEALTH=Progressing REVISION=76a8836ca24092614e479ff5c5ddc952e3a914e8
+ [ Synced = Synced ]
+ [ Progressing = Healthy ]
+ sleep 5
+ kubectl -n argocd get application petclinic -o jsonpath={.status.sync.status}
+ ARGO_SYNC=Synced
+ kubectl -n argocd get application petclinic -o jsonpath={.status.health.status}
+ ARGO_HEALTH=Progressing
+ kubectl -n argocd get application petclinic -o jsonpath={.status.sync.revision}
+ ARGO_REVISION=76a8836ca24092614e479ff5c5ddc952e3a914e8
+ echo ARGO_CHECK=62 SYNC=Synced HEALTH=Progressing REVISION=76a8836ca24092614e479ff5c5ddc952e3a914e8
ARGO_CHECK=62 SYNC=Synced HEALTH=Progressing REVISION=76a8836ca24092614e479ff5c5ddc952e3a914e8
+ [ Synced = Synced ]
+ [ Progressing = Healthy ]
+ sleep 5
+ kubectl -n argocd get application petclinic -o jsonpath={.status.sync.status}
+ ARGO_SYNC=Synced
+ kubectl -n argocd get application petclinic -o jsonpath={.status.health.status}
+ ARGO_HEALTH=Progressing
+ kubectl -n argocd get application petclinic -o jsonpath={.status.sync.revision}
+ ARGO_REVISION=76a8836ca24092614e479ff5c5ddc952e3a914e8
+ echo ARGO_CHECK=63 SYNC=Synced HEALTH=Progressing REVISION=76a8836ca24092614e479ff5c5ddc952e3a914e8
ARGO_CHECK=63 SYNC=Synced HEALTH=Progressing REVISION=76a8836ca24092614e479ff5c5ddc952e3a914e8
+ [ Synced = Synced ]
+ [ Progressing = Healthy ]
+ sleep 5
+ kubectl -n argocd get application petclinic -o jsonpath={.status.sync.status}
+ ARGO_SYNC=Synced
+ kubectl -n argocd get application petclinic -o jsonpath={.status.health.status}
+ ARGO_HEALTH=Progressing
+ kubectl -n argocd get application petclinic -o jsonpath={.status.sync.revision}
+ ARGO_REVISION=76a8836ca24092614e479ff5c5ddc952e3a914e8
+ echo ARGO_CHECK=64 SYNC=Synced HEALTH=Progressing REVISION=76a8836ca24092614e479ff5c5ddc952e3a914e8
ARGO_CHECK=64 SYNC=Synced HEALTH=Progressing REVISION=76a8836ca24092614e479ff5c5ddc952e3a914e8
+ [ Synced = Synced ]
+ [ Progressing = Healthy ]
+ sleep 5
+ kubectl -n argocd get application petclinic -o jsonpath={.status.sync.status}
+ ARGO_SYNC=Synced
+ kubectl -n argocd get application petclinic -o jsonpath={.status.health.status}
+ ARGO_HEALTH=Progressing
+ kubectl -n argocd get application petclinic -o jsonpath={.status.sync.revision}
+ ARGO_REVISION=76a8836ca24092614e479ff5c5ddc952e3a914e8
+ echo ARGO_CHECK=65 SYNC=Synced HEALTH=Progressing REVISION=76a8836ca24092614e479ff5c5ddc952e3a914e8
ARGO_CHECK=65 SYNC=Synced HEALTH=Progressing REVISION=76a8836ca24092614e479ff5c5ddc952e3a914e8
+ [ Synced = Synced ]
+ [ Progressing = Healthy ]
+ sleep 5
+ kubectl -n argocd get application petclinic -o jsonpath={.status.sync.status}
+ ARGO_SYNC=Synced
+ kubectl -n argocd get application petclinic -o jsonpath={.status.health.status}
+ ARGO_HEALTH=Progressing
+ kubectl -n argocd get application petclinic -o jsonpath={.status.sync.revision}
+ ARGO_REVISION=76a8836ca24092614e479ff5c5ddc952e3a914e8
+ echo ARGO_CHECK=66 SYNC=Synced HEALTH=Progressing REVISION=76a8836ca24092614e479ff5c5ddc952e3a914e8
ARGO_CHECK=66 SYNC=Synced HEALTH=Progressing REVISION=76a8836ca24092614e479ff5c5ddc952e3a914e8
+ [ Synced = Synced ]
+ [ Progressing = Healthy ]
+ sleep 5
+ kubectl -n argocd get application petclinic -o jsonpath={.status.sync.status}
+ ARGO_SYNC=Synced
+ kubectl -n argocd get application petclinic -o jsonpath={.status.health.status}
+ ARGO_HEALTH=Progressing
+ kubectl -n argocd get application petclinic -o jsonpath={.status.sync.revision}
+ ARGO_REVISION=76a8836ca24092614e479ff5c5ddc952e3a914e8
+ echo ARGO_CHECK=67 SYNC=Synced HEALTH=Progressing REVISION=76a8836ca24092614e479ff5c5ddc952e3a914e8
ARGO_CHECK=67 SYNC=Synced HEALTH=Progressing REVISION=76a8836ca24092614e479ff5c5ddc952e3a914e8
+ [ Synced = Synced ]
+ [ Progressing = Healthy ]
+ sleep 5
+ kubectl -n argocd get application petclinic -o jsonpath={.status.sync.status}
+ ARGO_SYNC=Synced
+ kubectl -n argocd get application petclinic -o jsonpath={.status.health.status}
+ ARGO_HEALTH=Progressing
+ kubectl -n argocd get application petclinic -o jsonpath={.status.sync.revision}
+ ARGO_REVISION=76a8836ca24092614e479ff5c5ddc952e3a914e8
+ echo ARGO_CHECK=68 SYNC=Synced HEALTH=Progressing REVISION=76a8836ca24092614e479ff5c5ddc952e3a914e8
ARGO_CHECK=68 SYNC=Synced HEALTH=Progressing REVISION=76a8836ca24092614e479ff5c5ddc952e3a914e8
+ [ Synced = Synced ]
+ [ Progressing = Healthy ]
+ sleep 5
+ kubectl -n argocd get application petclinic -o jsonpath={.status.sync.status}
+ ARGO_SYNC=Synced
+ kubectl -n argocd get application petclinic -o jsonpath={.status.health.status}
+ ARGO_HEALTH=Progressing
+ kubectl -n argocd get application petclinic -o jsonpath={.status.sync.revision}
+ ARGO_REVISION=76a8836ca24092614e479ff5c5ddc952e3a914e8
+ echo ARGO_CHECK=69 SYNC=Synced HEALTH=Progressing REVISION=76a8836ca24092614e479ff5c5ddc952e3a914e8
ARGO_CHECK=69 SYNC=Synced HEALTH=Progressing REVISION=76a8836ca24092614e479ff5c5ddc952e3a914e8
+ [ Synced = Synced ]
+ [ Progressing = Healthy ]
+ sleep 5
+ kubectl -n argocd get application petclinic -o jsonpath={.status.sync.status}
+ ARGO_SYNC=Synced
+ kubectl -n argocd get application petclinic -o jsonpath={.status.health.status}
+ ARGO_HEALTH=Progressing
+ kubectl -n argocd get application petclinic -o jsonpath={.status.sync.revision}
+ ARGO_REVISION=76a8836ca24092614e479ff5c5ddc952e3a914e8
+ echo ARGO_CHECK=70 SYNC=Synced HEALTH=Progressing REVISION=76a8836ca24092614e479ff5c5ddc952e3a914e8
ARGO_CHECK=70 SYNC=Synced HEALTH=Progressing REVISION=76a8836ca24092614e479ff5c5ddc952e3a914e8
+ [ Synced = Synced ]
+ [ Progressing = Healthy ]
+ sleep 5
+ kubectl -n argocd get application petclinic -o jsonpath={.status.sync.status}
+ ARGO_SYNC=Synced
+ kubectl -n argocd get application petclinic -o jsonpath={.status.health.status}
+ ARGO_HEALTH=Progressing
+ kubectl -n argocd get application petclinic -o jsonpath={.status.sync.revision}
+ ARGO_REVISION=76a8836ca24092614e479ff5c5ddc952e3a914e8
+ echo ARGO_CHECK=71 SYNC=Synced HEALTH=Progressing REVISION=76a8836ca24092614e479ff5c5ddc952e3a914e8
ARGO_CHECK=71 SYNC=Synced HEALTH=Progressing REVISION=76a8836ca24092614e479ff5c5ddc952e3a914e8
+ [ Synced = Synced ]
+ [ Progressing = Healthy ]
+ sleep 5
+ kubectl -n argocd get application petclinic -o jsonpath={.status.sync.status}
+ ARGO_SYNC=Synced
+ kubectl -n argocd get application petclinic -o jsonpath={.status.health.status}
+ ARGO_HEALTH=Progressing
+ kubectl -n argocd get application petclinic -o jsonpath={.status.sync.revision}
+ ARGO_REVISION=76a8836ca24092614e479ff5c5ddc952e3a914e8
+ echo ARGO_CHECK=72 SYNC=Synced HEALTH=Progressing REVISION=76a8836ca24092614e479ff5c5ddc952e3a914e8
ARGO_CHECK=72 SYNC=Synced HEALTH=Progressing REVISION=76a8836ca24092614e479ff5c5ddc952e3a914e8
+ [ Synced = Synced ]
+ [ Progressing = Healthy ]
+ sleep 5
+ kubectl -n argocd get application petclinic -o jsonpath={.status.sync.status}
+ ARGO_SYNC=Synced
+ kubectl -n argocd get application petclinic -o jsonpath={.status.health.status}
+ ARGO_HEALTH=Progressing
+ kubectl -n argocd get application petclinic -o jsonpath={.status.sync.revision}
+ ARGO_REVISION=76a8836ca24092614e479ff5c5ddc952e3a914e8
+ echo ARGO_CHECK=73 SYNC=Synced HEALTH=Progressing REVISION=76a8836ca24092614e479ff5c5ddc952e3a914e8
ARGO_CHECK=73 SYNC=Synced HEALTH=Progressing REVISION=76a8836ca24092614e479ff5c5ddc952e3a914e8
+ [ Synced = Synced ]
+ [ Progressing = Healthy ]
+ sleep 5
+ kubectl -n argocd get application petclinic -o jsonpath={.status.sync.status}
+ ARGO_SYNC=Synced
+ kubectl -n argocd get application petclinic -o jsonpath={.status.health.status}
+ ARGO_HEALTH=Progressing
+ kubectl -n argocd get application petclinic -o jsonpath={.status.sync.revision}
+ ARGO_REVISION=76a8836ca24092614e479ff5c5ddc952e3a914e8
+ echo ARGO_CHECK=74 SYNC=Synced HEALTH=Progressing REVISION=76a8836ca24092614e479ff5c5ddc952e3a914e8
ARGO_CHECK=74 SYNC=Synced HEALTH=Progressing REVISION=76a8836ca24092614e479ff5c5ddc952e3a914e8
+ [ Synced = Synced ]
+ [ Progressing = Healthy ]
+ sleep 5
+ kubectl -n argocd get application petclinic -o jsonpath={.status.sync.status}
+ ARGO_SYNC=Synced
+ kubectl -n argocd get application petclinic -o jsonpath={.status.health.status}
+ ARGO_HEALTH=Progressing
+ kubectl -n argocd get application petclinic -o jsonpath={.status.sync.revision}
+ ARGO_REVISION=76a8836ca24092614e479ff5c5ddc952e3a914e8
+ echo ARGO_CHECK=75 SYNC=Synced HEALTH=Progressing REVISION=76a8836ca24092614e479ff5c5ddc952e3a914e8
ARGO_CHECK=75 SYNC=Synced HEALTH=Progressing REVISION=76a8836ca24092614e479ff5c5ddc952e3a914e8
+ [ Synced = Synced ]
+ [ Progressing = Healthy ]
+ sleep 5
+ kubectl -n argocd get application petclinic -o jsonpath={.status.sync.status}
+ ARGO_SYNC=Synced
+ kubectl -n argocd get application petclinic -o jsonpath={.status.health.status}
+ ARGO_HEALTH=Progressing
+ kubectl -n argocd get application petclinic -o jsonpath={.status.sync.revision}
+ ARGO_REVISION=76a8836ca24092614e479ff5c5ddc952e3a914e8
+ echo ARGO_CHECK=76 SYNC=Synced HEALTH=Progressing REVISION=76a8836ca24092614e479ff5c5ddc952e3a914e8
ARGO_CHECK=76 SYNC=Synced HEALTH=Progressing REVISION=76a8836ca24092614e479ff5c5ddc952e3a914e8
+ [ Synced = Synced ]
+ [ Progressing = Healthy ]
+ sleep 5
+ kubectl -n argocd get application petclinic -o jsonpath={.status.sync.status}
+ ARGO_SYNC=Synced
+ kubectl -n argocd get application petclinic -o jsonpath={.status.health.status}
+ ARGO_HEALTH=Progressing
+ kubectl -n argocd get application petclinic -o jsonpath={.status.sync.revision}
+ ARGO_REVISION=76a8836ca24092614e479ff5c5ddc952e3a914e8
+ echo ARGO_CHECK=77 SYNC=Synced HEALTH=Progressing REVISION=76a8836ca24092614e479ff5c5ddc952e3a914e8
ARGO_CHECK=77 SYNC=Synced HEALTH=Progressing REVISION=76a8836ca24092614e479ff5c5ddc952e3a914e8
+ [ Synced = Synced ]
+ [ Progressing = Healthy ]
+ sleep 5
+ kubectl -n argocd get application petclinic -o jsonpath={.status.sync.status}
+ ARGO_SYNC=Synced
+ kubectl -n argocd get application petclinic -o jsonpath={.status.health.status}
+ ARGO_HEALTH=Progressing
+ kubectl -n argocd get application petclinic -o jsonpath={.status.sync.revision}
+ ARGO_REVISION=76a8836ca24092614e479ff5c5ddc952e3a914e8
+ echo ARGO_CHECK=78 SYNC=Synced HEALTH=Progressing REVISION=76a8836ca24092614e479ff5c5ddc952e3a914e8
ARGO_CHECK=78 SYNC=Synced HEALTH=Progressing REVISION=76a8836ca24092614e479ff5c5ddc952e3a914e8
+ [ Synced = Synced ]
+ [ Progressing = Healthy ]
+ sleep 5
+ kubectl -n argocd get application petclinic -o jsonpath={.status.sync.status}
+ ARGO_SYNC=Synced
+ kubectl -n argocd get application petclinic -o jsonpath={.status.health.status}
+ ARGO_HEALTH=Progressing
+ kubectl -n argocd get application petclinic -o jsonpath={.status.sync.revision}
+ ARGO_REVISION=76a8836ca24092614e479ff5c5ddc952e3a914e8
+ echo ARGO_CHECK=79 SYNC=Synced HEALTH=Progressing REVISION=76a8836ca24092614e479ff5c5ddc952e3a914e8
ARGO_CHECK=79 SYNC=Synced HEALTH=Progressing REVISION=76a8836ca24092614e479ff5c5ddc952e3a914e8
+ [ Synced = Synced ]
+ [ Progressing = Healthy ]
+ sleep 5
+ kubectl -n argocd get application petclinic -o jsonpath={.status.sync.status}
+ ARGO_SYNC=Synced
+ kubectl -n argocd get application petclinic -o jsonpath={.status.health.status}
+ ARGO_HEALTH=Progressing
+ kubectl -n argocd get application petclinic -o jsonpath={.status.sync.revision}
+ ARGO_REVISION=76a8836ca24092614e479ff5c5ddc952e3a914e8
+ echo ARGO_CHECK=80 SYNC=Synced HEALTH=Progressing REVISION=76a8836ca24092614e479ff5c5ddc952e3a914e8
ARGO_CHECK=80 SYNC=Synced HEALTH=Progressing REVISION=76a8836ca24092614e479ff5c5ddc952e3a914e8
+ [ Synced = Synced ]
+ [ Progressing = Healthy ]
+ sleep 5
+ kubectl -n argocd get application petclinic -o jsonpath={.status.sync.status}
+ ARGO_SYNC=Synced
+ kubectl -n argocd get application petclinic -o jsonpath={.status.health.status}
+ ARGO_HEALTH=Progressing
+ kubectl -n argocd get application petclinic -o jsonpath={.status.sync.revision}
+ ARGO_REVISION=76a8836ca24092614e479ff5c5ddc952e3a914e8
+ echo ARGO_CHECK=81 SYNC=Synced HEALTH=Progressing REVISION=76a8836ca24092614e479ff5c5ddc952e3a914e8
ARGO_CHECK=81 SYNC=Synced HEALTH=Progressing REVISION=76a8836ca24092614e479ff5c5ddc952e3a914e8
+ [ Synced = Synced ]
+ [ Progressing = Healthy ]
+ sleep 5
+ kubectl -n argocd get application petclinic -o jsonpath={.status.sync.status}
+ ARGO_SYNC=Synced
+ kubectl -n argocd get application petclinic -o jsonpath={.status.health.status}
+ ARGO_HEALTH=Progressing
+ kubectl -n argocd get application petclinic -o jsonpath={.status.sync.revision}
+ ARGO_REVISION=76a8836ca24092614e479ff5c5ddc952e3a914e8
+ echo ARGO_CHECK=82 SYNC=Synced HEALTH=Progressing REVISION=76a8836ca24092614e479ff5c5ddc952e3a914e8
ARGO_CHECK=82 SYNC=Synced HEALTH=Progressing REVISION=76a8836ca24092614e479ff5c5ddc952e3a914e8
+ [ Synced = Synced ]
+ [ Progressing = Healthy ]
+ sleep 5
+ kubectl -n argocd get application petclinic -o jsonpath={.status.sync.status}
+ ARGO_SYNC=Synced
+ kubectl -n argocd get application petclinic -o jsonpath={.status.health.status}
+ ARGO_HEALTH=Progressing
+ kubectl -n argocd get application petclinic -o jsonpath={.status.sync.revision}
+ ARGO_REVISION=76a8836ca24092614e479ff5c5ddc952e3a914e8
+ echo ARGO_CHECK=83 SYNC=Synced HEALTH=Progressing REVISION=76a8836ca24092614e479ff5c5ddc952e3a914e8
ARGO_CHECK=83 SYNC=Synced HEALTH=Progressing REVISION=76a8836ca24092614e479ff5c5ddc952e3a914e8
+ [ Synced = Synced ]
+ [ Progressing = Healthy ]
+ sleep 5
+ kubectl -n argocd get application petclinic -o jsonpath={.status.sync.status}
+ ARGO_SYNC=Synced
+ kubectl -n argocd get application petclinic -o jsonpath={.status.health.status}
+ ARGO_HEALTH=Progressing
+ kubectl -n argocd get application petclinic -o jsonpath={.status.sync.revision}
+ ARGO_REVISION=76a8836ca24092614e479ff5c5ddc952e3a914e8
+ echo ARGO_CHECK=84 SYNC=Synced HEALTH=Progressing REVISION=76a8836ca24092614e479ff5c5ddc952e3a914e8
ARGO_CHECK=84 SYNC=Synced HEALTH=Progressing REVISION=76a8836ca24092614e479ff5c5ddc952e3a914e8
+ [ Synced = Synced ]
+ [ Progressing = Healthy ]
+ sleep 5
+ kubectl -n argocd get application petclinic -o jsonpath={.status.sync.status}
+ ARGO_SYNC=Synced
+ kubectl -n argocd get application petclinic -o jsonpath={.status.health.status}
+ ARGO_HEALTH=Progressing
+ kubectl -n argocd get application petclinic -o jsonpath={.status.sync.revision}
+ ARGO_REVISION=76a8836ca24092614e479ff5c5ddc952e3a914e8
+ echo ARGO_CHECK=85 SYNC=Synced HEALTH=Progressing REVISION=76a8836ca24092614e479ff5c5ddc952e3a914e8
ARGO_CHECK=85 SYNC=Synced HEALTH=Progressing REVISION=76a8836ca24092614e479ff5c5ddc952e3a914e8
+ [ Synced = Synced ]
+ [ Progressing = Healthy ]
+ sleep 5
+ kubectl -n argocd get application petclinic -o jsonpath={.status.sync.status}
+ ARGO_SYNC=Synced
+ kubectl -n argocd get application petclinic -o jsonpath={.status.health.status}
+ ARGO_HEALTH=Progressing
+ kubectl -n argocd get application petclinic -o jsonpath={.status.sync.revision}
+ ARGO_REVISION=76a8836ca24092614e479ff5c5ddc952e3a914e8
+ echo ARGO_CHECK=86 SYNC=Synced HEALTH=Progressing REVISION=76a8836ca24092614e479ff5c5ddc952e3a914e8
ARGO_CHECK=86 SYNC=Synced HEALTH=Progressing REVISION=76a8836ca24092614e479ff5c5ddc952e3a914e8
+ [ Synced = Synced ]
+ [ Progressing = Healthy ]
+ sleep 5
+ kubectl -n argocd get application petclinic -o jsonpath={.status.sync.status}
+ ARGO_SYNC=Synced
+ kubectl -n argocd get application petclinic -o jsonpath={.status.health.status}
+ ARGO_HEALTH=Progressing
+ kubectl -n argocd get application petclinic -o jsonpath={.status.sync.revision}
+ ARGO_REVISION=76a8836ca24092614e479ff5c5ddc952e3a914e8
+ echo ARGO_CHECK=87 SYNC=Synced HEALTH=Progressing REVISION=76a8836ca24092614e479ff5c5ddc952e3a914e8
ARGO_CHECK=87 SYNC=Synced HEALTH=Progressing REVISION=76a8836ca24092614e479ff5c5ddc952e3a914e8
+ [ Synced = Synced ]
+ [ Progressing = Healthy ]
+ sleep 5
+ kubectl -n argocd get application petclinic -o jsonpath={.status.sync.status}
+ ARGO_SYNC=Synced
+ kubectl -n argocd get application petclinic -o jsonpath={.status.health.status}
+ ARGO_HEALTH=Progressing
+ kubectl -n argocd get application petclinic -o jsonpath={.status.sync.revision}
+ ARGO_REVISION=76a8836ca24092614e479ff5c5ddc952e3a914e8
+ echo ARGO_CHECK=88 SYNC=Synced HEALTH=Progressing REVISION=76a8836ca24092614e479ff5c5ddc952e3a914e8
ARGO_CHECK=88 SYNC=Synced HEALTH=Progressing REVISION=76a8836ca24092614e479ff5c5ddc952e3a914e8
+ [ Synced = Synced ]
+ [ Progressing = Healthy ]
+ sleep 5
+ kubectl -n argocd get application petclinic -o jsonpath={.status.sync.status}
+ ARGO_SYNC=Synced
+ kubectl -n argocd get application petclinic -o jsonpath={.status.health.status}
+ ARGO_HEALTH=Progressing
+ kubectl -n argocd get application petclinic -o jsonpath={.status.sync.revision}
+ ARGO_REVISION=76a8836ca24092614e479ff5c5ddc952e3a914e8
+ echo ARGO_CHECK=89 SYNC=Synced HEALTH=Progressing REVISION=76a8836ca24092614e479ff5c5ddc952e3a914e8
ARGO_CHECK=89 SYNC=Synced HEALTH=Progressing REVISION=76a8836ca24092614e479ff5c5ddc952e3a914e8
+ [ Synced = Synced ]
+ [ Progressing = Healthy ]
+ sleep 5
+ kubectl -n argocd get application petclinic -o jsonpath={.status.sync.status}
+ ARGO_SYNC=Synced
+ kubectl -n argocd get application petclinic -o jsonpath={.status.health.status}
+ ARGO_HEALTH=Progressing
+ kubectl -n argocd get application petclinic -o jsonpath={.status.sync.revision}
+ ARGO_REVISION=76a8836ca24092614e479ff5c5ddc952e3a914e8
+ echo ARGO_CHECK=90 SYNC=Synced HEALTH=Progressing REVISION=76a8836ca24092614e479ff5c5ddc952e3a914e8
ARGO_CHECK=90 SYNC=Synced HEALTH=Progressing REVISION=76a8836ca24092614e479ff5c5ddc952e3a914e8
+ [ Synced = Synced ]
+ [ Progressing = Healthy ]
+ sleep 5
+ kubectl -n argocd get application petclinic -o jsonpath={.status.sync.status}
+ ARGO_SYNC=Synced
+ kubectl -n argocd get application petclinic -o jsonpath={.status.health.status}
+ ARGO_HEALTH=Progressing
+ kubectl -n argocd get application petclinic -o jsonpath={.status.sync.revision}
+ ARGO_REVISION=76a8836ca24092614e479ff5c5ddc952e3a914e8
+ echo ARGO_CHECK=91 SYNC=Synced HEALTH=Progressing REVISION=76a8836ca24092614e479ff5c5ddc952e3a914e8
ARGO_CHECK=91 SYNC=Synced HEALTH=Progressing REVISION=76a8836ca24092614e479ff5c5ddc952e3a914e8
+ [ Synced = Synced ]
+ [ Progressing = Healthy ]
+ sleep 5
+ kubectl -n argocd get application petclinic -o jsonpath={.status.sync.status}
+ ARGO_SYNC=Synced
+ kubectl -n argocd get application petclinic -o jsonpath={.status.health.status}
+ ARGO_HEALTH=Progressing
+ kubectl -n argocd get application petclinic -o jsonpath={.status.sync.revision}
+ ARGO_REVISION=76a8836ca24092614e479ff5c5ddc952e3a914e8
+ echo ARGO_CHECK=92 SYNC=Synced HEALTH=Progressing REVISION=76a8836ca24092614e479ff5c5ddc952e3a914e8
ARGO_CHECK=92 SYNC=Synced HEALTH=Progressing REVISION=76a8836ca24092614e479ff5c5ddc952e3a914e8
+ [ Synced = Synced ]
+ [ Progressing = Healthy ]
+ sleep 5
+ kubectl -n argocd get application petclinic -o jsonpath={.status.sync.status}
+ ARGO_SYNC=Synced
+ kubectl -n argocd get application petclinic -o jsonpath={.status.health.status}
+ ARGO_HEALTH=Progressing
+ kubectl -n argocd get application petclinic -o jsonpath={.status.sync.revision}
+ ARGO_REVISION=76a8836ca24092614e479ff5c5ddc952e3a914e8
+ echo ARGO_CHECK=93 SYNC=Synced HEALTH=Progressing REVISION=76a8836ca24092614e479ff5c5ddc952e3a914e8
ARGO_CHECK=93 SYNC=Synced HEALTH=Progressing REVISION=76a8836ca24092614e479ff5c5ddc952e3a914e8
+ [ Synced = Synced ]
+ [ Progressing = Healthy ]
+ sleep 5
+ kubectl -n argocd get application petclinic -o jsonpath={.status.sync.status}
+ ARGO_SYNC=Synced
+ kubectl -n argocd get application petclinic -o jsonpath={.status.health.status}
+ ARGO_HEALTH=Progressing
+ kubectl -n argocd get application petclinic -o jsonpath={.status.sync.revision}
+ ARGO_REVISION=76a8836ca24092614e479ff5c5ddc952e3a914e8
+ echo ARGO_CHECK=94 SYNC=Synced HEALTH=Progressing REVISION=76a8836ca24092614e479ff5c5ddc952e3a914e8
ARGO_CHECK=94 SYNC=Synced HEALTH=Progressing REVISION=76a8836ca24092614e479ff5c5ddc952e3a914e8
+ [ Synced = Synced ]
+ [ Progressing = Healthy ]
+ sleep 5
+ kubectl -n argocd get application petclinic -o jsonpath={.status.sync.status}
+ ARGO_SYNC=Synced
+ kubectl -n argocd get application petclinic -o jsonpath={.status.health.status}
+ ARGO_HEALTH=Progressing
+ kubectl -n argocd get application petclinic -o jsonpath={.status.sync.revision}
+ ARGO_REVISION=76a8836ca24092614e479ff5c5ddc952e3a914e8
+ echo ARGO_CHECK=95 SYNC=Synced HEALTH=Progressing REVISION=76a8836ca24092614e479ff5c5ddc952e3a914e8
ARGO_CHECK=95 SYNC=Synced HEALTH=Progressing REVISION=76a8836ca24092614e479ff5c5ddc952e3a914e8
+ [ Synced = Synced ]
+ [ Progressing = Healthy ]
+ sleep 5
+ kubectl -n argocd get application petclinic -o jsonpath={.status.sync.status}
+ ARGO_SYNC=Synced
+ kubectl -n argocd get application petclinic -o jsonpath={.status.health.status}
+ ARGO_HEALTH=Progressing
+ kubectl -n argocd get application petclinic -o jsonpath={.status.sync.revision}
+ ARGO_REVISION=76a8836ca24092614e479ff5c5ddc952e3a914e8
+ echo ARGO_CHECK=96 SYNC=Synced HEALTH=Progressing REVISION=76a8836ca24092614e479ff5c5ddc952e3a914e8
ARGO_CHECK=96 SYNC=Synced HEALTH=Progressing REVISION=76a8836ca24092614e479ff5c5ddc952e3a914e8
+ [ Synced = Synced ]
+ [ Progressing = Healthy ]
+ sleep 5
+ kubectl -n argocd get application petclinic -o jsonpath={.status.sync.status}
+ ARGO_SYNC=Synced
+ kubectl -n argocd get application petclinic -o jsonpath={.status.health.status}
+ ARGO_HEALTH=Progressing
+ kubectl -n argocd get application petclinic -o jsonpath={.status.sync.revision}
+ ARGO_REVISION=76a8836ca24092614e479ff5c5ddc952e3a914e8
+ echo ARGO_CHECK=97 SYNC=Synced HEALTH=Progressing REVISION=76a8836ca24092614e479ff5c5ddc952e3a914e8
ARGO_CHECK=97 SYNC=Synced HEALTH=Progressing REVISION=76a8836ca24092614e479ff5c5ddc952e3a914e8
+ [ Synced = Synced ]
+ [ Progressing = Healthy ]
+ sleep 5
+ kubectl -n argocd get application petclinic -o jsonpath={.status.sync.status}
+ ARGO_SYNC=Synced
+ kubectl -n argocd get application petclinic -o jsonpath={.status.health.status}
+ ARGO_HEALTH=Progressing
+ kubectl -n argocd get application petclinic -o jsonpath={.status.sync.revision}
+ ARGO_REVISION=76a8836ca24092614e479ff5c5ddc952e3a914e8
+ echo ARGO_CHECK=98 SYNC=Synced HEALTH=Progressing REVISION=76a8836ca24092614e479ff5c5ddc952e3a914e8
ARGO_CHECK=98 SYNC=Synced HEALTH=Progressing REVISION=76a8836ca24092614e479ff5c5ddc952e3a914e8
+ [ Synced = Synced ]
+ [ Progressing = Healthy ]
+ sleep 5
+ kubectl -n argocd get application petclinic -o jsonpath={.status.sync.status}
+ ARGO_SYNC=Synced
+ kubectl -n argocd get application petclinic -o jsonpath={.status.health.status}
+ ARGO_HEALTH=Progressing
+ kubectl -n argocd get application petclinic -o jsonpath={.status.sync.revision}
+ ARGO_REVISION=76a8836ca24092614e479ff5c5ddc952e3a914e8
+ echo ARGO_CHECK=99 SYNC=Synced HEALTH=Progressing REVISION=76a8836ca24092614e479ff5c5ddc952e3a914e8
ARGO_CHECK=99 SYNC=Synced HEALTH=Progressing REVISION=76a8836ca24092614e479ff5c5ddc952e3a914e8
+ [ Synced = Synced ]
+ [ Progressing = Healthy ]
+ sleep 5
+ kubectl -n argocd get application petclinic -o jsonpath={.status.sync.status}
+ ARGO_SYNC=Synced
+ kubectl -n argocd get application petclinic -o jsonpath={.status.health.status}
+ ARGO_HEALTH=Progressing
+ kubectl -n argocd get application petclinic -o jsonpath={.status.sync.revision}
+ ARGO_REVISION=76a8836ca24092614e479ff5c5ddc952e3a914e8
+ echo ARGO_CHECK=100 SYNC=Synced HEALTH=Progressing REVISION=76a8836ca24092614e479ff5c5ddc952e3a914e8
ARGO_CHECK=100 SYNC=Synced HEALTH=Progressing REVISION=76a8836ca24092614e479ff5c5ddc952e3a914e8
+ [ Synced = Synced ]
+ [ Progressing = Healthy ]
+ sleep 5
+ kubectl -n argocd get application petclinic -o jsonpath={.status.sync.status}
+ ARGO_SYNC=Synced
+ kubectl -n argocd get application petclinic -o jsonpath={.status.health.status}
+ ARGO_HEALTH=Progressing
+ kubectl -n argocd get application petclinic -o jsonpath={.status.sync.revision}
+ ARGO_REVISION=76a8836ca24092614e479ff5c5ddc952e3a914e8
+ echo ARGO_CHECK=101 SYNC=Synced HEALTH=Progressing REVISION=76a8836ca24092614e479ff5c5ddc952e3a914e8
ARGO_CHECK=101 SYNC=Synced HEALTH=Progressing REVISION=76a8836ca24092614e479ff5c5ddc952e3a914e8
+ [ Synced = Synced ]
+ [ Progressing = Healthy ]
+ sleep 5
+ kubectl -n argocd get application petclinic -o jsonpath={.status.sync.status}
+ ARGO_SYNC=Synced
+ kubectl -n argocd get application petclinic -o jsonpath={.status.health.status}
+ ARGO_HEALTH=Progressing
+ kubectl -n argocd get application petclinic -o jsonpath={.status.sync.revision}
+ ARGO_REVISION=76a8836ca24092614e479ff5c5ddc952e3a914e8
+ echo ARGO_CHECK=102 SYNC=Synced HEALTH=Progressing REVISION=76a8836ca24092614e479ff5c5ddc952e3a914e8
ARGO_CHECK=102 SYNC=Synced HEALTH=Progressing REVISION=76a8836ca24092614e479ff5c5ddc952e3a914e8
+ [ Synced = Synced ]
+ [ Progressing = Healthy ]
+ sleep 5
+ kubectl -n argocd get application petclinic -o jsonpath={.status.sync.status}
+ ARGO_SYNC=Synced
+ kubectl -n argocd get application petclinic -o jsonpath={.status.health.status}
+ ARGO_HEALTH=Progressing
+ kubectl -n argocd get application petclinic -o jsonpath={.status.sync.revision}
+ ARGO_REVISION=76a8836ca24092614e479ff5c5ddc952e3a914e8
+ echo ARGO_CHECK=103 SYNC=Synced HEALTH=Progressing REVISION=76a8836ca24092614e479ff5c5ddc952e3a914e8
ARGO_CHECK=103 SYNC=Synced HEALTH=Progressing REVISION=76a8836ca24092614e479ff5c5ddc952e3a914e8
+ [ Synced = Synced ]
+ [ Progressing = Healthy ]
+ sleep 5
+ kubectl -n argocd get application petclinic -o jsonpath={.status.sync.status}
+ ARGO_SYNC=Synced
+ kubectl -n argocd get application petclinic -o jsonpath={.status.health.status}
+ ARGO_HEALTH=Progressing
+ kubectl -n argocd get application petclinic -o jsonpath={.status.sync.revision}
+ ARGO_REVISION=76a8836ca24092614e479ff5c5ddc952e3a914e8
+ echo ARGO_CHECK=104 SYNC=Synced HEALTH=Progressing REVISION=76a8836ca24092614e479ff5c5ddc952e3a914e8
ARGO_CHECK=104 SYNC=Synced HEALTH=Progressing REVISION=76a8836ca24092614e479ff5c5ddc952e3a914e8
+ [ Synced = Synced ]
+ [ Progressing = Healthy ]
+ sleep 5
+ kubectl -n argocd get application petclinic -o jsonpath={.status.sync.status}
+ ARGO_SYNC=Synced
+ kubectl -n argocd get application petclinic -o jsonpath={.status.health.status}
+ ARGO_HEALTH=Progressing
+ kubectl -n argocd get application petclinic -o jsonpath={.status.sync.revision}
+ ARGO_REVISION=76a8836ca24092614e479ff5c5ddc952e3a914e8
+ echo ARGO_CHECK=105 SYNC=Synced HEALTH=Progressing REVISION=76a8836ca24092614e479ff5c5ddc952e3a914e8
ARGO_CHECK=105 SYNC=Synced HEALTH=Progressing REVISION=76a8836ca24092614e479ff5c5ddc952e3a914e8
+ [ Synced = Synced ]
+ [ Progressing = Healthy ]
+ sleep 5
+ kubectl -n argocd get application petclinic -o jsonpath={.status.sync.status}
+ ARGO_SYNC=Synced
+ kubectl -n argocd get application petclinic -o jsonpath={.status.health.status}
+ ARGO_HEALTH=Healthy
+ kubectl -n argocd get application petclinic -o jsonpath={.status.sync.revision}
+ ARGO_REVISION=76a8836ca24092614e479ff5c5ddc952e3a914e8
+ echo ARGO_CHECK=106 SYNC=Synced HEALTH=Healthy REVISION=76a8836ca24092614e479ff5c5ddc952e3a914e8
ARGO_CHECK=106 SYNC=Synced HEALTH=Healthy REVISION=76a8836ca24092614e479ff5c5ddc952e3a914e8
+ [ Synced = Synced ]
+ [ Healthy = Healthy ]
+ [ 76a8836ca24092614e479ff5c5ddc952e3a914e8 = 76a8836ca24092614e479ff5c5ddc952e3a914e8 ]
+ sync_ok=1
+ break
+ [ 1 -ne 1 ]
+ echo

+ echo ===== LIVE IMAGE VERIFY =====
===== LIVE IMAGE VERIFY =====
+ kubectl -n petclinic get deployment petclinic -o jsonpath={.spec.template.spec.containers[0].image}
+ LIVE_IMAGE=10.0.0.3:30050/petclinic/petclinic:0.6.0-ci-80
+ echo EXPECTED_IMAGE=10.0.0.3:30050/petclinic/petclinic:0.6.0-ci-80
EXPECTED_IMAGE=10.0.0.3:30050/petclinic/petclinic:0.6.0-ci-80
+ echo LIVE_IMAGE=10.0.0.3:30050/petclinic/petclinic:0.6.0-ci-80
LIVE_IMAGE=10.0.0.3:30050/petclinic/petclinic:0.6.0-ci-80
+ [ 10.0.0.3:30050/petclinic/petclinic:0.6.0-ci-80 != 10.0.0.3:30050/petclinic/petclinic:0.6.0-ci-80 ]
+ echo

+ echo ARGOCD_DEPLOYMENT=OK
ARGOCD_DEPLOYMENT=OK
[Pipeline] }
[Pipeline] // stage
[Pipeline] stage
[Pipeline] { (Rollout Verify)
[Pipeline] sh
+ echo ===== ROLLOUT STATUS =====
===== ROLLOUT STATUS =====
+ kubectl -n petclinic rollout status deployment/petclinic --timeout=1200s
deployment "petclinic" successfully rolled out
+ echo

+ echo ===== DEPLOYMENT IMAGE =====
===== DEPLOYMENT IMAGE =====
+ kubectl -n petclinic get deployment petclinic -o jsonpath=IMAGE={.spec.template.spec.containers[0].image}{"\n"}
IMAGE=10.0.0.3:30050/petclinic/petclinic:0.6.0-ci-80
+ echo

+ echo ===== PODS =====
===== PODS =====
+ kubectl -n petclinic get pods -l app=petclinic -o wide
NAME                         READY   STATUS        RESTARTS   AGE     IP            NODE            NOMINATED NODE   READINESS GATES
petclinic-546c8744f9-4zwvv   1/1     Running       0          43s     10.42.0.84    devops          <none>           <none>
petclinic-546c8744f9-bx5rw   1/1     Running       0          43s     10.42.0.85    devops          <none>           <none>
petclinic-546c8744f9-ftn9b   0/1     Terminating   0          8m18s   <none>        ucloud-worker   <none>           <none>
petclinic-546c8744f9-w5lcx   1/1     Running       0          8m18s   10.42.0.83    devops          <none>           <none>
petclinic-546c8744f9-wqvcx   0/1     Terminating   0          8m18s   <none>        ucloud-worker   <none>           <none>
petclinic-5fbcdd4b88-x57f7   1/1     Terminating   0          4h29m   10.42.1.5     aliyun-worker   <none>           <none>
petclinic-6b8c7cf6c8-4xtkf   0/1     Terminating   0          3h35m   10.42.1.6     aliyun-worker   <none>           <none>
petclinic-6b8c7cf6c8-xsn85   1/1     Terminating   0          3h28m   10.42.3.178   ucloud-worker   <none>           <none>
[Pipeline] }
[Pipeline] // stage
[Pipeline] stage
[Pipeline] { (Health Verify)
[Pipeline] timeout
Timeout set to expire in 1 min 30 sec
[Pipeline] {
[Pipeline] retry
[Pipeline] {
[Pipeline] sh
+ echo ===== HEALTH VERIFY =====
===== HEALTH VERIFY =====
+ HEALTH_SCHEME=http
+ HEALTH_PATH=/actuator/health
+ HEALTH_URL=http://192.168.1.58/actuator/health
+ echo HEALTH_PATH=/actuator/health
HEALTH_PATH=/actuator/health
+ echo HEALTH_URL=http://192.168.1.58/actuator/health
HEALTH_URL=http://192.168.1.58/actuator/health
+ curl --fail --silent --show-error --connect-timeout 5 --max-time 10 -H Host: petclinic.devops.local http://192.168.1.58/actuator/health
{"groups":["liveness","readiness"],"status":"UP"}+ echo

[Pipeline] }
[Pipeline] // retry
[Pipeline] }
[Pipeline] // timeout
[Pipeline] }
[Pipeline] // stage
[Pipeline] stage
[Pipeline] { (Declarative: Post Actions)
[Pipeline] echo
CI/CD SUCCESS: 10.0.0.3:30050/petclinic/petclinic:0.6.0-ci-80
[Pipeline] }
[Pipeline] // stage
[Pipeline] }
[Pipeline] // withEnv
[Pipeline] }
[Pipeline] // withEnv
[Pipeline] }
[Pipeline] // node
[Pipeline] End of Pipeline
Finished: SUCCESS
