Started by user admin
Obtained Jenkinsfile from git git@github.com:yipintangzsp/spring-petclinic.git
[Pipeline] Start of Pipeline
[Pipeline] node
Running on Jenkins in /var/jenkins_home/workspace/petclinic-ci
[Pipeline] {
[Pipeline] stage
[Pipeline] { (Declarative: Checkout SCM)
[Pipeline] checkout
The recommended git tool is: git
using credential github-petclinic-ssh
 > git rev-parse --resolve-git-dir /var/jenkins_home/workspace/petclinic-ci/.git # timeout=10
Fetching changes from the remote Git repository
 > git config remote.origin.url git@github.com:yipintangzsp/spring-petclinic.git # timeout=10
Fetching upstream changes from git@github.com:yipintangzsp/spring-petclinic.git
 > git --version # timeout=10
 > git --version # 'git version 2.47.3'
using GIT_SSH to set credentials GitHub SSH Deploy Key for Petclinic CI
Verifying host key using known hosts file
 > git fetch --tags --force --progress -- git@github.com:yipintangzsp/spring-petclinic.git +refs/heads/*:refs/remotes/origin/* # timeout=10
 > git rev-parse refs/remotes/origin/main^{commit} # timeout=10
Checking out Revision 152f3106da71496cdcb05663fc7c5a23090e3205 (refs/remotes/origin/main)
 > git config core.sparsecheckout # timeout=10
 > git checkout -f 152f3106da71496cdcb05663fc7c5a23090e3205 # timeout=10
Commit message: "Release 0.6 clinic visual design with illustrated care homepage"
 > git rev-list --no-walk 9436e344a9b5ff2719fce99bd3cc5c5ca0e1b26d # timeout=10
[Pipeline] }
[Pipeline] // stage
[Pipeline] withEnv
[Pipeline] {
[Pipeline] withEnv
[Pipeline] {
[Pipeline] stage
[Pipeline] { (Checkout Info)
[Pipeline] sh
+ echo ===== WORKSPACE =====
===== WORKSPACE =====
+ pwd
/var/jenkins_home/workspace/petclinic-ci
+ echo

+ echo ===== CLEAN PIPELINE STATE =====
===== CLEAN PIPELINE STATE =====
+ rm -f .deploy-started .target-git-revision .git-sha .git-sha-short .change-cause .new-revision .previous-image .previous-revision
+ echo Pipeline state cleaned.
Pipeline state cleaned.
+ echo

+ echo ===== GIT =====
===== GIT =====
+ git status
HEAD detached at 152f310
nothing to commit, working tree clean
+ git rev-parse HEAD
+ GIT_SHA=152f3106da71496cdcb05663fc7c5a23090e3205
+ git rev-parse --short HEAD
+ GIT_SHA_SHORT=152f310
+ echo GIT_SHA=152f3106da71496cdcb05663fc7c5a23090e3205
GIT_SHA=152f3106da71496cdcb05663fc7c5a23090e3205
+ echo GIT_SHA_SHORT=152f310
GIT_SHA_SHORT=152f310
+ printf %s 152f3106da71496cdcb05663fc7c5a23090e3205
+ printf %s 152f310
[Pipeline] }
[Pipeline] // stage
[Pipeline] stage
[Pipeline] { (Test)
[Pipeline] sh
+ echo ===== MAVEN TEST =====
===== MAVEN TEST =====
+ ./mvnw clean test
[INFO] Scanning for projects...
[INFO] 
[INFO] ------------< org.springframework.samples:spring-petclinic >------------
[INFO] Building petclinic 4.0.0-SNAPSHOT
[INFO]   from pom.xml
[INFO] --------------------------------[ jar ]---------------------------------
[INFO] 
[INFO] --- clean:3.5.0:clean (default-clean) @ spring-petclinic ---
[INFO] Deleting /var/jenkins_home/workspace/petclinic-ci/target
[INFO] 
[INFO] --- enforcer:3.6.3:enforce (enforce-java) @ spring-petclinic ---
[INFO] Rule 0: org.apache.maven.enforcer.rules.version.RequireJavaVersion passed
[INFO] 
[INFO] --- spring-javaformat:0.0.47:validate (default) @ spring-petclinic ---
[INFO] 
[INFO] --- checkstyle:3.6.0:check (nohttp-checkstyle-validation) @ spring-petclinic ---
[INFO] You have 0 Checkstyle violations.
[INFO] 
[INFO] --- jacoco:0.8.15:prepare-agent (default) @ spring-petclinic ---
[INFO] argLine set to -javaagent:/var/jenkins_home/.m2/repository/org/jacoco/org.jacoco.agent/0.8.15/org.jacoco.agent-0.8.15-runtime.jar=destfile=/var/jenkins_home/workspace/petclinic-ci/target/jacoco.exec
[INFO] 
[INFO] --- git-commit-id:9.2.0:revision (default) @ spring-petclinic ---
[INFO] dotGitDirectory '/var/jenkins_home/workspace/petclinic-ci/.git'
[INFO] Collected git.build.user.name with value jenkins-petclinic-ci
[INFO] Collected git.build.user.email with value jenkins-petclinic-ci@users.noreply.github.com
[INFO] Using environment variable based branch name. GIT_BRANCH = origin/main
[INFO] Collected git.branch with value origin/main
[INFO] Collected git.commit.id.describe with value dcp-v1.28.0-monitoring-observability-29-g152f310
[INFO] Collected git.commit.id.describe-short with value dcp-v1.28.0-monitoring-observability-29
[INFO] Collected git.commit.id with value 152f3106da71496cdcb05663fc7c5a23090e3205
[INFO] Collected git.commit.id.abbrev with value 152f310
[INFO] Collected git.dirty with value false
[INFO] Collected git.commit.user.name with value heil16070-hue
[INFO] Collected git.commit.user.email with value heil16070@gmail.com
[INFO] Collected git.commit.message.full with value Release 0.6 clinic visual design with illustrated care homepage
[INFO] Collected git.commit.message.short with value Release 0.6 clinic visual design with illustrated care homepage
[INFO] Collected git.commit.time with value 2026-09-30T18:21:50+08:00
[INFO] Collected git.commit.author.time with value 2026-09-30T18:21:50+08:00
[INFO] Collected git.commit.committer.time with value 2026-09-30T18:21:50+08:00
[INFO] Collected git.remote.origin.url with value git@github.com:yipintangzsp/spring-petclinic.git
[INFO] Collected git.tags with value 
[INFO] Collected git.tag with value 
[INFO] Collected git.closest.tag.name with value dcp-v1.28.0-monitoring-observability
[INFO] Collected git.closest.tag.commit.count with value 29
[INFO] Collected git.total.commit.count with value 1120
[INFO] Collected git.local.branch.ahead with value NO_REMOTE
[INFO] Collected git.local.branch.behind with value NO_REMOTE
[INFO] Collected git.build.time with value 2024-11-28T22:37:52+08:00
[INFO] Collected git.build.version with value 4.0.0-SNAPSHOT
[INFO] Collected git.build.host with value jenkins-87ccb46-m5bcm
[INFO] Collected git.build.number with value 79
[INFO] including property 'git.tags' in results
[INFO] including property 'git.build.version' in results
[INFO] including property 'git.branch' in results
[INFO] including property 'git.build.host' in results
[INFO] including property 'git.build.number' in results
[INFO] including property 'git.commit.id' in results
[INFO] including property 'git.commit.user.email' in results
[INFO] including property 'git.local.branch.behind' in results
[INFO] including property 'git.commit.author.time' in results
[INFO] including property 'git.build.user.name' in results
[INFO] including property 'git.dirty' in results
[INFO] including property 'git.closest.tag.commit.count' in results
[INFO] including property 'git.commit.user.name' in results
[INFO] including property 'git.commit.id.abbrev' in results
[INFO] including property 'git.commit.id.describe-short' in results
[INFO] including property 'git.total.commit.count' in results
[INFO] including property 'git.commit.id.describe' in results
[INFO] including property 'git.build.user.email' in results
[INFO] including property 'git.commit.message.short' in results
[INFO] including property 'git.commit.committer.time' in results
[INFO] including property 'git.tag' in results
[INFO] including property 'git.closest.tag.name' in results
[INFO] including property 'git.local.branch.ahead' in results
[INFO] including property 'git.commit.time' in results
[INFO] including property 'git.build.time' in results
[INFO] including property 'git.commit.message.full' in results
[INFO] including property 'git.remote.origin.url' in results
[INFO] Writing properties file [/var/jenkins_home/workspace/petclinic-ci/target/classes/git.properties] (for project petclinic)...
[INFO] 
[INFO] --- spring-boot:4.1.0:build-info (default) @ spring-petclinic ---
[INFO] 
[INFO] --- cyclonedx:2.9.1:makeAggregateBom (default) @ spring-petclinic ---
[INFO] CycloneDX: Resolving Dependencies
[INFO] CycloneDX: Creating BOM version 1.6 with 113 component(s)
[INFO] CycloneDX: Writing and validating BOM (JSON): /var/jenkins_home/workspace/petclinic-ci/target/classes/META-INF/sbom/application.cdx.json
[WARNING] Unknown keyword meta:enum - you should define your own Meta Schema. If the keyword is irrelevant for validation, just use a NonValidationKeyword or if it should generate annotations AnnotationKeyword
[WARNING] Unknown keyword deprecated - you should define your own Meta Schema. If the keyword is irrelevant for validation, just use a NonValidationKeyword or if it should generate annotations AnnotationKeyword
[INFO]            attaching as spring-petclinic-4.0.0-SNAPSHOT-cyclonedx.json
[INFO] 
[INFO] --- resources:3.5.0:resources (default-resources) @ spring-petclinic ---
[INFO] Copying 3 resources from src/main/resources to target/classes
[INFO] Copying 52 resources from src/main/resources to target/classes
[INFO] 
[INFO] --- compiler:3.15.0:compile (default-compile) @ spring-petclinic ---
[INFO] Recompiling the module because of changed source code.
[INFO] Compiling 34 source files with javac [debug parameters release 17] to target/classes
[INFO] 
[INFO] --- resources:3.5.0:testResources (default-testResources) @ spring-petclinic ---
[INFO] skip non existing resourceDirectory /var/jenkins_home/workspace/petclinic-ci/src/test/resources
[INFO] 
[INFO] --- compiler:3.15.0:testCompile (default-testCompile) @ spring-petclinic ---
[INFO] Recompiling the module because of changed dependency.
[INFO] Compiling 20 source files with javac [debug parameters release 17] to target/test-classes
[INFO] 
[INFO] --- surefire:3.5.6:test (default-test) @ spring-petclinic ---
[WARNING]  Parameter 'systemProperties' is deprecated: use systemPropertyVariables instead
[INFO] Using auto detected provider org.apache.maven.surefire.junitplatform.JUnitPlatformProvider
[INFO] 
[INFO] -------------------------------------------------------
[INFO]  T E S T S
[INFO] -------------------------------------------------------
[INFO] Running org.springframework.samples.petclinic.system.CrashControllerTests
[INFO] Tests run: 1, Failures: 0, Errors: 0, Skipped: 0, Time elapsed: 0.176 s -- in org.springframework.samples.petclinic.system.CrashControllerTests
[INFO] Running org.springframework.samples.petclinic.system.I18nPropertiesSyncTest
[ERROR] Tests run: 2, Failures: 1, Errors: 0, Skipped: 0, Time elapsed: 0.098 s <<< FAILURE! -- in org.springframework.samples.petclinic.system.I18nPropertiesSyncTest
[ERROR] org.springframework.samples.petclinic.system.I18nPropertiesSyncTest.checkNonInternationalizedStrings -- Time elapsed: 0.075 s <<< FAILURE!
org.opentest4j.AssertionFailedError: 
Hardcoded (non-internationalized) strings found:
HTML: src/main/resources/templates/welcome.html Line 11: <p class="hero-note"><i class="fa fa-heart" aria-hidden="true"></i> Families, companions &amp; the people who care.</p>
HTML: src/main/resources/templates/welcome.html Line 35: <span class="portrait-label">SMALL PAWS · BIG PERSONALITIES</span>
HTML: src/main/resources/templates/welcome.html Line 37: <span class="care-stamp" aria-hidden="true"><i class="fa fa-paw"></i> MADE FOR CARE</span>

	at org.junit.jupiter.api.AssertionUtils.fail(AssertionUtils.java:42)
	at org.junit.jupiter.api.Assertions.fail(Assertions.java:143)
	at org.springframework.samples.petclinic.system.I18nPropertiesSyncTest.checkNonInternationalizedStrings(I18nPropertiesSyncTest.java:82)

[INFO] Running org.springframework.samples.petclinic.system.WelcomeControllerTests
18:22:51.756 [main] INFO org.springframework.test.context.support.AnnotationConfigContextLoaderUtils -- Could not detect default configuration classes for test class [org.springframework.samples.petclinic.system.WelcomeControllerTests]: WelcomeControllerTests does not declare any static, non-private, non-final, nested classes annotated with @Configuration.
18:22:51.953 [main] INFO org.springframework.boot.test.context.SpringBootTestContextBootstrapper -- Found @SpringBootConfiguration org.springframework.samples.petclinic.system.CrashControllerIntegrationTests$TestConfiguration for test class org.springframework.samples.petclinic.system.WelcomeControllerTests
18:22:51.956 [main] INFO org.springframework.test.context.support.AnnotationConfigContextLoaderUtils -- Could not detect default configuration classes for test class [org.springframework.samples.petclinic.system.WelcomeControllerTests]: WelcomeControllerTests does not declare any static, non-private, non-final, nested classes annotated with @Configuration.
18:22:51.966 [main] INFO org.springframework.boot.test.context.SpringBootTestContextBootstrapper -- Found @SpringBootConfiguration org.springframework.samples.petclinic.system.CrashControllerIntegrationTests$TestConfiguration for test class org.springframework.samples.petclinic.system.WelcomeControllerTests
18:22:52.076 [main] INFO org.springframework.boot.devtools.restart.RestartApplicationListener -- Restart disabled due to context in which it is running


              |\      _,,,--,,_
             /,`.-'`'   ._  \-;;,_
  _______ __|,4-  ) )_   .;.(__`'-'__     ___ __    _ ___ _______
 |       | '---''(_/._)-'(_\_)   |   |   |   |  |  | |   |       |
 |    _  |    ___|_     _|       |   |   |   |   |_| |   |       | __ _ _
 |   |_| |   |___  |   | |       |   |   |   |       |   |       | \ \ \ \
 |    ___|    ___| |   | |      _|   |___|   |  _    |   |      _|  \ \ \ \
 |   |   |   |___  |   | |     |_|       |   | | |   |   |     |_    ) ) ) )
 |___|   |_______| |___| |_______|_______|___|_|  |__|___|_______|  / / / /
 ==================================================================/_/_/_/

:: Built with Spring Boot :: 4.1.0


2026-09-30T18:22:52.706+08:00  INFO 9562 --- [           main] o.s.s.p.system.WelcomeControllerTests    : Starting WelcomeControllerTests using Java 21.0.11 with PID 9562 (started by jenkins in /var/jenkins_home/workspace/petclinic-ci)
2026-09-30T18:22:52.716+08:00  INFO 9562 --- [           main] o.s.s.p.system.WelcomeControllerTests    : No active profile set, falling back to 1 default profile: "default"
Mockito is currently self-attaching to enable the inline-mock-maker. This will no longer work in future releases of the JDK. Please add Mockito as an agent to your build as described in Mockito's documentation: https://javadoc.io/doc/org.mockito/mockito-core/latest/org.mockito/org/mockito/Mockito.html#0.3
WARNING: A Java agent has been loaded dynamically (/var/jenkins_home/.m2/repository/net/bytebuddy/byte-buddy-agent/1.18.10/byte-buddy-agent-1.18.10.jar)
WARNING: If a serviceability tool is in use, please run with -XX:+EnableDynamicAgentLoading to hide this warning
WARNING: If a serviceability tool is not in use, please run with -Djdk.instrument.traceUsage for more information
WARNING: Dynamic loading of agents will be disallowed by default in a future release
2026-09-30T18:22:56.631+08:00  INFO 9562 --- [           main] o.s.b.t.m.w.SpringBootMockServletContext : Initializing Spring TestDispatcherServlet ''
2026-09-30T18:22:56.632+08:00  INFO 9562 --- [           main] o.s.t.web.servlet.TestDispatcherServlet  : Initializing Servlet ''
2026-09-30T18:22:56.634+08:00  INFO 9562 --- [           main] o.s.t.web.servlet.TestDispatcherServlet  : Completed initialization in 2 ms
2026-09-30T18:22:56.692+08:00  INFO 9562 --- [           main] o.s.s.p.system.WelcomeControllerTests    : Started WelcomeControllerTests in 4.631 seconds (process running for 7.002)
[INFO] Tests run: 2, Failures: 0, Errors: 0, Skipped: 0, Time elapsed: 6.198 s -- in org.springframework.samples.petclinic.system.WelcomeControllerTests
[INFO] Running org.springframework.samples.petclinic.system.CrashControllerIntegrationTests
2026-09-30T18:22:57.756+08:00  INFO 9562 --- [           main] o.s.b.d.r.RestartApplicationListener     : Restart disabled due to context in which it is running


              |\      _,,,--,,_
             /,`.-'`'   ._  \-;;,_
  _______ __|,4-  ) )_   .;.(__`'-'__     ___ __    _ ___ _______
 |       | '---''(_/._)-'(_\_)   |   |   |   |  |  | |   |       |
 |    _  |    ___|_     _|       |   |   |   |   |_| |   |       | __ _ _
 |   |_| |   |___  |   | |       |   |   |   |       |   |       | \ \ \ \
 |    ___|    ___| |   | |      _|   |___|   |  _    |   |      _|  \ \ \ \
 |   |   |   |___  |   | |     |_|       |   | | |   |   |     |_    ) ) ) )
 |___|   |_______| |___| |_______|_______|___|_|  |__|___|_______|  / / / /
 ==================================================================/_/_/_/

:: Built with Spring Boot :: 4.1.0


2026-09-30T18:22:57.805+08:00  INFO 9562 --- [           main] .s.s.p.s.CrashControllerIntegrationTests : Starting CrashControllerIntegrationTests using Java 21.0.11 with PID 9562 (started by jenkins in /var/jenkins_home/workspace/petclinic-ci)
2026-09-30T18:22:57.806+08:00  INFO 9562 --- [           main] .s.s.p.s.CrashControllerIntegrationTests : No active profile set, falling back to 1 default profile: "default"
2026-09-30T18:22:59.292+08:00  INFO 9562 --- [           main] o.s.boot.tomcat.TomcatWebServer          : Tomcat initialized with port 0 (http)
2026-09-30T18:22:59.316+08:00  INFO 9562 --- [           main] o.apache.catalina.core.StandardService   : Starting service [Tomcat]
2026-09-30T18:22:59.316+08:00  INFO 9562 --- [           main] o.apache.catalina.core.StandardEngine    : Starting Servlet engine: [Apache Tomcat/11.0.22]
2026-09-30T18:22:59.380+08:00  INFO 9562 --- [           main] b.w.c.s.WebApplicationContextInitializer : Root WebApplicationContext: initialization completed in 1570 ms
2026-09-30T18:23:00.393+08:00  INFO 9562 --- [           main] o.s.b.a.e.web.EndpointLinksResolver      : Exposing 0 endpoints beneath base path '/actuator'
2026-09-30T18:23:00.481+08:00  INFO 9562 --- [           main] o.s.boot.tomcat.TomcatWebServer          : Tomcat started on port 34213 (http) with context path '/'
2026-09-30T18:23:00.488+08:00  INFO 9562 --- [           main] .s.s.p.s.CrashControllerIntegrationTests : Started CrashControllerIntegrationTests in 2.733 seconds (process running for 10.798)
2026-09-30T18:23:00.862+08:00  INFO 9562 --- [o-auto-1-exec-1] o.a.c.c.C.[Tomcat].[localhost].[/]       : Initializing Spring DispatcherServlet 'dispatcherServlet'
2026-09-30T18:23:00.863+08:00  INFO 9562 --- [o-auto-1-exec-1] o.s.web.servlet.DispatcherServlet        : Initializing Servlet 'dispatcherServlet'
2026-09-30T18:23:00.865+08:00  INFO 9562 --- [o-auto-1-exec-1] o.s.web.servlet.DispatcherServlet        : Completed initialization in 2 ms
2026-09-30T18:23:00.896+08:00 ERROR 9562 --- [o-auto-1-exec-1] o.a.c.c.C.[.[.[/].[dispatcherServlet]    : Servlet.service() for servlet [dispatcherServlet] in context with path [] threw exception [Request processing failed: java.lang.RuntimeException: Expected: controller used to showcase what happens when an exception is thrown] with root cause

java.lang.RuntimeException: Expected: controller used to showcase what happens when an exception is thrown
	at org.springframework.samples.petclinic.system.CrashController.triggerException(CrashController.java:33) ~[classes/:na]
	at java.base/jdk.internal.reflect.DirectMethodHandleAccessor.invoke(Unknown Source) ~[na:na]
	at java.base/java.lang.reflect.Method.invoke(Unknown Source) ~[na:na]
	at org.springframework.web.method.support.InvocableHandlerMethod.doInvoke(InvocableHandlerMethod.java:252) ~[spring-web-7.0.8.jar:7.0.8]
	at org.springframework.web.method.support.InvocableHandlerMethod.invokeForRequest(InvocableHandlerMethod.java:184) ~[spring-web-7.0.8.jar:7.0.8]
	at org.springframework.web.servlet.mvc.method.annotation.ServletInvocableHandlerMethod.invokeAndHandle(ServletInvocableHandlerMethod.java:117) ~[spring-webmvc-7.0.8.jar:7.0.8]
	at org.springframework.web.servlet.mvc.method.annotation.RequestMappingHandlerAdapter.invokeHandlerMethod(RequestMappingHandlerAdapter.java:934) ~[spring-webmvc-7.0.8.jar:7.0.8]
	at org.springframework.web.servlet.mvc.method.annotation.RequestMappingHandlerAdapter.handleInternal(RequestMappingHandlerAdapter.java:853) ~[spring-webmvc-7.0.8.jar:7.0.8]
	at org.springframework.web.servlet.mvc.method.AbstractHandlerMethodAdapter.handle(AbstractHandlerMethodAdapter.java:86) ~[spring-webmvc-7.0.8.jar:7.0.8]
	at org.springframework.web.servlet.DispatcherServlet.doDispatch(DispatcherServlet.java:963) ~[spring-webmvc-7.0.8.jar:7.0.8]
	at org.springframework.web.servlet.DispatcherServlet.doService(DispatcherServlet.java:866) ~[spring-webmvc-7.0.8.jar:7.0.8]
	at org.springframework.web.servlet.FrameworkServlet.processRequest(FrameworkServlet.java:1000) ~[spring-webmvc-7.0.8.jar:7.0.8]
	at org.springframework.web.servlet.FrameworkServlet.doGet(FrameworkServlet.java:892) ~[spring-webmvc-7.0.8.jar:7.0.8]
	at jakarta.servlet.http.HttpServlet.service(HttpServlet.java:622) ~[tomcat-embed-core-11.0.22.jar:6.1]
	at org.springframework.web.servlet.FrameworkServlet.service(FrameworkServlet.java:874) ~[spring-webmvc-7.0.8.jar:7.0.8]
	at jakarta.servlet.http.HttpServlet.service(HttpServlet.java:710) ~[tomcat-embed-core-11.0.22.jar:6.1]
	at org.apache.catalina.core.ApplicationFilterChain.doFilter(ApplicationFilterChain.java:128) ~[tomcat-embed-core-11.0.22.jar:11.0.22]
	at org.apache.tomcat.websocket.server.WsFilter.doFilter(WsFilter.java:53) ~[tomcat-embed-websocket-11.0.22.jar:11.0.22]
	at org.apache.catalina.core.ApplicationFilterChain.doFilter(ApplicationFilterChain.java:107) ~[tomcat-embed-core-11.0.22.jar:11.0.22]
	at org.springframework.web.servlet.resource.ResourceUrlEncodingFilter.doFilter(ResourceUrlEncodingFilter.java:66) ~[spring-webmvc-7.0.8.jar:7.0.8]
	at org.apache.catalina.core.ApplicationFilterChain.doFilter(ApplicationFilterChain.java:107) ~[tomcat-embed-core-11.0.22.jar:11.0.22]
	at org.springframework.web.filter.RequestContextFilter.doFilterInternal(RequestContextFilter.java:100) ~[spring-web-7.0.8.jar:7.0.8]
	at org.springframework.web.filter.OncePerRequestFilter.doFilter(OncePerRequestFilter.java:116) ~[spring-web-7.0.8.jar:7.0.8]
	at org.apache.catalina.core.ApplicationFilterChain.doFilter(ApplicationFilterChain.java:107) ~[tomcat-embed-core-11.0.22.jar:11.0.22]
	at org.springframework.web.filter.FormContentFilter.doFilterInternal(FormContentFilter.java:93) ~[spring-web-7.0.8.jar:7.0.8]
	at org.springframework.web.filter.OncePerRequestFilter.doFilter(OncePerRequestFilter.java:116) ~[spring-web-7.0.8.jar:7.0.8]
	at org.apache.catalina.core.ApplicationFilterChain.doFilter(ApplicationFilterChain.java:107) ~[tomcat-embed-core-11.0.22.jar:11.0.22]
	at org.springframework.web.filter.ServerHttpObservationFilter.doFilterInternal(ServerHttpObservationFilter.java:110) ~[spring-web-7.0.8.jar:7.0.8]
	at org.springframework.web.filter.OncePerRequestFilter.doFilter(OncePerRequestFilter.java:116) ~[spring-web-7.0.8.jar:7.0.8]
	at org.apache.catalina.core.ApplicationFilterChain.doFilter(ApplicationFilterChain.java:107) ~[tomcat-embed-core-11.0.22.jar:11.0.22]
	at org.springframework.web.filter.CharacterEncodingFilter.doFilterInternal(CharacterEncodingFilter.java:199) ~[spring-web-7.0.8.jar:7.0.8]
	at org.springframework.web.filter.OncePerRequestFilter.doFilter(OncePerRequestFilter.java:116) ~[spring-web-7.0.8.jar:7.0.8]
	at org.apache.catalina.core.ApplicationFilterChain.doFilter(ApplicationFilterChain.java:107) ~[tomcat-embed-core-11.0.22.jar:11.0.22]
	at org.apache.catalina.core.StandardWrapperValve.invoke(StandardWrapperValve.java:165) ~[tomcat-embed-core-11.0.22.jar:11.0.22]
	at org.apache.catalina.core.StandardContextValve.invoke(StandardContextValve.java:77) ~[tomcat-embed-core-11.0.22.jar:11.0.22]
	at org.apache.catalina.authenticator.AuthenticatorBase.invoke(AuthenticatorBase.java:492) ~[tomcat-embed-core-11.0.22.jar:11.0.22]
	at org.apache.catalina.core.StandardHostValve.invoke(StandardHostValve.java:113) ~[tomcat-embed-core-11.0.22.jar:11.0.22]
	at org.apache.catalina.valves.ErrorReportValve.invoke(ErrorReportValve.java:83) ~[tomcat-embed-core-11.0.22.jar:11.0.22]
	at org.apache.catalina.core.StandardEngineValve.invoke(StandardEngineValve.java:72) ~[tomcat-embed-core-11.0.22.jar:11.0.22]
	at org.apache.catalina.valves.RemoteIpValve.invoke(RemoteIpValve.java:685) ~[tomcat-embed-core-11.0.22.jar:11.0.22]
	at org.apache.catalina.connector.CoyoteAdapter.service(CoyoteAdapter.java:341) ~[tomcat-embed-core-11.0.22.jar:11.0.22]
	at org.apache.coyote.http11.Http11Processor.service(Http11Processor.java:397) ~[tomcat-embed-core-11.0.22.jar:11.0.22]
	at org.apache.coyote.AbstractProcessorLight.process(AbstractProcessorLight.java:63) ~[tomcat-embed-core-11.0.22.jar:11.0.22]
	at org.apache.coyote.AbstractProtocol$ConnectionHandler.process(AbstractProtocol.java:1272) ~[tomcat-embed-core-11.0.22.jar:11.0.22]
	at org.apache.tomcat.util.net.NioEndpoint$SocketProcessor.doRun(NioEndpoint.java:1801) ~[tomcat-embed-core-11.0.22.jar:11.0.22]
	at org.apache.tomcat.util.net.SocketProcessorBase.run(SocketProcessorBase.java:52) ~[tomcat-embed-core-11.0.22.jar:11.0.22]
	at org.apache.tomcat.util.threads.ThreadPoolExecutor.runWorker(ThreadPoolExecutor.java:946) ~[tomcat-embed-core-11.0.22.jar:11.0.22]
	at org.apache.tomcat.util.threads.ThreadPoolExecutor$Worker.run(ThreadPoolExecutor.java:480) ~[tomcat-embed-core-11.0.22.jar:11.0.22]
	at org.apache.tomcat.util.threads.TaskThread$WrappingRunnable.run(TaskThread.java:57) ~[tomcat-embed-core-11.0.22.jar:11.0.22]
	at java.base/java.lang.Thread.run(Unknown Source) ~[na:na]

2026-09-30T18:23:01.111+08:00 ERROR 9562 --- [o-auto-1-exec-2] o.a.c.c.C.[.[.[/].[dispatcherServlet]    : Servlet.service() for servlet [dispatcherServlet] in context with path [] threw exception [Request processing failed: java.lang.RuntimeException: Expected: controller used to showcase what happens when an exception is thrown] with root cause

java.lang.RuntimeException: Expected: controller used to showcase what happens when an exception is thrown
	at org.springframework.samples.petclinic.system.CrashController.triggerException(CrashController.java:33) ~[classes/:na]
	at java.base/jdk.internal.reflect.DirectMethodHandleAccessor.invoke(Unknown Source) ~[na:na]
	at java.base/java.lang.reflect.Method.invoke(Unknown Source) ~[na:na]
	at org.springframework.web.method.support.InvocableHandlerMethod.doInvoke(InvocableHandlerMethod.java:252) ~[spring-web-7.0.8.jar:7.0.8]
	at org.springframework.web.method.support.InvocableHandlerMethod.invokeForRequest(InvocableHandlerMethod.java:184) ~[spring-web-7.0.8.jar:7.0.8]
	at org.springframework.web.servlet.mvc.method.annotation.ServletInvocableHandlerMethod.invokeAndHandle(ServletInvocableHandlerMethod.java:117) ~[spring-webmvc-7.0.8.jar:7.0.8]
	at org.springframework.web.servlet.mvc.method.annotation.RequestMappingHandlerAdapter.invokeHandlerMethod(RequestMappingHandlerAdapter.java:934) ~[spring-webmvc-7.0.8.jar:7.0.8]
	at org.springframework.web.servlet.mvc.method.annotation.RequestMappingHandlerAdapter.handleInternal(RequestMappingHandlerAdapter.java:853) ~[spring-webmvc-7.0.8.jar:7.0.8]
	at org.springframework.web.servlet.mvc.method.AbstractHandlerMethodAdapter.handle(AbstractHandlerMethodAdapter.java:86) ~[spring-webmvc-7.0.8.jar:7.0.8]
	at org.springframework.web.servlet.DispatcherServlet.doDispatch(DispatcherServlet.java:963) ~[spring-webmvc-7.0.8.jar:7.0.8]
	at org.springframework.web.servlet.DispatcherServlet.doService(DispatcherServlet.java:866) ~[spring-webmvc-7.0.8.jar:7.0.8]
	at org.springframework.web.servlet.FrameworkServlet.processRequest(FrameworkServlet.java:1000) ~[spring-webmvc-7.0.8.jar:7.0.8]
	at org.springframework.web.servlet.FrameworkServlet.doGet(FrameworkServlet.java:892) ~[spring-webmvc-7.0.8.jar:7.0.8]
	at jakarta.servlet.http.HttpServlet.service(HttpServlet.java:622) ~[tomcat-embed-core-11.0.22.jar:6.1]
	at org.springframework.web.servlet.FrameworkServlet.service(FrameworkServlet.java:874) ~[spring-webmvc-7.0.8.jar:7.0.8]
	at jakarta.servlet.http.HttpServlet.service(HttpServlet.java:710) ~[tomcat-embed-core-11.0.22.jar:6.1]
	at org.apache.catalina.core.ApplicationFilterChain.doFilter(ApplicationFilterChain.java:128) ~[tomcat-embed-core-11.0.22.jar:11.0.22]
	at org.apache.tomcat.websocket.server.WsFilter.doFilter(WsFilter.java:53) ~[tomcat-embed-websocket-11.0.22.jar:11.0.22]
	at org.apache.catalina.core.ApplicationFilterChain.doFilter(ApplicationFilterChain.java:107) ~[tomcat-embed-core-11.0.22.jar:11.0.22]
	at org.springframework.web.servlet.resource.ResourceUrlEncodingFilter.doFilter(ResourceUrlEncodingFilter.java:66) ~[spring-webmvc-7.0.8.jar:7.0.8]
	at org.apache.catalina.core.ApplicationFilterChain.doFilter(ApplicationFilterChain.java:107) ~[tomcat-embed-core-11.0.22.jar:11.0.22]
	at org.springframework.web.filter.RequestContextFilter.doFilterInternal(RequestContextFilter.java:100) ~[spring-web-7.0.8.jar:7.0.8]
	at org.springframework.web.filter.OncePerRequestFilter.doFilter(OncePerRequestFilter.java:116) ~[spring-web-7.0.8.jar:7.0.8]
	at org.apache.catalina.core.ApplicationFilterChain.doFilter(ApplicationFilterChain.java:107) ~[tomcat-embed-core-11.0.22.jar:11.0.22]
	at org.springframework.web.filter.FormContentFilter.doFilterInternal(FormContentFilter.java:93) ~[spring-web-7.0.8.jar:7.0.8]
	at org.springframework.web.filter.OncePerRequestFilter.doFilter(OncePerRequestFilter.java:116) ~[spring-web-7.0.8.jar:7.0.8]
	at org.apache.catalina.core.ApplicationFilterChain.doFilter(ApplicationFilterChain.java:107) ~[tomcat-embed-core-11.0.22.jar:11.0.22]
	at org.springframework.web.filter.ServerHttpObservationFilter.doFilterInternal(ServerHttpObservationFilter.java:110) ~[spring-web-7.0.8.jar:7.0.8]
	at org.springframework.web.filter.OncePerRequestFilter.doFilter(OncePerRequestFilter.java:116) ~[spring-web-7.0.8.jar:7.0.8]
	at org.apache.catalina.core.ApplicationFilterChain.doFilter(ApplicationFilterChain.java:107) ~[tomcat-embed-core-11.0.22.jar:11.0.22]
	at org.springframework.web.filter.CharacterEncodingFilter.doFilterInternal(CharacterEncodingFilter.java:199) ~[spring-web-7.0.8.jar:7.0.8]
	at org.springframework.web.filter.OncePerRequestFilter.doFilter(OncePerRequestFilter.java:116) ~[spring-web-7.0.8.jar:7.0.8]
	at org.apache.catalina.core.ApplicationFilterChain.doFilter(ApplicationFilterChain.java:107) ~[tomcat-embed-core-11.0.22.jar:11.0.22]
	at org.apache.catalina.core.StandardWrapperValve.invoke(StandardWrapperValve.java:165) ~[tomcat-embed-core-11.0.22.jar:11.0.22]
	at org.apache.catalina.core.StandardContextValve.invoke(StandardContextValve.java:77) ~[tomcat-embed-core-11.0.22.jar:11.0.22]
	at org.apache.catalina.authenticator.AuthenticatorBase.invoke(AuthenticatorBase.java:492) ~[tomcat-embed-core-11.0.22.jar:11.0.22]
	at org.apache.catalina.core.StandardHostValve.invoke(StandardHostValve.java:113) ~[tomcat-embed-core-11.0.22.jar:11.0.22]
	at org.apache.catalina.valves.ErrorReportValve.invoke(ErrorReportValve.java:83) ~[tomcat-embed-core-11.0.22.jar:11.0.22]
	at org.apache.catalina.core.StandardEngineValve.invoke(StandardEngineValve.java:72) ~[tomcat-embed-core-11.0.22.jar:11.0.22]
	at org.apache.catalina.valves.RemoteIpValve.invoke(RemoteIpValve.java:685) ~[tomcat-embed-core-11.0.22.jar:11.0.22]
	at org.apache.catalina.connector.CoyoteAdapter.service(CoyoteAdapter.java:341) ~[tomcat-embed-core-11.0.22.jar:11.0.22]
	at org.apache.coyote.http11.Http11Processor.service(Http11Processor.java:397) ~[tomcat-embed-core-11.0.22.jar:11.0.22]
	at org.apache.coyote.AbstractProcessorLight.process(AbstractProcessorLight.java:63) ~[tomcat-embed-core-11.0.22.jar:11.0.22]
	at org.apache.coyote.AbstractProtocol$ConnectionHandler.process(AbstractProtocol.java:1272) ~[tomcat-embed-core-11.0.22.jar:11.0.22]
	at org.apache.tomcat.util.net.NioEndpoint$SocketProcessor.doRun(NioEndpoint.java:1801) ~[tomcat-embed-core-11.0.22.jar:11.0.22]
	at org.apache.tomcat.util.net.SocketProcessorBase.run(SocketProcessorBase.java:52) ~[tomcat-embed-core-11.0.22.jar:11.0.22]
	at org.apache.tomcat.util.threads.ThreadPoolExecutor.runWorker(ThreadPoolExecutor.java:946) ~[tomcat-embed-core-11.0.22.jar:11.0.22]
	at org.apache.tomcat.util.threads.ThreadPoolExecutor$Worker.run(ThreadPoolExecutor.java:480) ~[tomcat-embed-core-11.0.22.jar:11.0.22]
	at org.apache.tomcat.util.threads.TaskThread$WrappingRunnable.run(TaskThread.java:57) ~[tomcat-embed-core-11.0.22.jar:11.0.22]
	at java.base/java.lang.Thread.run(Unknown Source) ~[na:na]

[INFO] Tests run: 2, Failures: 0, Errors: 0, Skipped: 0, Time elapsed: 3.532 s -- in org.springframework.samples.petclinic.system.CrashControllerIntegrationTests
[INFO] Running org.springframework.samples.petclinic.PetClinicIntegrationTests
2026-09-30T18:23:01.231+08:00  INFO 9562 --- [           main] t.c.s.AnnotationConfigContextLoaderUtils : Could not detect default configuration classes for test class [org.springframework.samples.petclinic.PetClinicIntegrationTests]: PetClinicIntegrationTests does not declare any static, non-private, non-final, nested classes annotated with @Configuration.
2026-09-30T18:23:01.261+08:00  INFO 9562 --- [           main] .b.t.c.SpringBootTestContextBootstrapper : Found @SpringBootConfiguration org.springframework.samples.petclinic.PetClinicApplication for test class org.springframework.samples.petclinic.PetClinicIntegrationTests
2026-09-30T18:23:01.263+08:00  INFO 9562 --- [           main] t.c.s.AnnotationConfigContextLoaderUtils : Could not detect default configuration classes for test class [org.springframework.samples.petclinic.PetClinicIntegrationTests]: PetClinicIntegrationTests does not declare any static, non-private, non-final, nested classes annotated with @Configuration.
2026-09-30T18:23:01.268+08:00  INFO 9562 --- [           main] .b.t.c.SpringBootTestContextBootstrapper : Found @SpringBootConfiguration org.springframework.samples.petclinic.PetClinicApplication for test class org.springframework.samples.petclinic.PetClinicIntegrationTests
2026-09-30T18:23:01.282+08:00  INFO 9562 --- [           main] o.s.b.d.r.RestartApplicationListener     : Restart disabled due to context in which it is running


              |\      _,,,--,,_
             /,`.-'`'   ._  \-;;,_
  _______ __|,4-  ) )_   .;.(__`'-'__     ___ __    _ ___ _______
 |       | '---''(_/._)-'(_\_)   |   |   |   |  |  | |   |       |
 |    _  |    ___|_     _|       |   |   |   |   |_| |   |       | __ _ _
 |   |_| |   |___  |   | |       |   |   |   |       |   |       | \ \ \ \
 |    ___|    ___| |   | |      _|   |___|   |  _    |   |      _|  \ \ \ \
 |   |   |   |___  |   | |     |_|       |   | | |   |   |     |_    ) ) ) )
 |___|   |_______| |___| |_______|_______|___|_|  |__|___|_______|  / / / /
 ==================================================================/_/_/_/

:: Built with Spring Boot :: 4.1.0


2026-09-30T18:23:01.380+08:00  INFO 9562 --- [           main] o.s.s.p.PetClinicIntegrationTests        : Starting PetClinicIntegrationTests using Java 21.0.11 with PID 9562 (started by jenkins in /var/jenkins_home/workspace/petclinic-ci)
2026-09-30T18:23:01.381+08:00  INFO 9562 --- [           main] o.s.s.p.PetClinicIntegrationTests        : No active profile set, falling back to 1 default profile: "default"
2026-09-30T18:23:02.222+08:00  INFO 9562 --- [           main] .s.d.r.c.RepositoryConfigurationDelegate : Bootstrapping Spring Data JPA repositories in DEFAULT mode.
2026-09-30T18:23:02.303+08:00  INFO 9562 --- [           main] .s.d.r.c.RepositoryConfigurationDelegate : Finished Spring Data repository scanning in 65 ms. Found 4 JPA repository interfaces.
2026-09-30T18:23:02.655+08:00  INFO 9562 --- [           main] o.s.boot.tomcat.TomcatWebServer          : Tomcat initialized with port 0 (http)
2026-09-30T18:23:02.656+08:00  INFO 9562 --- [           main] o.apache.catalina.core.StandardService   : Starting service [Tomcat]
2026-09-30T18:23:02.657+08:00  INFO 9562 --- [           main] o.apache.catalina.core.StandardEngine    : Starting Servlet engine: [Apache Tomcat/11.0.22]
2026-09-30T18:23:02.673+08:00  INFO 9562 --- [           main] b.w.c.s.WebApplicationContextInitializer : Root WebApplicationContext: initialization completed in 1287 ms
2026-09-30T18:23:02.827+08:00  INFO 9562 --- [           main] com.zaxxer.hikari.HikariDataSource       : HikariPool-1 - Starting...
2026-09-30T18:23:03.397+08:00  INFO 9562 --- [           main] com.zaxxer.hikari.pool.HikariPool        : HikariPool-1 - Added connection conn0: url=jdbc:h2:mem:c9ce2aea-c4d5-4039-9b99-aaf040debf73 user=SA
2026-09-30T18:23:03.400+08:00  INFO 9562 --- [           main] com.zaxxer.hikari.HikariDataSource       : HikariPool-1 - Start completed.
2026-09-30T18:23:03.955+08:00  INFO 9562 --- [           main] org.hibernate.orm.jpa                    : HHH008540: Processing PersistenceUnitInfo [name: default]
2026-09-30T18:23:04.105+08:00  INFO 9562 --- [           main] org.hibernate.orm.core                   : HHH000001: Hibernate ORM core version 7.4.1.Final
2026-09-30T18:23:04.672+08:00  INFO 9562 --- [           main] o.s.o.j.p.SpringPersistenceUnitInfo      : No LoadTimeWeaver setup: ignoring JPA class transformer
2026-09-30T18:23:04.837+08:00  INFO 9562 --- [           main] org.hibernate.orm.connections.pooling    : HHH10001005: Database info:
	Database JDBC URL [jdbc:h2:mem:c9ce2aea-c4d5-4039-9b99-aaf040debf73]
	Database driver: H2 JDBC Driver
	Database dialect: H2Dialect
	Database version: 2.4.240
	Default catalog/schema: C9CE2AEA-C4D5-4039-9B99-AAF040DEBF73/PUBLIC
	Autocommit mode: undefined/unknown
	Isolation level: READ_COMMITTED [default READ_COMMITTED]
	JDBC fetch size: 100
	Pool: DataSourceConnectionProvider
	Minimum pool size: undefined/unknown
	Maximum pool size: undefined/unknown
2026-09-30T18:23:06.685+08:00  INFO 9562 --- [           main] org.hibernate.orm.core                   : HHH000489: No JTA platform available (set 'hibernate.transaction.jta.platform' to enable JTA platform integration)
2026-09-30T18:23:06.709+08:00  INFO 9562 --- [           main] j.LocalContainerEntityManagerFactoryBean : Initialized JPA EntityManagerFactory for persistence unit 'default'
2026-09-30T18:23:06.871+08:00  INFO 9562 --- [           main] o.s.d.j.r.query.QueryEnhancerFactories   : Hibernate is in classpath; If applicable, HQL parser will be used.
2026-09-30T18:23:11.235+08:00  INFO 9562 --- [           main] o.s.b.a.e.web.EndpointLinksResolver      : Exposing 13 endpoints beneath base path '/actuator'
2026-09-30T18:23:11.296+08:00  INFO 9562 --- [           main] o.s.boot.tomcat.TomcatWebServer          : Tomcat started on port 43139 (http) with context path '/'
2026-09-30T18:23:11.301+08:00  INFO 9562 --- [           main] o.s.s.p.PetClinicIntegrationTests        : Started PetClinicIntegrationTests in 10.019 seconds (process running for 21.61)
2026-09-30T18:23:11.447+08:00 DEBUG 9562 --- [           main] org.hibernate.SQL                        : select v1_0.id,v1_0.first_name,v1_0.last_name from vets v1_0
2026-09-30T18:23:11.544+08:00 DEBUG 9562 --- [           main] org.hibernate.SQL                        : select s1_0.vet_id,s1_1.id,s1_1.name from vet_specialties s1_0 join specialties s1_1 on s1_1.id=s1_0.specialty_id where s1_0.vet_id in (?,?,?,?,?,?,?,?,?,?,?,?,?,?,?,?)
2026-09-30T18:23:11.578+08:00  INFO 9562 --- [o-auto-2-exec-1] o.a.c.c.C.[Tomcat-1].[localhost].[/]     : Initializing Spring DispatcherServlet 'dispatcherServlet'
2026-09-30T18:23:11.578+08:00  INFO 9562 --- [o-auto-2-exec-1] o.s.web.servlet.DispatcherServlet        : Initializing Servlet 'dispatcherServlet'
2026-09-30T18:23:11.580+08:00  INFO 9562 --- [o-auto-2-exec-1] o.s.web.servlet.DispatcherServlet        : Completed initialization in 2 ms
2026-09-30T18:23:11.632+08:00 DEBUG 9562 --- [o-auto-2-exec-1] org.hibernate.SQL                        : select distinct o1_0.city from owners o1_0 order by o1_0.city
2026-09-30T18:23:11.698+08:00 DEBUG 9562 --- [o-auto-2-exec-1] org.hibernate.SQL                        : select o1_0.id,o1_0.address,o1_0.city,o1_0.first_name,o1_0.last_name,o1_0.telephone from owners o1_0 where o1_0.last_name like ? escape '\' fetch first ? rows only
2026-09-30T18:23:11.707+08:00 DEBUG 9562 --- [o-auto-2-exec-1] org.hibernate.SQL                        : select p1_0.owner_id,p1_0.id,p1_0.birth_date,p1_0.name,t1_0.id,t1_0.name from pets p1_0 left join types t1_0 on t1_0.id=p1_0.type_id where p1_0.owner_id in (?,?,?,?,?,?,?,?,?,?,?,?,?,?,?,?) order by p1_0.name
2026-09-30T18:23:11.717+08:00 DEBUG 9562 --- [o-auto-2-exec-1] org.hibernate.SQL                        : select v1_0.pet_id,v1_0.id,v1_0.visit_date,v1_0.description from visits v1_0 where v1_0.pet_id in (?,?,?,?,?,?,?,?,?,?,?,?,?,?,?,?) order by v1_0.visit_date
2026-09-30T18:23:11.729+08:00 DEBUG 9562 --- [o-auto-2-exec-1] org.hibernate.SQL                        : select count(o1_0.id) from owners o1_0 where o1_0.last_name like ? escape '\'
2026-09-30T18:23:11.856+08:00 DEBUG 9562 --- [o-auto-2-exec-2] org.hibernate.SQL                        : select o1_0.id,o1_0.address,o1_0.city,o1_0.first_name,o1_0.last_name,o1_0.telephone,p1_0.owner_id,p1_0.id,p1_0.birth_date,p1_0.name,t1_0.id,t1_0.name from owners o1_0 left join pets p1_0 on o1_0.id=p1_0.owner_id left join types t1_0 on t1_0.id=p1_0.type_id where o1_0.id=? order by p1_0.name
2026-09-30T18:23:11.860+08:00 DEBUG 9562 --- [o-auto-2-exec-2] org.hibernate.SQL                        : select v1_0.pet_id,v1_0.id,v1_0.visit_date,v1_0.description from visits v1_0 where v1_0.pet_id=? order by v1_0.visit_date
2026-09-30T18:23:11.863+08:00 DEBUG 9562 --- [o-auto-2-exec-2] org.hibernate.SQL                        : select o1_0.id,o1_0.address,o1_0.city,o1_0.first_name,o1_0.last_name,o1_0.telephone,p1_0.owner_id,p1_0.id,p1_0.birth_date,p1_0.name,t1_0.id,t1_0.name from owners o1_0 left join pets p1_0 on o1_0.id=p1_0.owner_id left join types t1_0 on t1_0.id=p1_0.type_id where o1_0.id=? order by p1_0.name
2026-09-30T18:23:11.865+08:00 DEBUG 9562 --- [o-auto-2-exec-2] org.hibernate.SQL                        : select v1_0.pet_id,v1_0.id,v1_0.visit_date,v1_0.description from visits v1_0 where v1_0.pet_id=? order by v1_0.visit_date
[INFO] Tests run: 3, Failures: 0, Errors: 0, Skipped: 0, Time elapsed: 10.66 s -- in org.springframework.samples.petclinic.PetClinicIntegrationTests
[INFO] Running org.springframework.samples.petclinic.vet.VetControllerTests
2026-09-30T18:23:11.900+08:00  INFO 9562 --- [           main] t.c.s.AnnotationConfigContextLoaderUtils : Could not detect default configuration classes for test class [org.springframework.samples.petclinic.vet.VetControllerTests]: VetControllerTests does not declare any static, non-private, non-final, nested classes annotated with @Configuration.
2026-09-30T18:23:11.913+08:00  INFO 9562 --- [           main] .b.t.c.SpringBootTestContextBootstrapper : Found @SpringBootConfiguration org.springframework.samples.petclinic.PetClinicApplication for test class org.springframework.samples.petclinic.vet.VetControllerTests
2026-09-30T18:23:11.914+08:00  INFO 9562 --- [           main] t.c.s.AnnotationConfigContextLoaderUtils : Could not detect default configuration classes for test class [org.springframework.samples.petclinic.vet.VetControllerTests]: VetControllerTests does not declare any static, non-private, non-final, nested classes annotated with @Configuration.
2026-09-30T18:23:11.919+08:00  INFO 9562 --- [           main] .b.t.c.SpringBootTestContextBootstrapper : Found @SpringBootConfiguration org.springframework.samples.petclinic.PetClinicApplication for test class org.springframework.samples.petclinic.vet.VetControllerTests
2026-09-30T18:23:11.954+08:00  INFO 9562 --- [           main] o.s.b.d.r.RestartApplicationListener     : Restart disabled due to context in which it is running


              |\      _,,,--,,_
             /,`.-'`'   ._  \-;;,_
  _______ __|,4-  ) )_   .;.(__`'-'__     ___ __    _ ___ _______
 |       | '---''(_/._)-'(_\_)   |   |   |   |  |  | |   |       |
 |    _  |    ___|_     _|       |   |   |   |   |_| |   |       | __ _ _
 |   |_| |   |___  |   | |       |   |   |   |       |   |       | \ \ \ \
 |    ___|    ___| |   | |      _|   |___|   |  _    |   |      _|  \ \ \ \
 |   |   |   |___  |   | |     |_|       |   | | |   |   |     |_    ) ) ) )
 |___|   |_______| |___| |_______|_______|___|_|  |__|___|_______|  / / / /
 ==================================================================/_/_/_/

:: Built with Spring Boot :: 4.1.0


2026-09-30T18:23:11.976+08:00  INFO 9562 --- [           main] o.s.s.petclinic.vet.VetControllerTests   : Starting VetControllerTests using Java 21.0.11 with PID 9562 (started by jenkins in /var/jenkins_home/workspace/petclinic-ci)
2026-09-30T18:23:11.977+08:00  INFO 9562 --- [           main] o.s.s.petclinic.vet.VetControllerTests   : No active profile set, falling back to 1 default profile: "default"
2026-09-30T18:23:12.273+08:00  INFO 9562 --- [           main] o.s.b.t.m.w.SpringBootMockServletContext : Initializing Spring TestDispatcherServlet ''
2026-09-30T18:23:12.273+08:00  INFO 9562 --- [           main] o.s.t.web.servlet.TestDispatcherServlet  : Initializing Servlet ''
2026-09-30T18:23:12.274+08:00  INFO 9562 --- [           main] o.s.t.web.servlet.TestDispatcherServlet  : Completed initialization in 1 ms
2026-09-30T18:23:12.280+08:00  INFO 9562 --- [           main] o.s.s.petclinic.vet.VetControllerTests   : Started VetControllerTests in 0.327 seconds (process running for 22.59)
[INFO] Tests run: 2, Failures: 0, Errors: 0, Skipped: 0, Time elapsed: 0.551 s -- in org.springframework.samples.petclinic.vet.VetControllerTests
[INFO] Running org.springframework.samples.petclinic.vet.VetTests
[INFO] Tests run: 1, Failures: 0, Errors: 0, Skipped: 0, Time elapsed: 0.025 s -- in org.springframework.samples.petclinic.vet.VetTests
[INFO] Running org.springframework.samples.petclinic.service.ClinicServiceTests
2026-09-30T18:23:12.478+08:00  INFO 9562 --- [           main] t.c.s.AnnotationConfigContextLoaderUtils : Could not detect default configuration classes for test class [org.springframework.samples.petclinic.service.ClinicServiceTests]: ClinicServiceTests does not declare any static, non-private, non-final, nested classes annotated with @Configuration.
2026-09-30T18:23:12.493+08:00  INFO 9562 --- [           main] .b.t.c.SpringBootTestContextBootstrapper : Found @SpringBootConfiguration org.springframework.samples.petclinic.PetClinicApplication for test class org.springframework.samples.petclinic.service.ClinicServiceTests
2026-09-30T18:23:12.493+08:00  INFO 9562 --- [           main] t.c.s.AnnotationConfigContextLoaderUtils : Could not detect default configuration classes for test class [org.springframework.samples.petclinic.service.ClinicServiceTests]: ClinicServiceTests does not declare any static, non-private, non-final, nested classes annotated with @Configuration.
2026-09-30T18:23:12.501+08:00  INFO 9562 --- [           main] .b.t.c.SpringBootTestContextBootstrapper : Found @SpringBootConfiguration org.springframework.samples.petclinic.PetClinicApplication for test class org.springframework.samples.petclinic.service.ClinicServiceTests
2026-09-30T18:23:12.505+08:00  INFO 9562 --- [           main] o.s.b.d.r.RestartApplicationListener     : Restart disabled due to context in which it is running


              |\      _,,,--,,_
             /,`.-'`'   ._  \-;;,_
  _______ __|,4-  ) )_   .;.(__`'-'__     ___ __    _ ___ _______
 |       | '---''(_/._)-'(_\_)   |   |   |   |  |  | |   |       |
 |    _  |    ___|_     _|       |   |   |   |   |_| |   |       | __ _ _
 |   |_| |   |___  |   | |       |   |   |   |       |   |       | \ \ \ \
 |    ___|    ___| |   | |      _|   |___|   |  _    |   |      _|  \ \ \ \
 |   |   |   |___  |   | |     |_|       |   | | |   |   |     |_    ) ) ) )
 |___|   |_______| |___| |_______|_______|___|_|  |__|___|_______|  / / / /
 ==================================================================/_/_/_/

:: Built with Spring Boot :: 4.1.0


2026-09-30T18:23:12.525+08:00  INFO 9562 --- [           main] o.s.s.p.service.ClinicServiceTests       : Starting ClinicServiceTests using Java 21.0.11 with PID 9562 (started by jenkins in /var/jenkins_home/workspace/petclinic-ci)
2026-09-30T18:23:12.551+08:00  INFO 9562 --- [           main] o.s.s.p.service.ClinicServiceTests       : No active profile set, falling back to 1 default profile: "default"
2026-09-30T18:23:12.600+08:00  INFO 9562 --- [           main] .s.d.r.c.RepositoryConfigurationDelegate : Bootstrapping Spring Data JPA repositories in DEFAULT mode.
2026-09-30T18:23:12.609+08:00  INFO 9562 --- [           main] .s.d.r.c.RepositoryConfigurationDelegate : Finished Spring Data repository scanning in 7 ms. Found 4 JPA repository interfaces.
2026-09-30T18:23:12.636+08:00  INFO 9562 --- [           main] com.zaxxer.hikari.HikariDataSource       : HikariPool-2 - Starting...
2026-09-30T18:23:12.639+08:00  INFO 9562 --- [           main] com.zaxxer.hikari.pool.HikariPool        : HikariPool-2 - Added connection conn10: url=jdbc:h2:mem:bb488f1f-b2e8-4dde-9f3e-f98148d14442 user=SA
2026-09-30T18:23:12.639+08:00  INFO 9562 --- [           main] com.zaxxer.hikari.HikariDataSource       : HikariPool-2 - Start completed.
2026-09-30T18:23:12.686+08:00  INFO 9562 --- [           main] org.hibernate.orm.jpa                    : HHH008540: Processing PersistenceUnitInfo [name: default]
2026-09-30T18:23:12.721+08:00  INFO 9562 --- [           main] o.s.o.j.p.SpringPersistenceUnitInfo      : No LoadTimeWeaver setup: ignoring JPA class transformer
2026-09-30T18:23:12.723+08:00  INFO 9562 --- [           main] org.hibernate.orm.connections.pooling    : HHH10001005: Database info:
	Database JDBC URL [jdbc:h2:mem:bb488f1f-b2e8-4dde-9f3e-f98148d14442]
	Database driver: H2 JDBC Driver
	Database dialect: H2Dialect
	Database version: 2.4.240
	Default catalog/schema: BB488F1F-B2E8-4DDE-9F3E-F98148D14442/PUBLIC
	Autocommit mode: undefined/unknown
	Isolation level: READ_COMMITTED [default READ_COMMITTED]
	JDBC fetch size: 100
	Pool: DataSourceConnectionProvider
	Minimum pool size: undefined/unknown
	Maximum pool size: undefined/unknown
2026-09-30T18:23:12.827+08:00  INFO 9562 --- [           main] org.hibernate.orm.core                   : HHH000489: No JTA platform available (set 'hibernate.transaction.jta.platform' to enable JTA platform integration)
2026-09-30T18:23:12.852+08:00  INFO 9562 --- [           main] j.LocalContainerEntityManagerFactoryBean : Initialized JPA EntityManagerFactory for persistence unit 'default'
2026-09-30T18:23:12.974+08:00  INFO 9562 --- [           main] o.s.s.p.service.ClinicServiceTests       : Started ClinicServiceTests in 0.469 seconds (process running for 23.284)
Hibernate: select v1_0.id,v1_0.first_name,v1_0.last_name from vets v1_0
Hibernate: select s1_0.vet_id,s1_1.id,s1_1.name from vet_specialties s1_0 join specialties s1_1 on s1_1.id=s1_0.specialty_id where s1_0.vet_id in (?,?,?,?,?,?,?,?,?,?,?,?,?,?,?,?)
Hibernate: select o1_0.id,o1_0.address,o1_0.city,o1_0.first_name,o1_0.last_name,o1_0.telephone from owners o1_0 where o1_0.last_name like ? escape '\'
Hibernate: select p1_0.owner_id,p1_0.id,p1_0.birth_date,p1_0.name,t1_0.id,t1_0.name from pets p1_0 left join types t1_0 on t1_0.id=p1_0.type_id where p1_0.owner_id in (?,?,?,?,?,?,?,?,?,?,?,?,?,?,?,?) order by p1_0.name
Hibernate: select v1_0.pet_id,v1_0.id,v1_0.visit_date,v1_0.description from visits v1_0 where v1_0.pet_id in (?,?,?,?,?,?,?,?,?,?,?,?,?,?,?,?) order by v1_0.visit_date
Hibernate: select o1_0.id,o1_0.address,o1_0.city,o1_0.first_name,o1_0.last_name,o1_0.telephone from owners o1_0 where o1_0.last_name like ? escape '\'
Hibernate: select o1_0.id,o1_0.address,o1_0.city,o1_0.first_name,o1_0.last_name,o1_0.telephone,p1_0.owner_id,p1_0.id,p1_0.birth_date,p1_0.name,t1_0.id,t1_0.name from owners o1_0 left join pets p1_0 on o1_0.id=p1_0.owner_id left join types t1_0 on t1_0.id=p1_0.type_id where o1_0.id=? order by p1_0.name
Hibernate: select v1_0.pet_id,v1_0.id,v1_0.visit_date,v1_0.description from visits v1_0 where v1_0.pet_id=? order by v1_0.visit_date
Hibernate: select pt1_0.id,pt1_0.name from types pt1_0 order by pt1_0.name
Hibernate: insert into pets (birth_date,name,type_id,id) values (?,?,?,default)
Hibernate: update pets set owner_id=? where id=?
Hibernate: insert into pets (birth_date,name,type_id,id) values (?,?,?,default)
Hibernate: update pets set owner_id=? where id=?
2026-09-30T18:23:13.161+08:00  WARN 9562 --- [           main] org.hibernate.orm.jdbc.error             : HHH000247: ErrorCode: 23505, SQLState: 23505
2026-09-30T18:23:13.161+08:00  WARN 9562 --- [           main] org.hibernate.orm.jdbc.error             : Unique index or primary key violation: "PUBLIC.UNIQUE_OWNER_PET_NAME INDEX PUBLIC.UNIQUE_OWNER_PET_NAME_INDEX_2 ON PUBLIC.PETS(OWNER_ID NULLS FIRST, NAME NULLS FIRST) VALUES ( /* key:14 */ 1, CAST('DuplicatePetName' AS VARCHAR_IGNORECASE(16)))"; SQL statement:
update pets set owner_id=? where id=? [23505-240]
Hibernate: select o1_0.id,o1_0.address,o1_0.city,o1_0.first_name,o1_0.last_name,o1_0.telephone,p1_0.owner_id,p1_0.id,p1_0.birth_date,p1_0.name,t1_0.id,t1_0.name from owners o1_0 left join pets p1_0 on o1_0.id=p1_0.owner_id left join types t1_0 on t1_0.id=p1_0.type_id where o1_0.id=? order by p1_0.name
Hibernate: select v1_0.pet_id,v1_0.id,v1_0.visit_date,v1_0.description from visits v1_0 where v1_0.pet_id in (?,?,?,?,?,?,?,?,?,?,?,?,?,?,?,?) order by v1_0.visit_date
Hibernate: insert into visits (visit_date,description,id) values (?,?,default)
Hibernate: select o1_0.id,o1_0.address,o1_0.city,o1_0.first_name,o1_0.last_name,o1_0.telephone,p1_0.owner_id,p1_0.id,p1_0.birth_date,p1_0.name,t1_0.id,t1_0.name from owners o1_0 left join pets p1_0 on o1_0.id=p1_0.owner_id left join types t1_0 on t1_0.id=p1_0.type_id where o1_0.id=? order by p1_0.name
Hibernate: select v1_0.pet_id,v1_0.id,v1_0.visit_date,v1_0.description from visits v1_0 where v1_0.pet_id=? order by v1_0.visit_date
Hibernate: select o1_0.id,o1_0.address,o1_0.city,o1_0.first_name,o1_0.last_name,o1_0.telephone,p1_0.owner_id,p1_0.id,p1_0.birth_date,p1_0.name,t1_0.id,t1_0.name from owners o1_0 left join pets p1_0 on o1_0.id=p1_0.owner_id left join types t1_0 on t1_0.id=p1_0.type_id where o1_0.id=? order by p1_0.name
Hibernate: select v1_0.pet_id,v1_0.id,v1_0.visit_date,v1_0.description from visits v1_0 where v1_0.pet_id in (?,?,?,?,?,?,?,?,?,?,?,?,?,?,?,?) order by v1_0.visit_date
Hibernate: select o1_0.id,o1_0.address,o1_0.city,o1_0.first_name,o1_0.last_name,o1_0.telephone,p1_0.owner_id,p1_0.id,p1_0.birth_date,p1_0.name,t1_0.id,t1_0.name from owners o1_0 left join pets p1_0 on o1_0.id=p1_0.owner_id left join types t1_0 on t1_0.id=p1_0.type_id where o1_0.id=? order by p1_0.name
Hibernate: select v1_0.pet_id,v1_0.id,v1_0.visit_date,v1_0.description from visits v1_0 where v1_0.pet_id in (?,?,?,?,?,?,?,?,?,?,?,?,?,?,?,?) order by v1_0.visit_date
Hibernate: select pt1_0.id,pt1_0.name from types pt1_0 order by pt1_0.name
Hibernate: insert into pets (birth_date,name,type_id,id) values (?,?,?,default)
Hibernate: select o1_0.id,o1_0.address,o1_0.city,o1_0.first_name,o1_0.last_name,o1_0.telephone from owners o1_0 where o1_0.last_name like ? escape '\'
Hibernate: insert into owners (address,city,first_name,last_name,telephone,id) values (?,?,?,?,?,default)
Hibernate: select o1_0.id,o1_0.address,o1_0.city,o1_0.first_name,o1_0.last_name,o1_0.telephone from owners o1_0 where o1_0.last_name like ? escape '\'
Hibernate: select o1_0.id,o1_0.address,o1_0.city,o1_0.first_name,o1_0.last_name,o1_0.telephone,p1_0.owner_id,p1_0.id,p1_0.birth_date,p1_0.name,t1_0.id,t1_0.name from owners o1_0 left join pets p1_0 on o1_0.id=p1_0.owner_id left join types t1_0 on t1_0.id=p1_0.type_id where o1_0.id=? order by p1_0.name
Hibernate: select v1_0.pet_id,v1_0.id,v1_0.visit_date,v1_0.description from visits v1_0 where v1_0.pet_id=? order by v1_0.visit_date
Hibernate: select o1_0.id,o1_0.address,o1_0.city,o1_0.first_name,o1_0.last_name,o1_0.telephone,p1_0.owner_id,p1_0.id,p1_0.birth_date,p1_0.name,t1_0.id,t1_0.name from owners o1_0 left join pets p1_0 on o1_0.id=p1_0.owner_id left join types t1_0 on t1_0.id=p1_0.type_id where o1_0.id=? order by p1_0.name
Hibernate: select v1_0.pet_id,v1_0.id,v1_0.visit_date,v1_0.description from visits v1_0 where v1_0.pet_id in (?,?,?,?,?,?,?,?,?,?,?,?,?,?,?,?) order by v1_0.visit_date
Hibernate: select pt1_0.id,pt1_0.name from types pt1_0 order by pt1_0.name
Hibernate: select pt1_0.id,pt1_0.name from types pt1_0 order by pt1_0.name
Hibernate: select o1_0.id,o1_0.address,o1_0.city,o1_0.first_name,o1_0.last_name,o1_0.telephone,p1_0.owner_id,p1_0.id,p1_0.birth_date,p1_0.name,t1_0.id,t1_0.name from owners o1_0 left join pets p1_0 on o1_0.id=p1_0.owner_id left join types t1_0 on t1_0.id=p1_0.type_id where o1_0.id=? order by p1_0.name
Hibernate: select v1_0.pet_id,v1_0.id,v1_0.visit_date,v1_0.description from visits v1_0 where v1_0.pet_id=? order by v1_0.visit_date
Hibernate: insert into pets (birth_date,name,type_id,id) values (?,?,?,default)
Hibernate: update pets set owner_id=? where id=?
Hibernate: select o1_0.id,o1_0.address,o1_0.city,o1_0.first_name,o1_0.last_name,o1_0.telephone,p1_0.owner_id,p1_0.id,p1_0.birth_date,p1_0.name,t1_0.id,t1_0.name from owners o1_0 left join pets p1_0 on o1_0.id=p1_0.owner_id left join types t1_0 on t1_0.id=p1_0.type_id where o1_0.id=? order by p1_0.name
Hibernate: select v1_0.pet_id,v1_0.id,v1_0.visit_date,v1_0.description from visits v1_0 where v1_0.pet_id=? order by v1_0.visit_date
Hibernate: insert into pets (birth_date,name,type_id,id) values (?,?,?,default)
Hibernate: update pets set owner_id=? where id=?
[INFO] Tests run: 12, Failures: 0, Errors: 0, Skipped: 0, Time elapsed: 0.834 s -- in org.springframework.samples.petclinic.service.ClinicServiceTests
[INFO] Running org.springframework.samples.petclinic.model.ValidatorTests
[INFO] Tests run: 2, Failures: 0, Errors: 0, Skipped: 0, Time elapsed: 0.068 s -- in org.springframework.samples.petclinic.model.ValidatorTests
[INFO] Running org.springframework.samples.petclinic.PetClinicConcurrencyTests
2026-09-30T18:23:13.382+08:00  INFO 9562 --- [           main] t.c.s.AnnotationConfigContextLoaderUtils : Could not detect default configuration classes for test class [org.springframework.samples.petclinic.PetClinicConcurrencyTests]: PetClinicConcurrencyTests does not declare any static, non-private, non-final, nested classes annotated with @Configuration.
2026-09-30T18:23:13.384+08:00  INFO 9562 --- [           main] .b.t.c.SpringBootTestContextBootstrapper : Found @SpringBootConfiguration org.springframework.samples.petclinic.PetClinicApplication for test class org.springframework.samples.petclinic.PetClinicConcurrencyTests
2026-09-30T18:23:13.385+08:00  INFO 9562 --- [           main] t.c.s.AnnotationConfigContextLoaderUtils : Could not detect default configuration classes for test class [org.springframework.samples.petclinic.PetClinicConcurrencyTests]: PetClinicConcurrencyTests does not declare any static, non-private, non-final, nested classes annotated with @Configuration.
2026-09-30T18:23:13.386+08:00  INFO 9562 --- [           main] .b.t.c.SpringBootTestContextBootstrapper : Found @SpringBootConfiguration org.springframework.samples.petclinic.PetClinicApplication for test class org.springframework.samples.petclinic.PetClinicConcurrencyTests
2026-09-30T18:23:13.390+08:00  INFO 9562 --- [           main] o.s.b.d.r.RestartApplicationListener     : Restart disabled due to context in which it is running


              |\      _,,,--,,_
             /,`.-'`'   ._  \-;;,_
  _______ __|,4-  ) )_   .;.(__`'-'__     ___ __    _ ___ _______
 |       | '---''(_/._)-'(_\_)   |   |   |   |  |  | |   |       |
 |    _  |    ___|_     _|       |   |   |   |   |_| |   |       | __ _ _
 |   |_| |   |___  |   | |       |   |   |   |       |   |       | \ \ \ \
 |    ___|    ___| |   | |      _|   |___|   |  _    |   |      _|  \ \ \ \
 |   |   |   |___  |   | |     |_|       |   | | |   |   |     |_    ) ) ) )
 |___|   |_______| |___| |_______|_______|___|_|  |__|___|_______|  / / / /
 ==================================================================/_/_/_/

:: Built with Spring Boot :: 4.1.0


2026-09-30T18:23:13.407+08:00  INFO 9562 --- [           main] o.s.s.p.PetClinicConcurrencyTests        : Starting PetClinicConcurrencyTests using Java 21.0.11 with PID 9562 (started by jenkins in /var/jenkins_home/workspace/petclinic-ci)
2026-09-30T18:23:13.407+08:00  INFO 9562 --- [           main] o.s.s.p.PetClinicConcurrencyTests        : No active profile set, falling back to 1 default profile: "default"
2026-09-30T18:23:13.770+08:00  INFO 9562 --- [           main] .s.d.r.c.RepositoryConfigurationDelegate : Bootstrapping Spring Data JPA repositories in DEFAULT mode.
2026-09-30T18:23:13.869+08:00  INFO 9562 --- [           main] .s.d.r.c.RepositoryConfigurationDelegate : Finished Spring Data repository scanning in 51 ms. Found 4 JPA repository interfaces.
2026-09-30T18:23:14.072+08:00  INFO 9562 --- [           main] o.s.boot.tomcat.TomcatWebServer          : Tomcat initialized with port 0 (http)
2026-09-30T18:23:14.073+08:00  INFO 9562 --- [           main] o.apache.catalina.core.StandardService   : Starting service [Tomcat]
2026-09-30T18:23:14.073+08:00  INFO 9562 --- [           main] o.apache.catalina.core.StandardEngine    : Starting Servlet engine: [Apache Tomcat/11.0.22]
2026-09-30T18:23:14.089+08:00  INFO 9562 --- [           main] b.w.c.s.WebApplicationContextInitializer : Root WebApplicationContext: initialization completed in 678 ms
2026-09-30T18:23:14.154+08:00  INFO 9562 --- [           main] com.zaxxer.hikari.HikariDataSource       : HikariPool-3 - Starting...
2026-09-30T18:23:14.157+08:00  INFO 9562 --- [           main] com.zaxxer.hikari.pool.HikariPool        : HikariPool-3 - Added connection conn20: url=jdbc:h2:mem:7f88a58d-f888-4213-a972-c4f3a3616eea user=SA
2026-09-30T18:23:14.158+08:00  INFO 9562 --- [           main] com.zaxxer.hikari.HikariDataSource       : HikariPool-3 - Start completed.
2026-09-30T18:23:14.193+08:00  INFO 9562 --- [           main] org.hibernate.orm.jpa                    : HHH008540: Processing PersistenceUnitInfo [name: default]
2026-09-30T18:23:14.209+08:00  INFO 9562 --- [           main] o.s.o.j.p.SpringPersistenceUnitInfo      : No LoadTimeWeaver setup: ignoring JPA class transformer
2026-09-30T18:23:14.211+08:00  INFO 9562 --- [           main] org.hibernate.orm.connections.pooling    : HHH10001005: Database info:
	Database JDBC URL [jdbc:h2:mem:7f88a58d-f888-4213-a972-c4f3a3616eea]
	Database driver: H2 JDBC Driver
	Database dialect: H2Dialect
	Database version: 2.4.240
	Default catalog/schema: 7F88A58D-F888-4213-A972-C4F3A3616EEA/PUBLIC
	Autocommit mode: undefined/unknown
	Isolation level: READ_COMMITTED [default READ_COMMITTED]
	JDBC fetch size: 100
	Pool: DataSourceConnectionProvider
	Minimum pool size: undefined/unknown
	Maximum pool size: undefined/unknown
2026-09-30T18:23:14.312+08:00  INFO 9562 --- [           main] org.hibernate.orm.core                   : HHH000489: No JTA platform available (set 'hibernate.transaction.jta.platform' to enable JTA platform integration)
2026-09-30T18:23:14.313+08:00  INFO 9562 --- [           main] j.LocalContainerEntityManagerFactoryBean : Initialized JPA EntityManagerFactory for persistence unit 'default'
2026-09-30T18:23:14.683+08:00  INFO 9562 --- [           main] o.s.b.a.e.web.EndpointLinksResolver      : Exposing 13 endpoints beneath base path '/actuator'
2026-09-30T18:23:14.708+08:00  INFO 9562 --- [           main] o.s.boot.tomcat.TomcatWebServer          : Tomcat started on port 38449 (http) with context path '/'
2026-09-30T18:23:14.711+08:00  INFO 9562 --- [           main] o.s.s.p.PetClinicConcurrencyTests        : Started PetClinicConcurrencyTests in 1.321 seconds (process running for 25.021)
2026-09-30T18:23:14.765+08:00  INFO 9562 --- [o-auto-3-exec-1] o.a.c.c.C.[Tomcat-2].[localhost].[/]     : Initializing Spring DispatcherServlet 'dispatcherServlet'
2026-09-30T18:23:14.765+08:00  INFO 9562 --- [o-auto-3-exec-1] o.s.web.servlet.DispatcherServlet        : Initializing Servlet 'dispatcherServlet'
2026-09-30T18:23:14.767+08:00  INFO 9562 --- [o-auto-3-exec-1] o.s.web.servlet.DispatcherServlet        : Completed initialization in 1 ms
2026-09-30T18:23:14.804+08:00  WARN 9562 --- [o-auto-3-exec-2] org.hibernate.orm.jdbc.error             : HHH000247: ErrorCode: 23505, SQLState: 23505
2026-09-30T18:23:14.804+08:00  WARN 9562 --- [o-auto-3-exec-2] org.hibernate.orm.jdbc.error             : Unique index or primary key violation: "PUBLIC.UNIQUE_OWNER_PET_NAME INDEX PUBLIC.UNIQUE_OWNER_PET_NAME_INDEX_2 ON PUBLIC.PETS(OWNER_ID NULLS FIRST, NAME NULLS FIRST) VALUES ( /* key:14 */ 1, CAST('ConcurrencyTestPet' AS VARCHAR_IGNORECASE(18)))"; SQL statement:
update pets set owner_id=? where id=? [23505-240]
--- Concurrency Test Assertions ---
Successful additions: 1
Failed additions: 1
Original Pet Count: 1
Final Pet Count: 2
[INFO] Tests run: 1, Failures: 0, Errors: 0, Skipped: 0, Time elapsed: 1.583 s -- in org.springframework.samples.petclinic.PetClinicConcurrencyTests
2026-09-30T18:23:14.975+08:00  INFO 9562 --- [           main] org.testcontainers.DockerClientFactory   : Testcontainers version: 2.0.5
2026-09-30T18:23:15.477+08:00  INFO 9562 --- [           main] o.t.d.DockerClientProviderStrategy       : Loaded org.testcontainers.dockerclient.UnixSocketClientProviderStrategy from ~/.testcontainers.properties, will try it first
2026-09-30T18:23:15.967+08:00  INFO 9562 --- [           main] o.t.d.DockerClientProviderStrategy       : Found Docker environment with local Unix socket (unix:///var/run/docker.sock)
2026-09-30T18:23:15.969+08:00  INFO 9562 --- [           main] org.testcontainers.DockerClientFactory   : Docker host IP address is 192.168.1.58
2026-09-30T18:23:15.994+08:00  INFO 9562 --- [           main] org.testcontainers.DockerClientFactory   : Connected to docker: 
  Server Version: 29.6.2
  API Version: 1.55
  Operating System: Ubuntu 24.04.4 LTS
  Total Memory: 19946 MB
2026-09-30T18:23:16.016+08:00  INFO 9562 --- [           main] org.testcontainers.images.PullPolicy     : Image pull policy will be performed by: DefaultPullPolicy()
2026-09-30T18:23:16.020+08:00  INFO 9562 --- [           main] o.t.utility.ImageNameSubstitutor         : Image name substitution will be performed by: DefaultImageNameSubstitutor (composite of 'ConfigurationFileImageNameSubstitutor' and 'PrefixingImageNameSubstitutor')
2026-09-30T18:23:17.030+08:00  INFO 9562 --- [           main] tc.testcontainers/ryuk:0.14.0            : Creating container for image: testcontainers/ryuk:0.14.0
2026-09-30T18:23:17.371+08:00  INFO 9562 --- [           main] tc.testcontainers/ryuk:0.14.0            : Container testcontainers/ryuk:0.14.0 is starting: 2fc1fec522dcd39b0fd6bf90ad96d3e6a66a491cb87397496eb01b59826f6e13
2026-09-30T18:23:17.878+08:00  INFO 9562 --- [           main] tc.testcontainers/ryuk:0.14.0            : Container testcontainers/ryuk:0.14.0 started in PT0.848162511S
2026-09-30T18:23:17.884+08:00  INFO 9562 --- [           main] o.t.utility.RyukResourceReaper           : Ryuk started - will monitor and terminate Testcontainers containers on JVM exit
2026-09-30T18:23:17.884+08:00  INFO 9562 --- [           main] org.testcontainers.DockerClientFactory   : Checking the system...
2026-09-30T18:23:17.885+08:00  INFO 9562 --- [           main] org.testcontainers.DockerClientFactory   : ✔︎ Docker server version should be at least 1.6.0
[INFO] Running org.springframework.samples.petclinic.MySqlIntegrationTests
2026-09-30T18:23:17.887+08:00  INFO 9562 --- [           main] t.c.s.AnnotationConfigContextLoaderUtils : Could not detect default configuration classes for test class [org.springframework.samples.petclinic.MySqlIntegrationTests]: MySqlIntegrationTests does not declare any static, non-private, non-final, nested classes annotated with @Configuration.
2026-09-30T18:23:17.898+08:00  INFO 9562 --- [           main] .b.t.c.SpringBootTestContextBootstrapper : Found @SpringBootConfiguration org.springframework.samples.petclinic.PetClinicApplication for test class org.springframework.samples.petclinic.MySqlIntegrationTests
2026-09-30T18:23:17.899+08:00  INFO 9562 --- [           main] t.c.s.AnnotationConfigContextLoaderUtils : Could not detect default configuration classes for test class [org.springframework.samples.petclinic.MySqlIntegrationTests]: MySqlIntegrationTests does not declare any static, non-private, non-final, nested classes annotated with @Configuration.
2026-09-30T18:23:17.901+08:00  INFO 9562 --- [           main] .b.t.c.SpringBootTestContextBootstrapper : Found @SpringBootConfiguration org.springframework.samples.petclinic.PetClinicApplication for test class org.springframework.samples.petclinic.MySqlIntegrationTests
2026-09-30T18:23:17.905+08:00  INFO 9562 --- [           main] tc.mysql:9.7                             : Creating container for image: mysql:9.7
2026-09-30T18:23:18.012+08:00  INFO 9562 --- [           main] tc.mysql:9.7                             : Container mysql:9.7 is starting: 3e3f7065d007e6e6ba48e28d4fe4dfcaf6f8788a4119a6d4c2cd35711f6e0089
2026-09-30T18:23:18.323+08:00  INFO 9562 --- [           main] tc.mysql:9.7                             : Waiting for database connection to become available at jdbc:mysql://192.168.1.58:32775/test using query 'SELECT 1'
2026-09-30T18:23:31.194+08:00  INFO 9562 --- [           main] tc.mysql:9.7                             : Container mysql:9.7 started in PT13.288952203S
2026-09-30T18:23:31.196+08:00  INFO 9562 --- [           main] tc.mysql:9.7                             : Container is started (JDBC URL: jdbc:mysql://192.168.1.58:32775/test)
2026-09-30T18:23:31.211+08:00  INFO 9562 --- [           main] o.s.b.d.r.RestartApplicationListener     : Restart disabled due to context in which it is running


              |\      _,,,--,,_
             /,`.-'`'   ._  \-;;,_
  _______ __|,4-  ) )_   .;.(__`'-'__     ___ __    _ ___ _______
 |       | '---''(_/._)-'(_\_)   |   |   |   |  |  | |   |       |
 |    _  |    ___|_     _|       |   |   |   |   |_| |   |       | __ _ _
 |   |_| |   |___  |   | |       |   |   |   |       |   |       | \ \ \ \
 |    ___|    ___| |   | |      _|   |___|   |  _    |   |      _|  \ \ \ \
 |   |   |   |___  |   | |     |_|       |   | | |   |   |     |_    ) ) ) )
 |___|   |_______| |___| |_______|_______|___|_|  |__|___|_______|  / / / /
 ==================================================================/_/_/_/

:: Built with Spring Boot :: 4.1.0


2026-09-30T18:23:31.269+08:00  INFO 9562 --- [           main] o.s.s.petclinic.MySqlIntegrationTests    : Starting MySqlIntegrationTests using Java 21.0.11 with PID 9562 (started by jenkins in /var/jenkins_home/workspace/petclinic-ci)
2026-09-30T18:23:31.270+08:00  INFO 9562 --- [           main] o.s.s.petclinic.MySqlIntegrationTests    : The following 1 profile is active: "mysql"
2026-09-30T18:23:31.636+08:00  INFO 9562 --- [           main] .s.d.r.c.RepositoryConfigurationDelegate : Bootstrapping Spring Data JPA repositories in DEFAULT mode.
2026-09-30T18:23:31.654+08:00  INFO 9562 --- [           main] .s.d.r.c.RepositoryConfigurationDelegate : Finished Spring Data repository scanning in 14 ms. Found 4 JPA repository interfaces.
2026-09-30T18:23:31.787+08:00  INFO 9562 --- [           main] o.s.boot.tomcat.TomcatWebServer          : Tomcat initialized with port 0 (http)
2026-09-30T18:23:31.788+08:00  INFO 9562 --- [           main] o.apache.catalina.core.StandardService   : Starting service [Tomcat]
2026-09-30T18:23:31.788+08:00  INFO 9562 --- [           main] o.apache.catalina.core.StandardEngine    : Starting Servlet engine: [Apache Tomcat/11.0.22]
2026-09-30T18:23:31.819+08:00  INFO 9562 --- [           main] b.w.c.s.WebApplicationContextInitializer : Root WebApplicationContext: initialization completed in 541 ms
2026-09-30T18:23:31.921+08:00  INFO 9562 --- [           main] com.zaxxer.hikari.HikariDataSource       : HikariPool-4 - Starting...
2026-09-30T18:23:32.111+08:00  INFO 9562 --- [           main] com.zaxxer.hikari.pool.HikariPool        : HikariPool-4 - Added connection com.mysql.cj.jdbc.ConnectionImpl@6275c91a
2026-09-30T18:23:32.112+08:00  INFO 9562 --- [           main] com.zaxxer.hikari.HikariDataSource       : HikariPool-4 - Start completed.
2026-09-30T18:23:32.546+08:00  INFO 9562 --- [           main] org.hibernate.orm.jpa                    : HHH008540: Processing PersistenceUnitInfo [name: default]
2026-09-30T18:23:32.581+08:00  INFO 9562 --- [           main] o.s.o.j.p.SpringPersistenceUnitInfo      : No LoadTimeWeaver setup: ignoring JPA class transformer
2026-09-30T18:23:32.654+08:00  INFO 9562 --- [           main] org.hibernate.orm.connections.pooling    : HHH10001005: Database info:
	Database JDBC URL [jdbc:mysql://192.168.1.58:32775/test]
	Database driver: MySQL Connector/J
	Database dialect: MySQLDialect
	Database version: 9.7.2
	Default catalog/schema: test/undefined
	Autocommit mode: undefined/unknown
	Isolation level: REPEATABLE_READ [default REPEATABLE_READ]
	JDBC fetch size: none
	Pool: DataSourceConnectionProvider
	Minimum pool size: undefined/unknown
	Maximum pool size: undefined/unknown
2026-09-30T18:23:32.918+08:00  INFO 9562 --- [           main] org.hibernate.orm.core                   : HHH000489: No JTA platform available (set 'hibernate.transaction.jta.platform' to enable JTA platform integration)
2026-09-30T18:23:32.952+08:00  INFO 9562 --- [           main] j.LocalContainerEntityManagerFactoryBean : Initialized JPA EntityManagerFactory for persistence unit 'default'
2026-09-30T18:23:32.968+08:00  INFO 9562 --- [           main] tc.mysql:9.7                             : Creating container for image: mysql:9.7
2026-09-30T18:23:33.116+08:00  INFO 9562 --- [           main] tc.mysql:9.7                             : Container mysql:9.7 is starting: 522764c4c3e664567cd16754d29db5b607b6c244b6ca38ea7806c2302ea1ba1e
2026-09-30T18:23:33.569+08:00  INFO 9562 --- [           main] tc.mysql:9.7                             : Waiting for database connection to become available at jdbc:mysql://192.168.1.58:32776/test using query 'SELECT 1'
2026-09-30T18:23:43.308+08:00  INFO 9562 --- [           main] tc.mysql:9.7                             : Container mysql:9.7 started in PT10.339842029S
2026-09-30T18:23:43.308+08:00  INFO 9562 --- [           main] tc.mysql:9.7                             : Container is started (JDBC URL: jdbc:mysql://192.168.1.58:32776/test)
2026-09-30T18:23:43.631+08:00  INFO 9562 --- [           main] o.s.b.a.e.web.EndpointLinksResolver      : Exposing 13 endpoints beneath base path '/actuator'
2026-09-30T18:23:43.660+08:00  INFO 9562 --- [           main] o.s.boot.tomcat.TomcatWebServer          : Tomcat started on port 41781 (http) with context path '/'
2026-09-30T18:23:43.664+08:00  INFO 9562 --- [           main] o.s.s.petclinic.MySqlIntegrationTests    : Started MySqlIntegrationTests in 12.454 seconds (process running for 53.974)
2026-09-30T18:23:43.727+08:00  INFO 9562 --- [o-auto-4-exec-1] o.a.c.c.C.[Tomcat-3].[localhost].[/]     : Initializing Spring DispatcherServlet 'dispatcherServlet'
2026-09-30T18:23:43.727+08:00  INFO 9562 --- [o-auto-4-exec-1] o.s.web.servlet.DispatcherServlet        : Initializing Servlet 'dispatcherServlet'
2026-09-30T18:23:43.728+08:00  INFO 9562 --- [o-auto-4-exec-1] o.s.web.servlet.DispatcherServlet        : Completed initialization in 1 ms
[INFO] Tests run: 2, Failures: 0, Errors: 0, Skipped: 0, Time elapsed: 26.84 s -- in org.springframework.samples.petclinic.MySqlIntegrationTests
[INFO] Running org.springframework.samples.petclinic.PostgresIntegrationTests
2026-09-30T18:23:44.737+08:00  INFO 9562 --- [           main] t.c.s.AnnotationConfigContextLoaderUtils : Could not detect default configuration classes for test class [org.springframework.samples.petclinic.PostgresIntegrationTests]: PostgresIntegrationTests does not declare any static, non-private, non-final, nested classes annotated with @Configuration.
2026-09-30T18:23:44.744+08:00  INFO 9562 --- [           main] .b.t.c.SpringBootTestContextBootstrapper : Found @SpringBootConfiguration org.springframework.samples.petclinic.PetClinicApplication for test class org.springframework.samples.petclinic.PostgresIntegrationTests
2026-09-30T18:23:44.745+08:00  INFO 9562 --- [           main] t.c.s.AnnotationConfigContextLoaderUtils : Could not detect default configuration classes for test class [org.springframework.samples.petclinic.PostgresIntegrationTests]: PostgresIntegrationTests does not declare any static, non-private, non-final, nested classes annotated with @Configuration.
2026-09-30T18:23:44.749+08:00  INFO 9562 --- [           main] .b.t.c.SpringBootTestContextBootstrapper : Found @SpringBootConfiguration org.springframework.samples.petclinic.PetClinicApplication for test class org.springframework.samples.petclinic.PostgresIntegrationTests
2026-09-30T18:23:44.796+08:00  INFO 9562 --- [           main] o.s.b.d.r.RestartApplicationListener     : Restart disabled due to context in which it is running


              |\      _,,,--,,_
             /,`.-'`'   ._  \-;;,_
  _______ __|,4-  ) )_   .;.(__`'-'__     ___ __    _ ___ _______
 |       | '---''(_/._)-'(_\_)   |   |   |   |  |  | |   |       |
 |    _  |    ___|_     _|       |   |   |   |   |_| |   |       | __ _ _
 |   |_| |   |___  |   | |       |   |   |   |       |   |       | \ \ \ \
 |    ___|    ___| |   | |      _|   |___|   |  _    |   |      _|  \ \ \ \
 |   |   |   |___  |   | |     |_|       |   | | |   |   |     |_    ) ) ) )
 |___|   |_______| |___| |_______|_______|___|_|  |__|___|_______|  / / / /
 ==================================================================/_/_/_/

:: Built with Spring Boot :: 4.1.0


2026-09-30T18:23:44.816+08:00  INFO 9562 --- [           main] o.s.s.p.PostgresIntegrationTests         : Starting PostgresIntegrationTests using Java 21.0.11 with PID 9562 (started by jenkins in /var/jenkins_home/workspace/petclinic-ci)
2026-09-30T18:23:44.816+08:00  INFO 9562 --- [           main] o.s.s.p.PostgresIntegrationTests         : The following 1 profile is active: "postgres"
2026-09-30T18:23:44.823+08:00  INFO 9562 --- [           main] .s.b.d.c.l.DockerComposeLifecycleManager : Using Docker Compose file /var/jenkins_home/workspace/petclinic-ci/docker-compose.yml
2026-09-30T18:23:45.306+08:00  INFO 9562 --- [utReader-stderr] o.s.boot.docker.compose.core.DockerCli   :  Container petclinic-ci-postgres-1 Recreate 
2026-09-30T18:23:45.432+08:00  INFO 9562 --- [utReader-stderr] o.s.boot.docker.compose.core.DockerCli   :  Container petclinic-ci-postgres-1 Recreated 
2026-09-30T18:23:45.440+08:00  INFO 9562 --- [utReader-stderr] o.s.boot.docker.compose.core.DockerCli   :  Container petclinic-ci-postgres-1 Starting 
2026-09-30T18:23:45.636+08:00  INFO 9562 --- [utReader-stderr] o.s.boot.docker.compose.core.DockerCli   :  Container petclinic-ci-postgres-1 Started 
2026-09-30T18:23:45.637+08:00  INFO 9562 --- [utReader-stderr] o.s.boot.docker.compose.core.DockerCli   :  Container petclinic-ci-postgres-1 Waiting 
2026-09-30T18:23:46.139+08:00  INFO 9562 --- [utReader-stderr] o.s.boot.docker.compose.core.DockerCli   :  Container petclinic-ci-postgres-1 Healthy 
2026-09-30T18:23:47.629+08:00  INFO 9562 --- [           main] .s.d.r.c.RepositoryConfigurationDelegate : Bootstrapping Spring Data JPA repositories in DEFAULT mode.
2026-09-30T18:23:47.640+08:00  INFO 9562 --- [           main] .s.d.r.c.RepositoryConfigurationDelegate : Finished Spring Data repository scanning in 9 ms. Found 4 JPA repository interfaces.
2026-09-30T18:23:47.763+08:00  INFO 9562 --- [           main] o.s.boot.tomcat.TomcatWebServer          : Tomcat initialized with port 0 (http)
2026-09-30T18:23:47.764+08:00  INFO 9562 --- [           main] o.apache.catalina.core.StandardService   : Starting service [Tomcat]
2026-09-30T18:23:47.765+08:00  INFO 9562 --- [           main] o.apache.catalina.core.StandardEngine    : Starting Servlet engine: [Apache Tomcat/11.0.22]
2026-09-30T18:23:47.780+08:00  INFO 9562 --- [           main] b.w.c.s.WebApplicationContextInitializer : Root WebApplicationContext: initialization completed in 317 ms
2026-09-30T18:23:47.837+08:00  INFO 9562 --- [           main] com.zaxxer.hikari.HikariDataSource       : HikariPool-5 - Starting...
2026-09-30T18:23:48.077+08:00  INFO 9562 --- [           main] com.zaxxer.hikari.pool.HikariPool        : HikariPool-5 - Added connection org.postgresql.jdbc.PgConnection@22387d05
2026-09-30T18:23:48.077+08:00  INFO 9562 --- [           main] com.zaxxer.hikari.HikariDataSource       : HikariPool-5 - Start completed.
2026-09-30T18:23:48.182+08:00  INFO 9562 --- [           main] org.hibernate.orm.jpa                    : HHH008540: Processing PersistenceUnitInfo [name: default]
2026-09-30T18:23:48.205+08:00  INFO 9562 --- [           main] o.s.o.j.p.SpringPersistenceUnitInfo      : No LoadTimeWeaver setup: ignoring JPA class transformer
2026-09-30T18:23:48.228+08:00  INFO 9562 --- [           main] org.hibernate.orm.connections.pooling    : HHH10001005: Database info:
	Database JDBC URL [jdbc:postgresql://192.168.1.58:5432/petclinic]
	Database driver: PostgreSQL JDBC Driver
	Database dialect: PostgreSQLDialect
	Database version: 18.4
	Default catalog/schema: petclinic/public
	Autocommit mode: undefined/unknown
	Isolation level: READ_COMMITTED [default READ_COMMITTED]
	JDBC fetch size: none
	Pool: DataSourceConnectionProvider
	Minimum pool size: undefined/unknown
	Maximum pool size: undefined/unknown
2026-09-30T18:23:48.410+08:00  INFO 9562 --- [           main] org.hibernate.orm.core                   : HHH000489: No JTA platform available (set 'hibernate.transaction.jta.platform' to enable JTA platform integration)
2026-09-30T18:23:48.411+08:00  INFO 9562 --- [           main] j.LocalContainerEntityManagerFactoryBean : Initialized JPA EntityManagerFactory for persistence unit 'default'
2026-09-30T18:23:48.753+08:00  INFO 9562 --- [           main] o.s.b.a.e.web.EndpointLinksResolver      : Exposing 13 endpoints beneath base path '/actuator'
2026-09-30T18:23:48.776+08:00  INFO 9562 --- [           main] o.s.boot.tomcat.TomcatWebServer          : Tomcat started on port 38073 (http) with context path '/'
2026-09-30T18:23:48.778+08:00  INFO 9562 --- [           main] o.s.s.p.PostgresIntegrationTests         : Started PostgresIntegrationTests in 3.982 seconds (process running for 59.088)
2026-09-30T18:23:48.917+08:00  INFO 9562 --- [o-auto-5-exec-1] o.a.c.c.C.[Tomcat-4].[localhost].[/]     : Initializing Spring DispatcherServlet 'dispatcherServlet'
2026-09-30T18:23:48.917+08:00  INFO 9562 --- [o-auto-5-exec-1] o.s.web.servlet.DispatcherServlet        : Initializing Servlet 'dispatcherServlet'
2026-09-30T18:23:48.919+08:00  INFO 9562 --- [o-auto-5-exec-1] o.s.web.servlet.DispatcherServlet        : Completed initialization in 2 ms
[INFO] Tests run: 2, Failures: 0, Errors: 0, Skipped: 0, Time elapsed: 4.261 s -- in org.springframework.samples.petclinic.PostgresIntegrationTests
[INFO] Running org.springframework.samples.petclinic.owner.PetTypeFormatterTests
[INFO] Tests run: 3, Failures: 0, Errors: 0, Skipped: 0, Time elapsed: 0.217 s -- in org.springframework.samples.petclinic.owner.PetTypeFormatterTests
[INFO] Running org.springframework.samples.petclinic.owner.PetValidatorTests
[INFO] Running org.springframework.samples.petclinic.owner.PetValidatorTests$ValidateHasErrors
[INFO] Tests run: 6, Failures: 0, Errors: 0, Skipped: 0, Time elapsed: 0.007 s -- in org.springframework.samples.petclinic.owner.PetValidatorTests$ValidateHasErrors
[INFO] Tests run: 0, Failures: 0, Errors: 0, Skipped: 0, Time elapsed: 0.016 s -- in org.springframework.samples.petclinic.owner.PetValidatorTests
[INFO] Running org.springframework.samples.petclinic.owner.VisitControllerTests
2026-09-30T18:23:49.298+08:00  INFO 9562 --- [           main] t.c.s.AnnotationConfigContextLoaderUtils : Could not detect default configuration classes for test class [org.springframework.samples.petclinic.owner.VisitControllerTests]: VisitControllerTests does not declare any static, non-private, non-final, nested classes annotated with @Configuration.
2026-09-30T18:23:49.311+08:00  INFO 9562 --- [           main] .b.t.c.SpringBootTestContextBootstrapper : Found @SpringBootConfiguration org.springframework.samples.petclinic.PetClinicApplication for test class org.springframework.samples.petclinic.owner.VisitControllerTests
2026-09-30T18:23:49.312+08:00  INFO 9562 --- [           main] t.c.s.AnnotationConfigContextLoaderUtils : Could not detect default configuration classes for test class [org.springframework.samples.petclinic.owner.VisitControllerTests]: VisitControllerTests does not declare any static, non-private, non-final, nested classes annotated with @Configuration.
2026-09-30T18:23:49.316+08:00  INFO 9562 --- [           main] .b.t.c.SpringBootTestContextBootstrapper : Found @SpringBootConfiguration org.springframework.samples.petclinic.PetClinicApplication for test class org.springframework.samples.petclinic.owner.VisitControllerTests
2026-09-30T18:23:49.321+08:00  INFO 9562 --- [           main] o.s.b.d.r.RestartApplicationListener     : Restart disabled due to context in which it is running


              |\      _,,,--,,_
             /,`.-'`'   ._  \-;;,_
  _______ __|,4-  ) )_   .;.(__`'-'__     ___ __    _ ___ _______
 |       | '---''(_/._)-'(_\_)   |   |   |   |  |  | |   |       |
 |    _  |    ___|_     _|       |   |   |   |   |_| |   |       | __ _ _
 |   |_| |   |___  |   | |       |   |   |   |       |   |       | \ \ \ \
 |    ___|    ___| |   | |      _|   |___|   |  _    |   |      _|  \ \ \ \
 |   |   |   |___  |   | |     |_|       |   | | |   |   |     |_    ) ) ) )
 |___|   |_______| |___| |_______|_______|___|_|  |__|___|_______|  / / / /
 ==================================================================/_/_/_/

:: Built with Spring Boot :: 4.1.0


2026-09-30T18:23:49.364+08:00  INFO 9562 --- [           main] o.s.s.p.owner.VisitControllerTests       : Starting VisitControllerTests using Java 21.0.11 with PID 9562 (started by jenkins in /var/jenkins_home/workspace/petclinic-ci)
2026-09-30T18:23:49.364+08:00  INFO 9562 --- [           main] o.s.s.p.owner.VisitControllerTests       : No active profile set, falling back to 1 default profile: "default"
2026-09-30T18:23:49.602+08:00  INFO 9562 --- [           main] o.s.b.t.m.w.SpringBootMockServletContext : Initializing Spring TestDispatcherServlet ''
2026-09-30T18:23:49.602+08:00  INFO 9562 --- [           main] o.s.t.web.servlet.TestDispatcherServlet  : Initializing Servlet ''
2026-09-30T18:23:49.603+08:00  INFO 9562 --- [           main] o.s.t.web.servlet.TestDispatcherServlet  : Completed initialization in 1 ms
2026-09-30T18:23:49.607+08:00  INFO 9562 --- [           main] o.s.s.p.owner.VisitControllerTests       : Started VisitControllerTests in 0.286 seconds (process running for 59.917)
[INFO] Tests run: 6, Failures: 0, Errors: 0, Skipped: 0, Time elapsed: 0.482 s -- in org.springframework.samples.petclinic.owner.VisitControllerTests
[INFO] Running org.springframework.samples.petclinic.owner.OwnerControllerTests
2026-09-30T18:23:49.780+08:00  INFO 9562 --- [           main] t.c.s.AnnotationConfigContextLoaderUtils : Could not detect default configuration classes for test class [org.springframework.samples.petclinic.owner.OwnerControllerTests]: OwnerControllerTests does not declare any static, non-private, non-final, nested classes annotated with @Configuration.
2026-09-30T18:23:49.786+08:00  INFO 9562 --- [           main] .b.t.c.SpringBootTestContextBootstrapper : Found @SpringBootConfiguration org.springframework.samples.petclinic.PetClinicApplication for test class org.springframework.samples.petclinic.owner.OwnerControllerTests
2026-09-30T18:23:49.787+08:00  INFO 9562 --- [           main] t.c.s.AnnotationConfigContextLoaderUtils : Could not detect default configuration classes for test class [org.springframework.samples.petclinic.owner.OwnerControllerTests]: OwnerControllerTests does not declare any static, non-private, non-final, nested classes annotated with @Configuration.
2026-09-30T18:23:49.790+08:00  INFO 9562 --- [           main] .b.t.c.SpringBootTestContextBootstrapper : Found @SpringBootConfiguration org.springframework.samples.petclinic.PetClinicApplication for test class org.springframework.samples.petclinic.owner.OwnerControllerTests
2026-09-30T18:23:49.794+08:00  INFO 9562 --- [           main] o.s.b.d.r.RestartApplicationListener     : Restart disabled due to context in which it is running


              |\      _,,,--,,_
             /,`.-'`'   ._  \-;;,_
  _______ __|,4-  ) )_   .;.(__`'-'__     ___ __    _ ___ _______
 |       | '---''(_/._)-'(_\_)   |   |   |   |  |  | |   |       |
 |    _  |    ___|_     _|       |   |   |   |   |_| |   |       | __ _ _
 |   |_| |   |___  |   | |       |   |   |   |       |   |       | \ \ \ \
 |    ___|    ___| |   | |      _|   |___|   |  _    |   |      _|  \ \ \ \
 |   |   |   |___  |   | |     |_|       |   | | |   |   |     |_    ) ) ) )
 |___|   |_______| |___| |_______|_______|___|_|  |__|___|_______|  / / / /
 ==================================================================/_/_/_/

:: Built with Spring Boot :: 4.1.0


2026-09-30T18:23:49.807+08:00  INFO 9562 --- [           main] o.s.s.p.owner.OwnerControllerTests       : Starting OwnerControllerTests using Java 21.0.11 with PID 9562 (started by jenkins in /var/jenkins_home/workspace/petclinic-ci)
2026-09-30T18:23:49.807+08:00  INFO 9562 --- [           main] o.s.s.p.owner.OwnerControllerTests       : No active profile set, falling back to 1 default profile: "default"
2026-09-30T18:23:49.956+08:00  INFO 9562 --- [           main] o.s.b.t.m.w.SpringBootMockServletContext : Initializing Spring TestDispatcherServlet ''
2026-09-30T18:23:49.956+08:00  INFO 9562 --- [           main] o.s.t.web.servlet.TestDispatcherServlet  : Initializing Servlet ''
2026-09-30T18:23:49.957+08:00  INFO 9562 --- [           main] o.s.t.web.servlet.TestDispatcherServlet  : Completed initialization in 1 ms
2026-09-30T18:23:49.962+08:00  INFO 9562 --- [           main] o.s.s.p.owner.OwnerControllerTests       : Started OwnerControllerTests in 0.169 seconds (process running for 60.271)
[INFO] Tests run: 15, Failures: 0, Errors: 0, Skipped: 0, Time elapsed: 0.589 s -- in org.springframework.samples.petclinic.owner.OwnerControllerTests
[INFO] Running org.springframework.samples.petclinic.owner.PetControllerTests
2026-09-30T18:23:50.370+08:00  INFO 9562 --- [           main] t.c.s.AnnotationConfigContextLoaderUtils : Could not detect default configuration classes for test class [org.springframework.samples.petclinic.owner.PetControllerTests]: PetControllerTests does not declare any static, non-private, non-final, nested classes annotated with @Configuration.
2026-09-30T18:23:50.376+08:00  INFO 9562 --- [           main] .b.t.c.SpringBootTestContextBootstrapper : Found @SpringBootConfiguration org.springframework.samples.petclinic.PetClinicApplication for test class org.springframework.samples.petclinic.owner.PetControllerTests
2026-09-30T18:23:50.377+08:00  INFO 9562 --- [           main] t.c.s.AnnotationConfigContextLoaderUtils : Could not detect default configuration classes for test class [org.springframework.samples.petclinic.owner.PetControllerTests]: PetControllerTests does not declare any static, non-private, non-final, nested classes annotated with @Configuration.
2026-09-30T18:23:50.381+08:00  INFO 9562 --- [           main] .b.t.c.SpringBootTestContextBootstrapper : Found @SpringBootConfiguration org.springframework.samples.petclinic.PetClinicApplication for test class org.springframework.samples.petclinic.owner.PetControllerTests
2026-09-30T18:23:50.386+08:00  INFO 9562 --- [           main] o.s.b.d.r.RestartApplicationListener     : Restart disabled due to context in which it is running


              |\      _,,,--,,_
             /,`.-'`'   ._  \-;;,_
  _______ __|,4-  ) )_   .;.(__`'-'__     ___ __    _ ___ _______
 |       | '---''(_/._)-'(_\_)   |   |   |   |  |  | |   |       |
 |    _  |    ___|_     _|       |   |   |   |   |_| |   |       | __ _ _
 |   |_| |   |___  |   | |       |   |   |   |       |   |       | \ \ \ \
 |    ___|    ___| |   | |      _|   |___|   |  _    |   |      _|  \ \ \ \
 |   |   |   |___  |   | |     |_|       |   | | |   |   |     |_    ) ) ) )
 |___|   |_______| |___| |_______|_______|___|_|  |__|___|_______|  / / / /
 ==================================================================/_/_/_/

:: Built with Spring Boot :: 4.1.0


2026-09-30T18:23:50.400+08:00  INFO 9562 --- [           main] o.s.s.p.owner.PetControllerTests         : Starting PetControllerTests using Java 21.0.11 with PID 9562 (started by jenkins in /var/jenkins_home/workspace/petclinic-ci)
2026-09-30T18:23:50.401+08:00  INFO 9562 --- [           main] o.s.s.p.owner.PetControllerTests         : No active profile set, falling back to 1 default profile: "default"
2026-09-30T18:23:50.531+08:00  INFO 9562 --- [           main] o.s.b.t.m.w.SpringBootMockServletContext : Initializing Spring TestDispatcherServlet ''
2026-09-30T18:23:50.532+08:00  INFO 9562 --- [           main] o.s.t.web.servlet.TestDispatcherServlet  : Initializing Servlet ''
2026-09-30T18:23:50.533+08:00  INFO 9562 --- [           main] o.s.t.web.servlet.TestDispatcherServlet  : Completed initialization in 1 ms
2026-09-30T18:23:50.538+08:00  INFO 9562 --- [           main] o.s.s.p.owner.PetControllerTests         : Started PetControllerTests in 0.151 seconds (process running for 60.847)
[INFO] Running org.springframework.samples.petclinic.owner.PetControllerTests$ProcessUpdateFormHasErrors
2026-09-30T18:23:50.774+08:00  INFO 9562 --- [           main] t.c.s.AnnotationConfigContextLoaderUtils : Could not detect default configuration classes for test class [org.springframework.samples.petclinic.owner.PetControllerTests$ProcessUpdateFormHasErrors]: ProcessUpdateFormHasErrors does not declare any static, non-private, non-final, nested classes annotated with @Configuration.
2026-09-30T18:23:50.784+08:00  INFO 9562 --- [           main] .b.t.c.SpringBootTestContextBootstrapper : Found @SpringBootConfiguration org.springframework.samples.petclinic.PetClinicApplication for test class org.springframework.samples.petclinic.owner.PetControllerTests$ProcessUpdateFormHasErrors
2026-09-30T18:23:50.785+08:00  INFO 9562 --- [           main] t.c.s.AnnotationConfigContextLoaderUtils : Could not detect default configuration classes for test class [org.springframework.samples.petclinic.owner.PetControllerTests$ProcessUpdateFormHasErrors]: ProcessUpdateFormHasErrors does not declare any static, non-private, non-final, nested classes annotated with @Configuration.
2026-09-30T18:23:50.785+08:00  INFO 9562 --- [           main] t.c.s.AnnotationConfigContextLoaderUtils : Could not detect default configuration classes for test class [org.springframework.samples.petclinic.owner.PetControllerTests]: PetControllerTests does not declare any static, non-private, non-final, nested classes annotated with @Configuration.
2026-09-30T18:23:50.790+08:00  INFO 9562 --- [           main] .b.t.c.SpringBootTestContextBootstrapper : Found @SpringBootConfiguration org.springframework.samples.petclinic.PetClinicApplication for test class org.springframework.samples.petclinic.owner.PetControllerTests$ProcessUpdateFormHasErrors
[INFO] Tests run: 9, Failures: 0, Errors: 0, Skipped: 0, Time elapsed: 0.181 s -- in org.springframework.samples.petclinic.owner.PetControllerTests$ProcessUpdateFormHasErrors
[INFO] Running org.springframework.samples.petclinic.owner.PetControllerTests$ProcessCreationFormHasErrors
2026-09-30T18:23:50.955+08:00  INFO 9562 --- [           main] t.c.s.AnnotationConfigContextLoaderUtils : Could not detect default configuration classes for test class [org.springframework.samples.petclinic.owner.PetControllerTests$ProcessCreationFormHasErrors]: ProcessCreationFormHasErrors does not declare any static, non-private, non-final, nested classes annotated with @Configuration.
2026-09-30T18:23:50.961+08:00  INFO 9562 --- [           main] .b.t.c.SpringBootTestContextBootstrapper : Found @SpringBootConfiguration org.springframework.samples.petclinic.PetClinicApplication for test class org.springframework.samples.petclinic.owner.PetControllerTests$ProcessCreationFormHasErrors
2026-09-30T18:23:50.962+08:00  INFO 9562 --- [           main] t.c.s.AnnotationConfigContextLoaderUtils : Could not detect default configuration classes for test class [org.springframework.samples.petclinic.owner.PetControllerTests$ProcessCreationFormHasErrors]: ProcessCreationFormHasErrors does not declare any static, non-private, non-final, nested classes annotated with @Configuration.
2026-09-30T18:23:50.962+08:00  INFO 9562 --- [           main] t.c.s.AnnotationConfigContextLoaderUtils : Could not detect default configuration classes for test class [org.springframework.samples.petclinic.owner.PetControllerTests]: PetControllerTests does not declare any static, non-private, non-final, nested classes annotated with @Configuration.
2026-09-30T18:23:50.965+08:00  INFO 9562 --- [           main] .b.t.c.SpringBootTestContextBootstrapper : Found @SpringBootConfiguration org.springframework.samples.petclinic.PetClinicApplication for test class org.springframework.samples.petclinic.owner.PetControllerTests$ProcessCreationFormHasErrors
[INFO] Tests run: 6, Failures: 0, Errors: 0, Skipped: 0, Time elapsed: 0.214 s -- in org.springframework.samples.petclinic.owner.PetControllerTests$ProcessCreationFormHasErrors
[INFO] Tests run: 0, Failures: 0, Errors: 0, Skipped: 0, Time elapsed: 0.800 s -- in org.springframework.samples.petclinic.owner.PetControllerTests
[INFO] Running org.springframework.samples.petclinic.owner.ClinicWorkflowIntegrationTests
2026-09-30T18:23:51.173+08:00  INFO 9562 --- [           main] t.c.s.AnnotationConfigContextLoaderUtils : Could not detect default configuration classes for test class [org.springframework.samples.petclinic.owner.ClinicWorkflowIntegrationTests]: ClinicWorkflowIntegrationTests does not declare any static, non-private, non-final, nested classes annotated with @Configuration.
2026-09-30T18:23:51.175+08:00  INFO 9562 --- [           main] .b.t.c.SpringBootTestContextBootstrapper : Found @SpringBootConfiguration org.springframework.samples.petclinic.PetClinicApplication for test class org.springframework.samples.petclinic.owner.ClinicWorkflowIntegrationTests
2026-09-30T18:23:51.177+08:00  INFO 9562 --- [           main] t.c.s.AnnotationConfigContextLoaderUtils : Could not detect default configuration classes for test class [org.springframework.samples.petclinic.owner.ClinicWorkflowIntegrationTests]: ClinicWorkflowIntegrationTests does not declare any static, non-private, non-final, nested classes annotated with @Configuration.
2026-09-30T18:23:51.179+08:00  INFO 9562 --- [           main] .b.t.c.SpringBootTestContextBootstrapper : Found @SpringBootConfiguration org.springframework.samples.petclinic.PetClinicApplication for test class org.springframework.samples.petclinic.owner.ClinicWorkflowIntegrationTests
2026-09-30T18:23:51.184+08:00  INFO 9562 --- [           main] o.s.b.d.r.RestartApplicationListener     : Restart disabled due to context in which it is running


              |\      _,,,--,,_
             /,`.-'`'   ._  \-;;,_
  _______ __|,4-  ) )_   .;.(__`'-'__     ___ __    _ ___ _______
 |       | '---''(_/._)-'(_\_)   |   |   |   |  |  | |   |       |
 |    _  |    ___|_     _|       |   |   |   |   |_| |   |       | __ _ _
 |   |_| |   |___  |   | |       |   |   |   |       |   |       | \ \ \ \
 |    ___|    ___| |   | |      _|   |___|   |  _    |   |      _|  \ \ \ \
 |   |   |   |___  |   | |     |_|       |   | | |   |   |     |_    ) ) ) )
 |___|   |_______| |___| |_______|_______|___|_|  |__|___|_______|  / / / /
 ==================================================================/_/_/_/

:: Built with Spring Boot :: 4.1.0


2026-09-30T18:23:51.252+08:00  INFO 9562 --- [           main] o.s.s.p.o.ClinicWorkflowIntegrationTests : Starting ClinicWorkflowIntegrationTests using Java 21.0.11 with PID 9562 (started by jenkins in /var/jenkins_home/workspace/petclinic-ci)
2026-09-30T18:23:51.253+08:00  INFO 9562 --- [           main] o.s.s.p.o.ClinicWorkflowIntegrationTests : No active profile set, falling back to 1 default profile: "default"
2026-09-30T18:23:51.507+08:00  INFO 9562 --- [           main] .s.d.r.c.RepositoryConfigurationDelegate : Bootstrapping Spring Data JPA repositories in DEFAULT mode.
2026-09-30T18:23:51.515+08:00  INFO 9562 --- [           main] .s.d.r.c.RepositoryConfigurationDelegate : Finished Spring Data repository scanning in 6 ms. Found 4 JPA repository interfaces.
2026-09-30T18:23:51.687+08:00  INFO 9562 --- [           main] com.zaxxer.hikari.HikariDataSource       : HikariPool-6 - Starting...
2026-09-30T18:23:51.692+08:00  INFO 9562 --- [           main] com.zaxxer.hikari.pool.HikariPool        : HikariPool-6 - Added connection conn30: url=jdbc:h2:mem:b8c27a79-dd1a-40be-ae47-eee73114a295 user=SA
2026-09-30T18:23:51.692+08:00  INFO 9562 --- [           main] com.zaxxer.hikari.HikariDataSource       : HikariPool-6 - Start completed.
2026-09-30T18:23:51.757+08:00  INFO 9562 --- [           main] org.hibernate.orm.jpa                    : HHH008540: Processing PersistenceUnitInfo [name: default]
2026-09-30T18:23:51.775+08:00  INFO 9562 --- [           main] o.s.o.j.p.SpringPersistenceUnitInfo      : No LoadTimeWeaver setup: ignoring JPA class transformer
2026-09-30T18:23:51.777+08:00  INFO 9562 --- [           main] org.hibernate.orm.connections.pooling    : HHH10001005: Database info:
	Database JDBC URL [jdbc:h2:mem:b8c27a79-dd1a-40be-ae47-eee73114a295]
	Database driver: H2 JDBC Driver
	Database dialect: H2Dialect
	Database version: 2.4.240
	Default catalog/schema: B8C27A79-DD1A-40BE-AE47-EEE73114A295/PUBLIC
	Autocommit mode: undefined/unknown
	Isolation level: READ_COMMITTED [default READ_COMMITTED]
	JDBC fetch size: 100
	Pool: DataSourceConnectionProvider
	Minimum pool size: undefined/unknown
	Maximum pool size: undefined/unknown
2026-09-30T18:23:51.832+08:00  INFO 9562 --- [           main] org.hibernate.orm.core                   : HHH000489: No JTA platform available (set 'hibernate.transaction.jta.platform' to enable JTA platform integration)
2026-09-30T18:23:51.833+08:00  INFO 9562 --- [           main] j.LocalContainerEntityManagerFactoryBean : Initialized JPA EntityManagerFactory for persistence unit 'default'
2026-09-30T18:23:52.127+08:00  INFO 9562 --- [           main] o.s.b.t.m.w.SpringBootMockServletContext : Initializing Spring TestDispatcherServlet ''
2026-09-30T18:23:52.127+08:00  INFO 9562 --- [           main] o.s.t.web.servlet.TestDispatcherServlet  : Initializing Servlet ''
2026-09-30T18:23:52.129+08:00  INFO 9562 --- [           main] o.s.b.a.e.web.EndpointLinksResolver      : Exposing 13 endpoints beneath base path '/actuator'
2026-09-30T18:23:52.137+08:00  INFO 9562 --- [           main] o.s.t.web.servlet.TestDispatcherServlet  : Completed initialization in 10 ms
2026-09-30T18:23:52.152+08:00  INFO 9562 --- [           main] o.s.s.p.o.ClinicWorkflowIntegrationTests : Started ClinicWorkflowIntegrationTests in 0.968 seconds (process running for 62.461)
[INFO] Tests run: 4, Failures: 0, Errors: 0, Skipped: 0, Time elapsed: 1.482 s -- in org.springframework.samples.petclinic.owner.ClinicWorkflowIntegrationTests
[INFO] 
[INFO] Results:
[INFO] 
[ERROR] Failures: 
[ERROR]   I18nPropertiesSyncTest.checkNonInternationalizedStrings:82 Hardcoded (non-internationalized) strings found:
HTML: src/main/resources/templates/welcome.html Line 11: <p class="hero-note"><i class="fa fa-heart" aria-hidden="true"></i> Families, companions &amp; the people who care.</p>
HTML: src/main/resources/templates/welcome.html Line 35: <span class="portrait-label">SMALL PAWS · BIG PERSONALITIES</span>
HTML: src/main/resources/templates/welcome.html Line 37: <span class="care-stamp" aria-hidden="true"><i class="fa fa-paw"></i> MADE FOR CARE</span>

[INFO] 
[ERROR] Tests run: 81, Failures: 1, Errors: 0, Skipped: 0
[INFO] 
[INFO] ------------------------------------------------------------------------
[INFO] BUILD FAILURE
[INFO] ------------------------------------------------------------------------
[INFO] Total time:  01:15 min
[INFO] Finished at: 2026-09-30T18:23:53+08:00
[INFO] ------------------------------------------------------------------------
[ERROR] Failed to execute goal org.apache.maven.plugins:maven-surefire-plugin:3.5.6:test (default-test) on project spring-petclinic: There are test failures.
[ERROR] 
[ERROR] See /var/jenkins_home/workspace/petclinic-ci/target/surefire-reports for the individual test results.
[ERROR] See dump files (if any exist) [date].dump, [date]-jvmRun[N].dump and [date].dumpstream.
[ERROR] -> [Help 1]
[ERROR] 
[ERROR] To see the full stack trace of the errors, re-run Maven with the -e switch.
[ERROR] Re-run Maven using the -X switch to enable full debug logging.
[ERROR] 
[ERROR] For more information about the errors and possible solutions, please read the following articles:
[ERROR] [Help 1] http://cwiki.apache.org/confluence/display/MAVEN/MojoFailureException
[Pipeline] }
[Pipeline] // stage
[Pipeline] stage
[Pipeline] { (Package)
Stage "Package" skipped due to earlier failure(s)
[Pipeline] getContext
[Pipeline] }
[Pipeline] // stage
[Pipeline] stage
[Pipeline] { (Multi-Arch Build & Push)
Stage "Multi-Arch Build & Push" skipped due to earlier failure(s)
[Pipeline] getContext
[Pipeline] }
[Pipeline] // stage
[Pipeline] stage
[Pipeline] { (Registry Verify)
Stage "Registry Verify" skipped due to earlier failure(s)
[Pipeline] getContext
[Pipeline] }
[Pipeline] // stage
[Pipeline] stage
[Pipeline] { (Git Promotion)
Stage "Git Promotion" skipped due to earlier failure(s)
[Pipeline] getContext
[Pipeline] }
[Pipeline] // stage
[Pipeline] stage
[Pipeline] { (Wait for ArgoCD Sync)
Stage "Wait for ArgoCD Sync" skipped due to earlier failure(s)
[Pipeline] getContext
[Pipeline] }
[Pipeline] // stage
[Pipeline] stage
[Pipeline] { (Rollout Verify)
Stage "Rollout Verify" skipped due to earlier failure(s)
[Pipeline] getContext
[Pipeline] }
[Pipeline] // stage
[Pipeline] stage
[Pipeline] { (Health Verify)
Stage "Health Verify" skipped due to earlier failure(s)
[Pipeline] getContext
[Pipeline] }
[Pipeline] // stage
[Pipeline] stage
[Pipeline] { (Declarative: Post Actions)
[Pipeline] script
[Pipeline] {
[Pipeline] echo
CI/CD FAILED
[Pipeline] fileExists
[Pipeline] echo
Failure diagnostics skipped: deployment was not started.
[Pipeline] fileExists
[Pipeline] echo
Rollback skipped: GitOps deployment was not started.
[Pipeline] }
[Pipeline] // script
[Pipeline] }
[Pipeline] // stage
[Pipeline] }
[Pipeline] // withEnv
[Pipeline] }
[Pipeline] // withEnv
[Pipeline] }
[Pipeline] // node
[Pipeline] End of Pipeline
ERROR: script returned exit code 1
Finished: FAILURE
