Started by user admin
Obtained Jenkinsfile from git git@github.com:yipintangzsp/spring-petclinic.git
[Pipeline] Start of Pipeline
[Pipeline] node
Running on Jenkins in /var/jenkins_home/workspace/petclinic-ci
[Pipeline] {
[Pipeline] stage
[Pipeline] { (Declarative: Checkout SCM)
[Pipeline] checkout
The recommended git tool is: git
using credential github-petclinic-ssh
 > git rev-parse --resolve-git-dir /var/jenkins_home/workspace/petclinic-ci/.git # timeout=10
Fetching changes from the remote Git repository
 > git config remote.origin.url git@github.com:yipintangzsp/spring-petclinic.git # timeout=10
Fetching upstream changes from git@github.com:yipintangzsp/spring-petclinic.git
 > git --version # timeout=10
 > git --version # 'git version 2.47.3'
using GIT_SSH to set credentials GitHub SSH Deploy Key for Petclinic CI
Verifying host key using known hosts file
 > git fetch --tags --force --progress -- git@github.com:yipintangzsp/spring-petclinic.git +refs/heads/*:refs/remotes/origin/* # timeout=10
 > git rev-parse refs/remotes/origin/main^{commit} # timeout=10
Checking out Revision 9436e344a9b5ff2719fce99bd3cc5c5ca0e1b26d (refs/remotes/origin/main)
 > git config core.sparsecheckout # timeout=10
 > git checkout -f 9436e344a9b5ff2719fce99bd3cc5c5ca0e1b26d # timeout=10
Commit message: "Fix persisted visit confirmation across application replicas"
 > git rev-list --no-walk 3f311a8c16cfe0d9d9a260fc0700ce91c7671d2a # timeout=10
[Pipeline] }
[Pipeline] // stage
[Pipeline] withEnv
[Pipeline] {
[Pipeline] withEnv
[Pipeline] {
[Pipeline] stage
[Pipeline] { (Checkout Info)
[Pipeline] sh
+ echo ===== WORKSPACE =====
===== WORKSPACE =====
+ pwd
/var/jenkins_home/workspace/petclinic-ci
+ echo

+ echo ===== CLEAN PIPELINE STATE =====
===== CLEAN PIPELINE STATE =====
+ rm -f .deploy-started .target-git-revision .git-sha .git-sha-short .change-cause .new-revision .previous-image .previous-revision
+ echo Pipeline state cleaned.
Pipeline state cleaned.
+ echo

+ echo ===== GIT =====
===== GIT =====
+ git status
HEAD detached at 9436e34
nothing to commit, working tree clean
+ git rev-parse HEAD
+ GIT_SHA=9436e344a9b5ff2719fce99bd3cc5c5ca0e1b26d
+ git rev-parse --short HEAD
+ GIT_SHA_SHORT=9436e34
+ echo GIT_SHA=9436e344a9b5ff2719fce99bd3cc5c5ca0e1b26d
GIT_SHA=9436e344a9b5ff2719fce99bd3cc5c5ca0e1b26d
+ echo GIT_SHA_SHORT=9436e34
GIT_SHA_SHORT=9436e34
+ printf %s 9436e344a9b5ff2719fce99bd3cc5c5ca0e1b26d
+ printf %s 9436e34
[Pipeline] }
[Pipeline] // stage
[Pipeline] stage
[Pipeline] { (Test)
[Pipeline] sh
+ echo ===== MAVEN TEST =====
===== MAVEN TEST =====
+ ./mvnw clean test
[INFO] Scanning for projects...
[INFO] 
[INFO] ------------< org.springframework.samples:spring-petclinic >------------
[INFO] Building petclinic 4.0.0-SNAPSHOT
[INFO]   from pom.xml
[INFO] --------------------------------[ jar ]---------------------------------
[INFO] 
[INFO] --- clean:3.5.0:clean (default-clean) @ spring-petclinic ---
[INFO] Deleting /var/jenkins_home/workspace/petclinic-ci/target
[INFO] 
[INFO] --- enforcer:3.6.3:enforce (enforce-java) @ spring-petclinic ---
[INFO] Rule 0: org.apache.maven.enforcer.rules.version.RequireJavaVersion passed
[INFO] 
[INFO] --- spring-javaformat:0.0.47:validate (default) @ spring-petclinic ---
[INFO] 
[INFO] --- checkstyle:3.6.0:check (nohttp-checkstyle-validation) @ spring-petclinic ---
[INFO] You have 0 Checkstyle violations.
[INFO] 
[INFO] --- jacoco:0.8.15:prepare-agent (default) @ spring-petclinic ---
[INFO] argLine set to -javaagent:/var/jenkins_home/.m2/repository/org/jacoco/org.jacoco.agent/0.8.15/org.jacoco.agent-0.8.15-runtime.jar=destfile=/var/jenkins_home/workspace/petclinic-ci/target/jacoco.exec
[INFO] 
[INFO] --- git-commit-id:9.2.0:revision (default) @ spring-petclinic ---
[INFO] dotGitDirectory '/var/jenkins_home/workspace/petclinic-ci/.git'
[INFO] Collected git.build.user.name with value jenkins-petclinic-ci
[INFO] Collected git.build.user.email with value jenkins-petclinic-ci@users.noreply.github.com
[INFO] Using environment variable based branch name. GIT_BRANCH = origin/main
[INFO] Collected git.branch with value origin/main
[INFO] Collected git.commit.id.describe with value dcp-v1.28.0-monitoring-observability-26-g9436e34
[INFO] Collected git.commit.id.describe-short with value dcp-v1.28.0-monitoring-observability-26
[INFO] Collected git.commit.id with value 9436e344a9b5ff2719fce99bd3cc5c5ca0e1b26d
[INFO] Collected git.commit.id.abbrev with value 9436e34
[INFO] Collected git.dirty with value false
[INFO] Collected git.commit.user.name with value heil16070-hue
[INFO] Collected git.commit.user.email with value heil16070@gmail.com
[INFO] Collected git.commit.message.full with value Fix persisted visit confirmation across application replicas
[INFO] Collected git.commit.message.short with value Fix persisted visit confirmation across application replicas
[INFO] Collected git.commit.time with value 2026-09-30T14:50:58+08:00
[INFO] Collected git.commit.author.time with value 2026-09-30T14:50:58+08:00
[INFO] Collected git.commit.committer.time with value 2026-09-30T14:50:58+08:00
[INFO] Collected git.remote.origin.url with value git@github.com:yipintangzsp/spring-petclinic.git
[INFO] Collected git.tags with value 
[INFO] Collected git.tag with value 
[INFO] Collected git.closest.tag.name with value dcp-v1.28.0-monitoring-observability
[INFO] Collected git.closest.tag.commit.count with value 26
[INFO] Collected git.total.commit.count with value 1117
[INFO] Collected git.local.branch.ahead with value NO_REMOTE
[INFO] Collected git.local.branch.behind with value NO_REMOTE
[INFO] Collected git.build.time with value 2024-11-28T22:37:52+08:00
[INFO] Collected git.build.version with value 4.0.0-SNAPSHOT
[INFO] Collected git.build.host with value jenkins-87ccb46-m5bcm
[INFO] Collected git.build.number with value 78
[INFO] including property 'git.tags' in results
[INFO] including property 'git.build.version' in results
[INFO] including property 'git.branch' in results
[INFO] including property 'git.build.host' in results
[INFO] including property 'git.build.number' in results
[INFO] including property 'git.commit.id' in results
[INFO] including property 'git.commit.user.email' in results
[INFO] including property 'git.local.branch.behind' in results
[INFO] including property 'git.commit.author.time' in results
[INFO] including property 'git.build.user.name' in results
[INFO] including property 'git.dirty' in results
[INFO] including property 'git.closest.tag.commit.count' in results
[INFO] including property 'git.commit.user.name' in results
[INFO] including property 'git.commit.id.abbrev' in results
[INFO] including property 'git.commit.id.describe-short' in results
[INFO] including property 'git.total.commit.count' in results
[INFO] including property 'git.commit.id.describe' in results
[INFO] including property 'git.build.user.email' in results
[INFO] including property 'git.commit.message.short' in results
[INFO] including property 'git.commit.committer.time' in results
[INFO] including property 'git.tag' in results
[INFO] including property 'git.closest.tag.name' in results
[INFO] including property 'git.local.branch.ahead' in results
[INFO] including property 'git.commit.time' in results
[INFO] including property 'git.build.time' in results
[INFO] including property 'git.commit.message.full' in results
[INFO] including property 'git.remote.origin.url' in results
[INFO] Writing properties file [/var/jenkins_home/workspace/petclinic-ci/target/classes/git.properties] (for project petclinic)...
[INFO] 
[INFO] --- spring-boot:4.1.0:build-info (default) @ spring-petclinic ---
[INFO] 
[INFO] --- cyclonedx:2.9.1:makeAggregateBom (default) @ spring-petclinic ---
[INFO] CycloneDX: Resolving Dependencies
[INFO] CycloneDX: Creating BOM version 1.6 with 113 component(s)
[INFO] CycloneDX: Writing and validating BOM (JSON): /var/jenkins_home/workspace/petclinic-ci/target/classes/META-INF/sbom/application.cdx.json
[WARNING] Unknown keyword meta:enum - you should define your own Meta Schema. If the keyword is irrelevant for validation, just use a NonValidationKeyword or if it should generate annotations AnnotationKeyword
[WARNING] Unknown keyword deprecated - you should define your own Meta Schema. If the keyword is irrelevant for validation, just use a NonValidationKeyword or if it should generate annotations AnnotationKeyword
[INFO]            attaching as spring-petclinic-4.0.0-SNAPSHOT-cyclonedx.json
[INFO] 
[INFO] --- resources:3.5.0:resources (default-resources) @ spring-petclinic ---
[INFO] Copying 3 resources from src/main/resources to target/classes
[INFO] Copying 51 resources from src/main/resources to target/classes
[INFO] 
[INFO] --- compiler:3.15.0:compile (default-compile) @ spring-petclinic ---
[INFO] Recompiling the module because of changed source code.
[INFO] Compiling 34 source files with javac [debug parameters release 17] to target/classes
[INFO] 
[INFO] --- resources:3.5.0:testResources (default-testResources) @ spring-petclinic ---
[INFO] skip non existing resourceDirectory /var/jenkins_home/workspace/petclinic-ci/src/test/resources
[INFO] 
[INFO] --- compiler:3.15.0:testCompile (default-testCompile) @ spring-petclinic ---
[INFO] Recompiling the module because of changed dependency.
[INFO] Compiling 20 source files with javac [debug parameters release 17] to target/test-classes
[INFO] 
[INFO] --- surefire:3.5.6:test (default-test) @ spring-petclinic ---
[WARNING]  Parameter 'systemProperties' is deprecated: use systemPropertyVariables instead
[INFO] Using auto detected provider org.apache.maven.surefire.junitplatform.JUnitPlatformProvider
[INFO] 
[INFO] -------------------------------------------------------
[INFO]  T E S T S
[INFO] -------------------------------------------------------
[INFO] Running org.springframework.samples.petclinic.system.CrashControllerTests
[INFO] Tests run: 1, Failures: 0, Errors: 0, Skipped: 0, Time elapsed: 0.188 s -- in org.springframework.samples.petclinic.system.CrashControllerTests
[INFO] Running org.springframework.samples.petclinic.system.I18nPropertiesSyncTest
[INFO] Tests run: 2, Failures: 0, Errors: 0, Skipped: 0, Time elapsed: 0.102 s -- in org.springframework.samples.petclinic.system.I18nPropertiesSyncTest
[INFO] Running org.springframework.samples.petclinic.system.WelcomeControllerTests
14:52:01.244 [main] INFO org.springframework.test.context.support.AnnotationConfigContextLoaderUtils -- Could not detect default configuration classes for test class [org.springframework.samples.petclinic.system.WelcomeControllerTests]: WelcomeControllerTests does not declare any static, non-private, non-final, nested classes annotated with @Configuration.
14:52:01.487 [main] INFO org.springframework.boot.test.context.SpringBootTestContextBootstrapper -- Found @SpringBootConfiguration org.springframework.samples.petclinic.system.CrashControllerIntegrationTests$TestConfiguration for test class org.springframework.samples.petclinic.system.WelcomeControllerTests
14:52:01.491 [main] INFO org.springframework.test.context.support.AnnotationConfigContextLoaderUtils -- Could not detect default configuration classes for test class [org.springframework.samples.petclinic.system.WelcomeControllerTests]: WelcomeControllerTests does not declare any static, non-private, non-final, nested classes annotated with @Configuration.
14:52:01.502 [main] INFO org.springframework.boot.test.context.SpringBootTestContextBootstrapper -- Found @SpringBootConfiguration org.springframework.samples.petclinic.system.CrashControllerIntegrationTests$TestConfiguration for test class org.springframework.samples.petclinic.system.WelcomeControllerTests
14:52:01.637 [main] INFO org.springframework.boot.devtools.restart.RestartApplicationListener -- Restart disabled due to context in which it is running


              |\      _,,,--,,_
             /,`.-'`'   ._  \-;;,_
  _______ __|,4-  ) )_   .;.(__`'-'__     ___ __    _ ___ _______
 |       | '---''(_/._)-'(_\_)   |   |   |   |  |  | |   |       |
 |    _  |    ___|_     _|       |   |   |   |   |_| |   |       | __ _ _
 |   |_| |   |___  |   | |       |   |   |   |       |   |       | \ \ \ \
 |    ___|    ___| |   | |      _|   |___|   |  _    |   |      _|  \ \ \ \
 |   |   |   |___  |   | |     |_|       |   | | |   |   |     |_    ) ) ) )
 |___|   |_______| |___| |_______|_______|___|_|  |__|___|_______|  / / / /
 ==================================================================/_/_/_/

:: Built with Spring Boot :: 4.1.0


2026-09-30T14:52:02.186+08:00  INFO 3419 --- [           main] o.s.s.p.system.WelcomeControllerTests    : Starting WelcomeControllerTests using Java 21.0.11 with PID 3419 (started by jenkins in /var/jenkins_home/workspace/petclinic-ci)
2026-09-30T14:52:02.187+08:00  INFO 3419 --- [           main] o.s.s.p.system.WelcomeControllerTests    : No active profile set, falling back to 1 default profile: "default"
Mockito is currently self-attaching to enable the inline-mock-maker. This will no longer work in future releases of the JDK. Please add Mockito as an agent to your build as described in Mockito's documentation: https://javadoc.io/doc/org.mockito/mockito-core/latest/org.mockito/org/mockito/Mockito.html#0.3
WARNING: A Java agent has been loaded dynamically (/var/jenkins_home/.m2/repository/net/bytebuddy/byte-buddy-agent/1.18.10/byte-buddy-agent-1.18.10.jar)
WARNING: If a serviceability tool is in use, please run with -XX:+EnableDynamicAgentLoading to hide this warning
WARNING: If a serviceability tool is not in use, please run with -Djdk.instrument.traceUsage for more information
WARNING: Dynamic loading of agents will be disallowed by default in a future release
2026-09-30T14:52:05.862+08:00  INFO 3419 --- [           main] o.s.b.t.m.w.SpringBootMockServletContext : Initializing Spring TestDispatcherServlet ''
2026-09-30T14:52:05.863+08:00  INFO 3419 --- [           main] o.s.t.web.servlet.TestDispatcherServlet  : Initializing Servlet ''
2026-09-30T14:52:05.867+08:00  INFO 3419 --- [           main] o.s.t.web.servlet.TestDispatcherServlet  : Completed initialization in 3 ms
2026-09-30T14:52:05.933+08:00  INFO 3419 --- [           main] o.s.s.p.system.WelcomeControllerTests    : Started WelcomeControllerTests in 4.313 seconds (process running for 6.698)
[INFO] Tests run: 2, Failures: 0, Errors: 0, Skipped: 0, Time elapsed: 6.478 s -- in org.springframework.samples.petclinic.system.WelcomeControllerTests
[INFO] Running org.springframework.samples.petclinic.system.CrashControllerIntegrationTests
2026-09-30T14:52:07.491+08:00  INFO 3419 --- [           main] o.s.b.d.r.RestartApplicationListener     : Restart disabled due to context in which it is running


              |\      _,,,--,,_
             /,`.-'`'   ._  \-;;,_
  _______ __|,4-  ) )_   .;.(__`'-'__     ___ __    _ ___ _______
 |       | '---''(_/._)-'(_\_)   |   |   |   |  |  | |   |       |
 |    _  |    ___|_     _|       |   |   |   |   |_| |   |       | __ _ _
 |   |_| |   |___  |   | |       |   |   |   |       |   |       | \ \ \ \
 |    ___|    ___| |   | |      _|   |___|   |  _    |   |      _|  \ \ \ \
 |   |   |   |___  |   | |     |_|       |   | | |   |   |     |_    ) ) ) )
 |___|   |_______| |___| |_______|_______|___|_|  |__|___|_______|  / / / /
 ==================================================================/_/_/_/

:: Built with Spring Boot :: 4.1.0


2026-09-30T14:52:07.567+08:00  INFO 3419 --- [           main] .s.s.p.s.CrashControllerIntegrationTests : Starting CrashControllerIntegrationTests using Java 21.0.11 with PID 3419 (started by jenkins in /var/jenkins_home/workspace/petclinic-ci)
2026-09-30T14:52:07.568+08:00  INFO 3419 --- [           main] .s.s.p.s.CrashControllerIntegrationTests : No active profile set, falling back to 1 default profile: "default"
2026-09-30T14:52:09.169+08:00  INFO 3419 --- [           main] o.s.boot.tomcat.TomcatWebServer          : Tomcat initialized with port 0 (http)
2026-09-30T14:52:09.188+08:00  INFO 3419 --- [           main] o.apache.catalina.core.StandardService   : Starting service [Tomcat]
2026-09-30T14:52:09.189+08:00  INFO 3419 --- [           main] o.apache.catalina.core.StandardEngine    : Starting Servlet engine: [Apache Tomcat/11.0.22]
2026-09-30T14:52:09.277+08:00  INFO 3419 --- [           main] b.w.c.s.WebApplicationContextInitializer : Root WebApplicationContext: initialization completed in 1706 ms
2026-09-30T14:52:10.174+08:00  INFO 3419 --- [           main] o.s.b.a.e.web.EndpointLinksResolver      : Exposing 0 endpoints beneath base path '/actuator'
2026-09-30T14:52:10.259+08:00  INFO 3419 --- [           main] o.s.boot.tomcat.TomcatWebServer          : Tomcat started on port 39349 (http) with context path '/'
2026-09-30T14:52:10.265+08:00  INFO 3419 --- [           main] .s.s.p.s.CrashControllerIntegrationTests : Started CrashControllerIntegrationTests in 2.774 seconds (process running for 11.031)
2026-09-30T14:52:10.530+08:00  INFO 3419 --- [o-auto-1-exec-1] o.a.c.c.C.[Tomcat].[localhost].[/]       : Initializing Spring DispatcherServlet 'dispatcherServlet'
2026-09-30T14:52:10.531+08:00  INFO 3419 --- [o-auto-1-exec-1] o.s.web.servlet.DispatcherServlet        : Initializing Servlet 'dispatcherServlet'
2026-09-30T14:52:10.532+08:00  INFO 3419 --- [o-auto-1-exec-1] o.s.web.servlet.DispatcherServlet        : Completed initialization in 1 ms
2026-09-30T14:52:10.566+08:00 ERROR 3419 --- [o-auto-1-exec-1] o.a.c.c.C.[.[.[/].[dispatcherServlet]    : Servlet.service() for servlet [dispatcherServlet] in context with path [] threw exception [Request processing failed: java.lang.RuntimeException: Expected: controller used to showcase what happens when an exception is thrown] with root cause

java.lang.RuntimeException: Expected: controller used to showcase what happens when an exception is thrown
	at org.springframework.samples.petclinic.system.CrashController.triggerException(CrashController.java:33) ~[classes/:na]
	at java.base/jdk.internal.reflect.DirectMethodHandleAccessor.invoke(Unknown Source) ~[na:na]
	at java.base/java.lang.reflect.Method.invoke(Unknown Source) ~[na:na]
	at org.springframework.web.method.support.InvocableHandlerMethod.doInvoke(InvocableHandlerMethod.java:252) ~[spring-web-7.0.8.jar:7.0.8]
	at org.springframework.web.method.support.InvocableHandlerMethod.invokeForRequest(InvocableHandlerMethod.java:184) ~[spring-web-7.0.8.jar:7.0.8]
	at org.springframework.web.servlet.mvc.method.annotation.ServletInvocableHandlerMethod.invokeAndHandle(ServletInvocableHandlerMethod.java:117) ~[spring-webmvc-7.0.8.jar:7.0.8]
	at org.springframework.web.servlet.mvc.method.annotation.RequestMappingHandlerAdapter.invokeHandlerMethod(RequestMappingHandlerAdapter.java:934) ~[spring-webmvc-7.0.8.jar:7.0.8]
	at org.springframework.web.servlet.mvc.method.annotation.RequestMappingHandlerAdapter.handleInternal(RequestMappingHandlerAdapter.java:853) ~[spring-webmvc-7.0.8.jar:7.0.8]
	at org.springframework.web.servlet.mvc.method.AbstractHandlerMethodAdapter.handle(AbstractHandlerMethodAdapter.java:86) ~[spring-webmvc-7.0.8.jar:7.0.8]
	at org.springframework.web.servlet.DispatcherServlet.doDispatch(DispatcherServlet.java:963) ~[spring-webmvc-7.0.8.jar:7.0.8]
	at org.springframework.web.servlet.DispatcherServlet.doService(DispatcherServlet.java:866) ~[spring-webmvc-7.0.8.jar:7.0.8]
	at org.springframework.web.servlet.FrameworkServlet.processRequest(FrameworkServlet.java:1000) ~[spring-webmvc-7.0.8.jar:7.0.8]
	at org.springframework.web.servlet.FrameworkServlet.doGet(FrameworkServlet.java:892) ~[spring-webmvc-7.0.8.jar:7.0.8]
	at jakarta.servlet.http.HttpServlet.service(HttpServlet.java:622) ~[tomcat-embed-core-11.0.22.jar:6.1]
	at org.springframework.web.servlet.FrameworkServlet.service(FrameworkServlet.java:874) ~[spring-webmvc-7.0.8.jar:7.0.8]
	at jakarta.servlet.http.HttpServlet.service(HttpServlet.java:710) ~[tomcat-embed-core-11.0.22.jar:6.1]
	at org.apache.catalina.core.ApplicationFilterChain.doFilter(ApplicationFilterChain.java:128) ~[tomcat-embed-core-11.0.22.jar:11.0.22]
	at org.apache.tomcat.websocket.server.WsFilter.doFilter(WsFilter.java:53) ~[tomcat-embed-websocket-11.0.22.jar:11.0.22]
	at org.apache.catalina.core.ApplicationFilterChain.doFilter(ApplicationFilterChain.java:107) ~[tomcat-embed-core-11.0.22.jar:11.0.22]
	at org.springframework.web.servlet.resource.ResourceUrlEncodingFilter.doFilter(ResourceUrlEncodingFilter.java:66) ~[spring-webmvc-7.0.8.jar:7.0.8]
	at org.apache.catalina.core.ApplicationFilterChain.doFilter(ApplicationFilterChain.java:107) ~[tomcat-embed-core-11.0.22.jar:11.0.22]
	at org.springframework.web.filter.RequestContextFilter.doFilterInternal(RequestContextFilter.java:100) ~[spring-web-7.0.8.jar:7.0.8]
	at org.springframework.web.filter.OncePerRequestFilter.doFilter(OncePerRequestFilter.java:116) ~[spring-web-7.0.8.jar:7.0.8]
	at org.apache.catalina.core.ApplicationFilterChain.doFilter(ApplicationFilterChain.java:107) ~[tomcat-embed-core-11.0.22.jar:11.0.22]
	at org.springframework.web.filter.FormContentFilter.doFilterInternal(FormContentFilter.java:93) ~[spring-web-7.0.8.jar:7.0.8]
	at org.springframework.web.filter.OncePerRequestFilter.doFilter(OncePerRequestFilter.java:116) ~[spring-web-7.0.8.jar:7.0.8]
	at org.apache.catalina.core.ApplicationFilterChain.doFilter(ApplicationFilterChain.java:107) ~[tomcat-embed-core-11.0.22.jar:11.0.22]
	at org.springframework.web.filter.ServerHttpObservationFilter.doFilterInternal(ServerHttpObservationFilter.java:110) ~[spring-web-7.0.8.jar:7.0.8]
	at org.springframework.web.filter.OncePerRequestFilter.doFilter(OncePerRequestFilter.java:116) ~[spring-web-7.0.8.jar:7.0.8]
	at org.apache.catalina.core.ApplicationFilterChain.doFilter(ApplicationFilterChain.java:107) ~[tomcat-embed-core-11.0.22.jar:11.0.22]
	at org.springframework.web.filter.CharacterEncodingFilter.doFilterInternal(CharacterEncodingFilter.java:199) ~[spring-web-7.0.8.jar:7.0.8]
	at org.springframework.web.filter.OncePerRequestFilter.doFilter(OncePerRequestFilter.java:116) ~[spring-web-7.0.8.jar:7.0.8]
	at org.apache.catalina.core.ApplicationFilterChain.doFilter(ApplicationFilterChain.java:107) ~[tomcat-embed-core-11.0.22.jar:11.0.22]
	at org.apache.catalina.core.StandardWrapperValve.invoke(StandardWrapperValve.java:165) ~[tomcat-embed-core-11.0.22.jar:11.0.22]
	at org.apache.catalina.core.StandardContextValve.invoke(StandardContextValve.java:77) ~[tomcat-embed-core-11.0.22.jar:11.0.22]
	at org.apache.catalina.authenticator.AuthenticatorBase.invoke(AuthenticatorBase.java:492) ~[tomcat-embed-core-11.0.22.jar:11.0.22]
	at org.apache.catalina.core.StandardHostValve.invoke(StandardHostValve.java:113) ~[tomcat-embed-core-11.0.22.jar:11.0.22]
	at org.apache.catalina.valves.ErrorReportValve.invoke(ErrorReportValve.java:83) ~[tomcat-embed-core-11.0.22.jar:11.0.22]
	at org.apache.catalina.core.StandardEngineValve.invoke(StandardEngineValve.java:72) ~[tomcat-embed-core-11.0.22.jar:11.0.22]
	at org.apache.catalina.valves.RemoteIpValve.invoke(RemoteIpValve.java:685) ~[tomcat-embed-core-11.0.22.jar:11.0.22]
	at org.apache.catalina.connector.CoyoteAdapter.service(CoyoteAdapter.java:341) ~[tomcat-embed-core-11.0.22.jar:11.0.22]
	at org.apache.coyote.http11.Http11Processor.service(Http11Processor.java:397) ~[tomcat-embed-core-11.0.22.jar:11.0.22]
	at org.apache.coyote.AbstractProcessorLight.process(AbstractProcessorLight.java:63) ~[tomcat-embed-core-11.0.22.jar:11.0.22]
	at org.apache.coyote.AbstractProtocol$ConnectionHandler.process(AbstractProtocol.java:1272) ~[tomcat-embed-core-11.0.22.jar:11.0.22]
	at org.apache.tomcat.util.net.NioEndpoint$SocketProcessor.doRun(NioEndpoint.java:1801) ~[tomcat-embed-core-11.0.22.jar:11.0.22]
	at org.apache.tomcat.util.net.SocketProcessorBase.run(SocketProcessorBase.java:52) ~[tomcat-embed-core-11.0.22.jar:11.0.22]
	at org.apache.tomcat.util.threads.ThreadPoolExecutor.runWorker(ThreadPoolExecutor.java:946) ~[tomcat-embed-core-11.0.22.jar:11.0.22]
	at org.apache.tomcat.util.threads.ThreadPoolExecutor$Worker.run(ThreadPoolExecutor.java:480) ~[tomcat-embed-core-11.0.22.jar:11.0.22]
	at org.apache.tomcat.util.threads.TaskThread$WrappingRunnable.run(TaskThread.java:57) ~[tomcat-embed-core-11.0.22.jar:11.0.22]
	at java.base/java.lang.Thread.run(Unknown Source) ~[na:na]

2026-09-30T14:52:10.707+08:00 ERROR 3419 --- [o-auto-1-exec-2] o.a.c.c.C.[.[.[/].[dispatcherServlet]    : Servlet.service() for servlet [dispatcherServlet] in context with path [] threw exception [Request processing failed: java.lang.RuntimeException: Expected: controller used to showcase what happens when an exception is thrown] with root cause

java.lang.RuntimeException: Expected: controller used to showcase what happens when an exception is thrown
	at org.springframework.samples.petclinic.system.CrashController.triggerException(CrashController.java:33) ~[classes/:na]
	at java.base/jdk.internal.reflect.DirectMethodHandleAccessor.invoke(Unknown Source) ~[na:na]
	at java.base/java.lang.reflect.Method.invoke(Unknown Source) ~[na:na]
	at org.springframework.web.method.support.InvocableHandlerMethod.doInvoke(InvocableHandlerMethod.java:252) ~[spring-web-7.0.8.jar:7.0.8]
	at org.springframework.web.method.support.InvocableHandlerMethod.invokeForRequest(InvocableHandlerMethod.java:184) ~[spring-web-7.0.8.jar:7.0.8]
	at org.springframework.web.servlet.mvc.method.annotation.ServletInvocableHandlerMethod.invokeAndHandle(ServletInvocableHandlerMethod.java:117) ~[spring-webmvc-7.0.8.jar:7.0.8]
	at org.springframework.web.servlet.mvc.method.annotation.RequestMappingHandlerAdapter.invokeHandlerMethod(RequestMappingHandlerAdapter.java:934) ~[spring-webmvc-7.0.8.jar:7.0.8]
	at org.springframework.web.servlet.mvc.method.annotation.RequestMappingHandlerAdapter.handleInternal(RequestMappingHandlerAdapter.java:853) ~[spring-webmvc-7.0.8.jar:7.0.8]
	at org.springframework.web.servlet.mvc.method.AbstractHandlerMethodAdapter.handle(AbstractHandlerMethodAdapter.java:86) ~[spring-webmvc-7.0.8.jar:7.0.8]
	at org.springframework.web.servlet.DispatcherServlet.doDispatch(DispatcherServlet.java:963) ~[spring-webmvc-7.0.8.jar:7.0.8]
	at org.springframework.web.servlet.DispatcherServlet.doService(DispatcherServlet.java:866) ~[spring-webmvc-7.0.8.jar:7.0.8]
	at org.springframework.web.servlet.FrameworkServlet.processRequest(FrameworkServlet.java:1000) ~[spring-webmvc-7.0.8.jar:7.0.8]
	at org.springframework.web.servlet.FrameworkServlet.doGet(FrameworkServlet.java:892) ~[spring-webmvc-7.0.8.jar:7.0.8]
	at jakarta.servlet.http.HttpServlet.service(HttpServlet.java:622) ~[tomcat-embed-core-11.0.22.jar:6.1]
	at org.springframework.web.servlet.FrameworkServlet.service(FrameworkServlet.java:874) ~[spring-webmvc-7.0.8.jar:7.0.8]
	at jakarta.servlet.http.HttpServlet.service(HttpServlet.java:710) ~[tomcat-embed-core-11.0.22.jar:6.1]
	at org.apache.catalina.core.ApplicationFilterChain.doFilter(ApplicationFilterChain.java:128) ~[tomcat-embed-core-11.0.22.jar:11.0.22]
	at org.apache.tomcat.websocket.server.WsFilter.doFilter(WsFilter.java:53) ~[tomcat-embed-websocket-11.0.22.jar:11.0.22]
	at org.apache.catalina.core.ApplicationFilterChain.doFilter(ApplicationFilterChain.java:107) ~[tomcat-embed-core-11.0.22.jar:11.0.22]
	at org.springframework.web.servlet.resource.ResourceUrlEncodingFilter.doFilter(ResourceUrlEncodingFilter.java:66) ~[spring-webmvc-7.0.8.jar:7.0.8]
	at org.apache.catalina.core.ApplicationFilterChain.doFilter(ApplicationFilterChain.java:107) ~[tomcat-embed-core-11.0.22.jar:11.0.22]
	at org.springframework.web.filter.RequestContextFilter.doFilterInternal(RequestContextFilter.java:100) ~[spring-web-7.0.8.jar:7.0.8]
	at org.springframework.web.filter.OncePerRequestFilter.doFilter(OncePerRequestFilter.java:116) ~[spring-web-7.0.8.jar:7.0.8]
	at org.apache.catalina.core.ApplicationFilterChain.doFilter(ApplicationFilterChain.java:107) ~[tomcat-embed-core-11.0.22.jar:11.0.22]
	at org.springframework.web.filter.FormContentFilter.doFilterInternal(FormContentFilter.java:93) ~[spring-web-7.0.8.jar:7.0.8]
	at org.springframework.web.filter.OncePerRequestFilter.doFilter(OncePerRequestFilter.java:116) ~[spring-web-7.0.8.jar:7.0.8]
	at org.apache.catalina.core.ApplicationFilterChain.doFilter(ApplicationFilterChain.java:107) ~[tomcat-embed-core-11.0.22.jar:11.0.22]
	at org.springframework.web.filter.ServerHttpObservationFilter.doFilterInternal(ServerHttpObservationFilter.java:110) ~[spring-web-7.0.8.jar:7.0.8]
	at org.springframework.web.filter.OncePerRequestFilter.doFilter(OncePerRequestFilter.java:116) ~[spring-web-7.0.8.jar:7.0.8]
	at org.apache.catalina.core.ApplicationFilterChain.doFilter(ApplicationFilterChain.java:107) ~[tomcat-embed-core-11.0.22.jar:11.0.22]
	at org.springframework.web.filter.CharacterEncodingFilter.doFilterInternal(CharacterEncodingFilter.java:199) ~[spring-web-7.0.8.jar:7.0.8]
	at org.springframework.web.filter.OncePerRequestFilter.doFilter(OncePerRequestFilter.java:116) ~[spring-web-7.0.8.jar:7.0.8]
	at org.apache.catalina.core.ApplicationFilterChain.doFilter(ApplicationFilterChain.java:107) ~[tomcat-embed-core-11.0.22.jar:11.0.22]
	at org.apache.catalina.core.StandardWrapperValve.invoke(StandardWrapperValve.java:165) ~[tomcat-embed-core-11.0.22.jar:11.0.22]
	at org.apache.catalina.core.StandardContextValve.invoke(StandardContextValve.java:77) ~[tomcat-embed-core-11.0.22.jar:11.0.22]
	at org.apache.catalina.authenticator.AuthenticatorBase.invoke(AuthenticatorBase.java:492) ~[tomcat-embed-core-11.0.22.jar:11.0.22]
	at org.apache.catalina.core.StandardHostValve.invoke(StandardHostValve.java:113) ~[tomcat-embed-core-11.0.22.jar:11.0.22]
	at org.apache.catalina.valves.ErrorReportValve.invoke(ErrorReportValve.java:83) ~[tomcat-embed-core-11.0.22.jar:11.0.22]
	at org.apache.catalina.core.StandardEngineValve.invoke(StandardEngineValve.java:72) ~[tomcat-embed-core-11.0.22.jar:11.0.22]
	at org.apache.catalina.valves.RemoteIpValve.invoke(RemoteIpValve.java:685) ~[tomcat-embed-core-11.0.22.jar:11.0.22]
	at org.apache.catalina.connector.CoyoteAdapter.service(CoyoteAdapter.java:341) ~[tomcat-embed-core-11.0.22.jar:11.0.22]
	at org.apache.coyote.http11.Http11Processor.service(Http11Processor.java:397) ~[tomcat-embed-core-11.0.22.jar:11.0.22]
	at org.apache.coyote.AbstractProcessorLight.process(AbstractProcessorLight.java:63) ~[tomcat-embed-core-11.0.22.jar:11.0.22]
	at org.apache.coyote.AbstractProtocol$ConnectionHandler.process(AbstractProtocol.java:1272) ~[tomcat-embed-core-11.0.22.jar:11.0.22]
	at org.apache.tomcat.util.net.NioEndpoint$SocketProcessor.doRun(NioEndpoint.java:1801) ~[tomcat-embed-core-11.0.22.jar:11.0.22]
	at org.apache.tomcat.util.net.SocketProcessorBase.run(SocketProcessorBase.java:52) ~[tomcat-embed-core-11.0.22.jar:11.0.22]
	at org.apache.tomcat.util.threads.ThreadPoolExecutor.runWorker(ThreadPoolExecutor.java:946) ~[tomcat-embed-core-11.0.22.jar:11.0.22]
	at org.apache.tomcat.util.threads.ThreadPoolExecutor$Worker.run(ThreadPoolExecutor.java:480) ~[tomcat-embed-core-11.0.22.jar:11.0.22]
	at org.apache.tomcat.util.threads.TaskThread$WrappingRunnable.run(TaskThread.java:57) ~[tomcat-embed-core-11.0.22.jar:11.0.22]
	at java.base/java.lang.Thread.run(Unknown Source) ~[na:na]

[INFO] Tests run: 2, Failures: 0, Errors: 0, Skipped: 0, Time elapsed: 3.320 s -- in org.springframework.samples.petclinic.system.CrashControllerIntegrationTests
[INFO] Running org.springframework.samples.petclinic.PetClinicIntegrationTests
2026-09-30T14:52:10.787+08:00  INFO 3419 --- [           main] t.c.s.AnnotationConfigContextLoaderUtils : Could not detect default configuration classes for test class [org.springframework.samples.petclinic.PetClinicIntegrationTests]: PetClinicIntegrationTests does not declare any static, non-private, non-final, nested classes annotated with @Configuration.
2026-09-30T14:52:10.796+08:00  INFO 3419 --- [           main] .b.t.c.SpringBootTestContextBootstrapper : Found @SpringBootConfiguration org.springframework.samples.petclinic.PetClinicApplication for test class org.springframework.samples.petclinic.PetClinicIntegrationTests
2026-09-30T14:52:10.798+08:00  INFO 3419 --- [           main] t.c.s.AnnotationConfigContextLoaderUtils : Could not detect default configuration classes for test class [org.springframework.samples.petclinic.PetClinicIntegrationTests]: PetClinicIntegrationTests does not declare any static, non-private, non-final, nested classes annotated with @Configuration.
2026-09-30T14:52:10.799+08:00  INFO 3419 --- [           main] .b.t.c.SpringBootTestContextBootstrapper : Found @SpringBootConfiguration org.springframework.samples.petclinic.PetClinicApplication for test class org.springframework.samples.petclinic.PetClinicIntegrationTests
2026-09-30T14:52:10.803+08:00  INFO 3419 --- [           main] o.s.b.d.r.RestartApplicationListener     : Restart disabled due to context in which it is running


              |\      _,,,--,,_
             /,`.-'`'   ._  \-;;,_
  _______ __|,4-  ) )_   .;.(__`'-'__     ___ __    _ ___ _______
 |       | '---''(_/._)-'(_\_)   |   |   |   |  |  | |   |       |
 |    _  |    ___|_     _|       |   |   |   |   |_| |   |       | __ _ _
 |   |_| |   |___  |   | |       |   |   |   |       |   |       | \ \ \ \
 |    ___|    ___| |   | |      _|   |___|   |  _    |   |      _|  \ \ \ \
 |   |   |   |___  |   | |     |_|       |   | | |   |   |     |_    ) ) ) )
 |___|   |_______| |___| |_______|_______|___|_|  |__|___|_______|  / / / /
 ==================================================================/_/_/_/

:: Built with Spring Boot :: 4.1.0


2026-09-30T14:52:10.858+08:00  INFO 3419 --- [           main] o.s.s.p.PetClinicIntegrationTests        : Starting PetClinicIntegrationTests using Java 21.0.11 with PID 3419 (started by jenkins in /var/jenkins_home/workspace/petclinic-ci)
2026-09-30T14:52:10.859+08:00  INFO 3419 --- [           main] o.s.s.p.PetClinicIntegrationTests        : No active profile set, falling back to 1 default profile: "default"
2026-09-30T14:52:11.212+08:00  INFO 3419 --- [           main] .s.d.r.c.RepositoryConfigurationDelegate : Bootstrapping Spring Data JPA repositories in DEFAULT mode.
2026-09-30T14:52:11.275+08:00  INFO 3419 --- [           main] .s.d.r.c.RepositoryConfigurationDelegate : Finished Spring Data repository scanning in 50 ms. Found 4 JPA repository interfaces.
2026-09-30T14:52:11.619+08:00  INFO 3419 --- [           main] o.s.boot.tomcat.TomcatWebServer          : Tomcat initialized with port 0 (http)
2026-09-30T14:52:11.620+08:00  INFO 3419 --- [           main] o.apache.catalina.core.StandardService   : Starting service [Tomcat]
2026-09-30T14:52:11.620+08:00  INFO 3419 --- [           main] o.apache.catalina.core.StandardEngine    : Starting Servlet engine: [Apache Tomcat/11.0.22]
2026-09-30T14:52:11.652+08:00  INFO 3419 --- [           main] b.w.c.s.WebApplicationContextInitializer : Root WebApplicationContext: initialization completed in 778 ms
2026-09-30T14:52:11.779+08:00  INFO 3419 --- [           main] com.zaxxer.hikari.HikariDataSource       : HikariPool-1 - Starting...
2026-09-30T14:52:12.169+08:00  INFO 3419 --- [           main] com.zaxxer.hikari.pool.HikariPool        : HikariPool-1 - Added connection conn0: url=jdbc:h2:mem:b6f6e82a-9e4a-4423-a0cf-4ec5210dbb0f user=SA
2026-09-30T14:52:12.172+08:00  INFO 3419 --- [           main] com.zaxxer.hikari.HikariDataSource       : HikariPool-1 - Start completed.
2026-09-30T14:52:12.461+08:00  INFO 3419 --- [           main] org.hibernate.orm.jpa                    : HHH008540: Processing PersistenceUnitInfo [name: default]
2026-09-30T14:52:12.579+08:00  INFO 3419 --- [           main] org.hibernate.orm.core                   : HHH000001: Hibernate ORM core version 7.4.1.Final
2026-09-30T14:52:12.957+08:00  INFO 3419 --- [           main] o.s.o.j.p.SpringPersistenceUnitInfo      : No LoadTimeWeaver setup: ignoring JPA class transformer
2026-09-30T14:52:13.131+08:00  INFO 3419 --- [           main] org.hibernate.orm.connections.pooling    : HHH10001005: Database info:
	Database JDBC URL [jdbc:h2:mem:b6f6e82a-9e4a-4423-a0cf-4ec5210dbb0f]
	Database driver: H2 JDBC Driver
	Database dialect: H2Dialect
	Database version: 2.4.240
	Default catalog/schema: B6F6E82A-9E4A-4423-A0CF-4EC5210DBB0F/PUBLIC
	Autocommit mode: undefined/unknown
	Isolation level: READ_COMMITTED [default READ_COMMITTED]
	JDBC fetch size: 100
	Pool: DataSourceConnectionProvider
	Minimum pool size: undefined/unknown
	Maximum pool size: undefined/unknown
2026-09-30T14:52:14.598+08:00  INFO 3419 --- [           main] org.hibernate.orm.core                   : HHH000489: No JTA platform available (set 'hibernate.transaction.jta.platform' to enable JTA platform integration)
2026-09-30T14:52:14.606+08:00  INFO 3419 --- [           main] j.LocalContainerEntityManagerFactoryBean : Initialized JPA EntityManagerFactory for persistence unit 'default'
2026-09-30T14:52:14.693+08:00  INFO 3419 --- [           main] o.s.d.j.r.query.QueryEnhancerFactories   : Hibernate is in classpath; If applicable, HQL parser will be used.
2026-09-30T14:52:17.473+08:00  INFO 3419 --- [           main] o.s.b.a.e.web.EndpointLinksResolver      : Exposing 13 endpoints beneath base path '/actuator'
2026-09-30T14:52:17.515+08:00  INFO 3419 --- [           main] o.s.boot.tomcat.TomcatWebServer          : Tomcat started on port 38995 (http) with context path '/'
2026-09-30T14:52:17.522+08:00  INFO 3419 --- [           main] o.s.s.p.PetClinicIntegrationTests        : Started PetClinicIntegrationTests in 6.718 seconds (process running for 18.287)
2026-09-30T14:52:17.648+08:00 DEBUG 3419 --- [           main] org.hibernate.SQL                        : select v1_0.id,v1_0.first_name,v1_0.last_name from vets v1_0
2026-09-30T14:52:17.731+08:00 DEBUG 3419 --- [           main] org.hibernate.SQL                        : select s1_0.vet_id,s1_1.id,s1_1.name from vet_specialties s1_0 join specialties s1_1 on s1_1.id=s1_0.specialty_id where s1_0.vet_id in (?,?,?,?,?,?,?,?,?,?,?,?,?,?,?,?)
2026-09-30T14:52:17.764+08:00  INFO 3419 --- [o-auto-2-exec-1] o.a.c.c.C.[Tomcat-1].[localhost].[/]     : Initializing Spring DispatcherServlet 'dispatcherServlet'
2026-09-30T14:52:17.764+08:00  INFO 3419 --- [o-auto-2-exec-1] o.s.web.servlet.DispatcherServlet        : Initializing Servlet 'dispatcherServlet'
2026-09-30T14:52:17.765+08:00  INFO 3419 --- [o-auto-2-exec-1] o.s.web.servlet.DispatcherServlet        : Completed initialization in 1 ms
2026-09-30T14:52:17.836+08:00 DEBUG 3419 --- [o-auto-2-exec-1] org.hibernate.SQL                        : select distinct o1_0.city from owners o1_0 order by o1_0.city
2026-09-30T14:52:17.902+08:00 DEBUG 3419 --- [o-auto-2-exec-1] org.hibernate.SQL                        : select o1_0.id,o1_0.address,o1_0.city,o1_0.first_name,o1_0.last_name,o1_0.telephone from owners o1_0 where o1_0.last_name like ? escape '\' fetch first ? rows only
2026-09-30T14:52:17.955+08:00 DEBUG 3419 --- [o-auto-2-exec-1] org.hibernate.SQL                        : select p1_0.owner_id,p1_0.id,p1_0.birth_date,p1_0.name,t1_0.id,t1_0.name from pets p1_0 left join types t1_0 on t1_0.id=p1_0.type_id where p1_0.owner_id in (?,?,?,?,?,?,?,?,?,?,?,?,?,?,?,?) order by p1_0.name
2026-09-30T14:52:17.964+08:00 DEBUG 3419 --- [o-auto-2-exec-1] org.hibernate.SQL                        : select v1_0.pet_id,v1_0.id,v1_0.visit_date,v1_0.description from visits v1_0 where v1_0.pet_id in (?,?,?,?,?,?,?,?,?,?,?,?,?,?,?,?) order by v1_0.visit_date
2026-09-30T14:52:17.975+08:00 DEBUG 3419 --- [o-auto-2-exec-1] org.hibernate.SQL                        : select count(o1_0.id) from owners o1_0 where o1_0.last_name like ? escape '\'
2026-09-30T14:52:18.111+08:00 DEBUG 3419 --- [o-auto-2-exec-2] org.hibernate.SQL                        : select o1_0.id,o1_0.address,o1_0.city,o1_0.first_name,o1_0.last_name,o1_0.telephone,p1_0.owner_id,p1_0.id,p1_0.birth_date,p1_0.name,t1_0.id,t1_0.name from owners o1_0 left join pets p1_0 on o1_0.id=p1_0.owner_id left join types t1_0 on t1_0.id=p1_0.type_id where o1_0.id=? order by p1_0.name
2026-09-30T14:52:18.115+08:00 DEBUG 3419 --- [o-auto-2-exec-2] org.hibernate.SQL                        : select v1_0.pet_id,v1_0.id,v1_0.visit_date,v1_0.description from visits v1_0 where v1_0.pet_id=? order by v1_0.visit_date
2026-09-30T14:52:18.118+08:00 DEBUG 3419 --- [o-auto-2-exec-2] org.hibernate.SQL                        : select o1_0.id,o1_0.address,o1_0.city,o1_0.first_name,o1_0.last_name,o1_0.telephone,p1_0.owner_id,p1_0.id,p1_0.birth_date,p1_0.name,t1_0.id,t1_0.name from owners o1_0 left join pets p1_0 on o1_0.id=p1_0.owner_id left join types t1_0 on t1_0.id=p1_0.type_id where o1_0.id=? order by p1_0.name
2026-09-30T14:52:18.119+08:00 DEBUG 3419 --- [o-auto-2-exec-2] org.hibernate.SQL                        : select v1_0.pet_id,v1_0.id,v1_0.visit_date,v1_0.description from visits v1_0 where v1_0.pet_id=? order by v1_0.visit_date
[INFO] Tests run: 3, Failures: 0, Errors: 0, Skipped: 0, Time elapsed: 7.387 s -- in org.springframework.samples.petclinic.PetClinicIntegrationTests
[INFO] Running org.springframework.samples.petclinic.vet.VetControllerTests
2026-09-30T14:52:18.178+08:00  INFO 3419 --- [           main] t.c.s.AnnotationConfigContextLoaderUtils : Could not detect default configuration classes for test class [org.springframework.samples.petclinic.vet.VetControllerTests]: VetControllerTests does not declare any static, non-private, non-final, nested classes annotated with @Configuration.
2026-09-30T14:52:18.192+08:00  INFO 3419 --- [           main] .b.t.c.SpringBootTestContextBootstrapper : Found @SpringBootConfiguration org.springframework.samples.petclinic.PetClinicApplication for test class org.springframework.samples.petclinic.vet.VetControllerTests
2026-09-30T14:52:18.193+08:00  INFO 3419 --- [           main] t.c.s.AnnotationConfigContextLoaderUtils : Could not detect default configuration classes for test class [org.springframework.samples.petclinic.vet.VetControllerTests]: VetControllerTests does not declare any static, non-private, non-final, nested classes annotated with @Configuration.
2026-09-30T14:52:18.198+08:00  INFO 3419 --- [           main] .b.t.c.SpringBootTestContextBootstrapper : Found @SpringBootConfiguration org.springframework.samples.petclinic.PetClinicApplication for test class org.springframework.samples.petclinic.vet.VetControllerTests
2026-09-30T14:52:18.203+08:00  INFO 3419 --- [           main] o.s.b.d.r.RestartApplicationListener     : Restart disabled due to context in which it is running


              |\      _,,,--,,_
             /,`.-'`'   ._  \-;;,_
  _______ __|,4-  ) )_   .;.(__`'-'__     ___ __    _ ___ _______
 |       | '---''(_/._)-'(_\_)   |   |   |   |  |  | |   |       |
 |    _  |    ___|_     _|       |   |   |   |   |_| |   |       | __ _ _
 |   |_| |   |___  |   | |       |   |   |   |       |   |       | \ \ \ \
 |    ___|    ___| |   | |      _|   |___|   |  _    |   |      _|  \ \ \ \
 |   |   |   |___  |   | |     |_|       |   | | |   |   |     |_    ) ) ) )
 |___|   |_______| |___| |_______|_______|___|_|  |__|___|_______|  / / / /
 ==================================================================/_/_/_/

:: Built with Spring Boot :: 4.1.0


2026-09-30T14:52:18.254+08:00  INFO 3419 --- [           main] o.s.s.petclinic.vet.VetControllerTests   : Starting VetControllerTests using Java 21.0.11 with PID 3419 (started by jenkins in /var/jenkins_home/workspace/petclinic-ci)
2026-09-30T14:52:18.254+08:00  INFO 3419 --- [           main] o.s.s.petclinic.vet.VetControllerTests   : No active profile set, falling back to 1 default profile: "default"
2026-09-30T14:52:18.518+08:00  INFO 3419 --- [           main] o.s.b.t.m.w.SpringBootMockServletContext : Initializing Spring TestDispatcherServlet ''
2026-09-30T14:52:18.518+08:00  INFO 3419 --- [           main] o.s.t.web.servlet.TestDispatcherServlet  : Initializing Servlet ''
2026-09-30T14:52:18.519+08:00  INFO 3419 --- [           main] o.s.t.web.servlet.TestDispatcherServlet  : Completed initialization in 1 ms
2026-09-30T14:52:18.523+08:00  INFO 3419 --- [           main] o.s.s.petclinic.vet.VetControllerTests   : Started VetControllerTests in 0.321 seconds (process running for 19.289)
[INFO] Tests run: 2, Failures: 0, Errors: 0, Skipped: 0, Time elapsed: 0.525 s -- in org.springframework.samples.petclinic.vet.VetControllerTests
[INFO] Running org.springframework.samples.petclinic.vet.VetTests
[INFO] Tests run: 1, Failures: 0, Errors: 0, Skipped: 0, Time elapsed: 0.019 s -- in org.springframework.samples.petclinic.vet.VetTests
[INFO] Running org.springframework.samples.petclinic.service.ClinicServiceTests
2026-09-30T14:52:18.753+08:00  INFO 3419 --- [           main] t.c.s.AnnotationConfigContextLoaderUtils : Could not detect default configuration classes for test class [org.springframework.samples.petclinic.service.ClinicServiceTests]: ClinicServiceTests does not declare any static, non-private, non-final, nested classes annotated with @Configuration.
2026-09-30T14:52:18.768+08:00  INFO 3419 --- [           main] .b.t.c.SpringBootTestContextBootstrapper : Found @SpringBootConfiguration org.springframework.samples.petclinic.PetClinicApplication for test class org.springframework.samples.petclinic.service.ClinicServiceTests
2026-09-30T14:52:18.768+08:00  INFO 3419 --- [           main] t.c.s.AnnotationConfigContextLoaderUtils : Could not detect default configuration classes for test class [org.springframework.samples.petclinic.service.ClinicServiceTests]: ClinicServiceTests does not declare any static, non-private, non-final, nested classes annotated with @Configuration.
2026-09-30T14:52:18.775+08:00  INFO 3419 --- [           main] .b.t.c.SpringBootTestContextBootstrapper : Found @SpringBootConfiguration org.springframework.samples.petclinic.PetClinicApplication for test class org.springframework.samples.petclinic.service.ClinicServiceTests
2026-09-30T14:52:18.778+08:00  INFO 3419 --- [           main] o.s.b.d.r.RestartApplicationListener     : Restart disabled due to context in which it is running


              |\      _,,,--,,_
             /,`.-'`'   ._  \-;;,_
  _______ __|,4-  ) )_   .;.(__`'-'__     ___ __    _ ___ _______
 |       | '---''(_/._)-'(_\_)   |   |   |   |  |  | |   |       |
 |    _  |    ___|_     _|       |   |   |   |   |_| |   |       | __ _ _
 |   |_| |   |___  |   | |       |   |   |   |       |   |       | \ \ \ \
 |    ___|    ___| |   | |      _|   |___|   |  _    |   |      _|  \ \ \ \
 |   |   |   |___  |   | |     |_|       |   | | |   |   |     |_    ) ) ) )
 |___|   |_______| |___| |_______|_______|___|_|  |__|___|_______|  / / / /
 ==================================================================/_/_/_/

:: Built with Spring Boot :: 4.1.0


2026-09-30T14:52:18.796+08:00  INFO 3419 --- [           main] o.s.s.p.service.ClinicServiceTests       : Starting ClinicServiceTests using Java 21.0.11 with PID 3419 (started by jenkins in /var/jenkins_home/workspace/petclinic-ci)
2026-09-30T14:52:18.796+08:00  INFO 3419 --- [           main] o.s.s.p.service.ClinicServiceTests       : No active profile set, falling back to 1 default profile: "default"
2026-09-30T14:52:18.878+08:00  INFO 3419 --- [           main] .s.d.r.c.RepositoryConfigurationDelegate : Bootstrapping Spring Data JPA repositories in DEFAULT mode.
2026-09-30T14:52:18.888+08:00  INFO 3419 --- [           main] .s.d.r.c.RepositoryConfigurationDelegate : Finished Spring Data repository scanning in 8 ms. Found 4 JPA repository interfaces.
2026-09-30T14:52:18.914+08:00  INFO 3419 --- [           main] com.zaxxer.hikari.HikariDataSource       : HikariPool-2 - Starting...
2026-09-30T14:52:18.916+08:00  INFO 3419 --- [           main] com.zaxxer.hikari.pool.HikariPool        : HikariPool-2 - Added connection conn10: url=jdbc:h2:mem:af1b4e0e-aab0-43b4-ad90-2a7e7fc75527 user=SA
2026-09-30T14:52:18.917+08:00  INFO 3419 --- [           main] com.zaxxer.hikari.HikariDataSource       : HikariPool-2 - Start completed.
2026-09-30T14:52:18.967+08:00  INFO 3419 --- [           main] org.hibernate.orm.jpa                    : HHH008540: Processing PersistenceUnitInfo [name: default]
2026-09-30T14:52:18.983+08:00  INFO 3419 --- [           main] o.s.o.j.p.SpringPersistenceUnitInfo      : No LoadTimeWeaver setup: ignoring JPA class transformer
2026-09-30T14:52:18.985+08:00  INFO 3419 --- [           main] org.hibernate.orm.connections.pooling    : HHH10001005: Database info:
	Database JDBC URL [jdbc:h2:mem:af1b4e0e-aab0-43b4-ad90-2a7e7fc75527]
	Database driver: H2 JDBC Driver
	Database dialect: H2Dialect
	Database version: 2.4.240
	Default catalog/schema: AF1B4E0E-AAB0-43B4-AD90-2A7E7FC75527/PUBLIC
	Autocommit mode: undefined/unknown
	Isolation level: READ_COMMITTED [default READ_COMMITTED]
	JDBC fetch size: 100
	Pool: DataSourceConnectionProvider
	Minimum pool size: undefined/unknown
	Maximum pool size: undefined/unknown
2026-09-30T14:52:19.065+08:00  INFO 3419 --- [           main] org.hibernate.orm.core                   : HHH000489: No JTA platform available (set 'hibernate.transaction.jta.platform' to enable JTA platform integration)
2026-09-30T14:52:19.066+08:00  INFO 3419 --- [           main] j.LocalContainerEntityManagerFactoryBean : Initialized JPA EntityManagerFactory for persistence unit 'default'
2026-09-30T14:52:19.151+08:00  INFO 3419 --- [           main] o.s.s.p.service.ClinicServiceTests       : Started ClinicServiceTests in 0.35 seconds (process running for 19.917)
Hibernate: select v1_0.id,v1_0.first_name,v1_0.last_name from vets v1_0
Hibernate: select s1_0.vet_id,s1_1.id,s1_1.name from vet_specialties s1_0 join specialties s1_1 on s1_1.id=s1_0.specialty_id where s1_0.vet_id in (?,?,?,?,?,?,?,?,?,?,?,?,?,?,?,?)
Hibernate: select o1_0.id,o1_0.address,o1_0.city,o1_0.first_name,o1_0.last_name,o1_0.telephone from owners o1_0 where o1_0.last_name like ? escape '\'
Hibernate: select p1_0.owner_id,p1_0.id,p1_0.birth_date,p1_0.name,t1_0.id,t1_0.name from pets p1_0 left join types t1_0 on t1_0.id=p1_0.type_id where p1_0.owner_id in (?,?,?,?,?,?,?,?,?,?,?,?,?,?,?,?) order by p1_0.name
Hibernate: select v1_0.pet_id,v1_0.id,v1_0.visit_date,v1_0.description from visits v1_0 where v1_0.pet_id in (?,?,?,?,?,?,?,?,?,?,?,?,?,?,?,?) order by v1_0.visit_date
Hibernate: select o1_0.id,o1_0.address,o1_0.city,o1_0.first_name,o1_0.last_name,o1_0.telephone from owners o1_0 where o1_0.last_name like ? escape '\'
Hibernate: select o1_0.id,o1_0.address,o1_0.city,o1_0.first_name,o1_0.last_name,o1_0.telephone,p1_0.owner_id,p1_0.id,p1_0.birth_date,p1_0.name,t1_0.id,t1_0.name from owners o1_0 left join pets p1_0 on o1_0.id=p1_0.owner_id left join types t1_0 on t1_0.id=p1_0.type_id where o1_0.id=? order by p1_0.name
Hibernate: select v1_0.pet_id,v1_0.id,v1_0.visit_date,v1_0.description from visits v1_0 where v1_0.pet_id=? order by v1_0.visit_date
Hibernate: select pt1_0.id,pt1_0.name from types pt1_0 order by pt1_0.name
Hibernate: insert into pets (birth_date,name,type_id,id) values (?,?,?,default)
Hibernate: update pets set owner_id=? where id=?
Hibernate: insert into pets (birth_date,name,type_id,id) values (?,?,?,default)
Hibernate: update pets set owner_id=? where id=?
2026-09-30T14:52:19.324+08:00  WARN 3419 --- [           main] org.hibernate.orm.jdbc.error             : HHH000247: ErrorCode: 23505, SQLState: 23505
2026-09-30T14:52:19.324+08:00  WARN 3419 --- [           main] org.hibernate.orm.jdbc.error             : Unique index or primary key violation: "PUBLIC.UNIQUE_OWNER_PET_NAME INDEX PUBLIC.UNIQUE_OWNER_PET_NAME_INDEX_2 ON PUBLIC.PETS(OWNER_ID NULLS FIRST, NAME NULLS FIRST) VALUES ( /* key:14 */ 1, CAST('DuplicatePetName' AS VARCHAR_IGNORECASE(16)))"; SQL statement:
update pets set owner_id=? where id=? [23505-240]
Hibernate: select o1_0.id,o1_0.address,o1_0.city,o1_0.first_name,o1_0.last_name,o1_0.telephone,p1_0.owner_id,p1_0.id,p1_0.birth_date,p1_0.name,t1_0.id,t1_0.name from owners o1_0 left join pets p1_0 on o1_0.id=p1_0.owner_id left join types t1_0 on t1_0.id=p1_0.type_id where o1_0.id=? order by p1_0.name
Hibernate: select v1_0.pet_id,v1_0.id,v1_0.visit_date,v1_0.description from visits v1_0 where v1_0.pet_id in (?,?,?,?,?,?,?,?,?,?,?,?,?,?,?,?) order by v1_0.visit_date
Hibernate: insert into visits (visit_date,description,id) values (?,?,default)
Hibernate: select o1_0.id,o1_0.address,o1_0.city,o1_0.first_name,o1_0.last_name,o1_0.telephone,p1_0.owner_id,p1_0.id,p1_0.birth_date,p1_0.name,t1_0.id,t1_0.name from owners o1_0 left join pets p1_0 on o1_0.id=p1_0.owner_id left join types t1_0 on t1_0.id=p1_0.type_id where o1_0.id=? order by p1_0.name
Hibernate: select v1_0.pet_id,v1_0.id,v1_0.visit_date,v1_0.description from visits v1_0 where v1_0.pet_id=? order by v1_0.visit_date
Hibernate: select o1_0.id,o1_0.address,o1_0.city,o1_0.first_name,o1_0.last_name,o1_0.telephone,p1_0.owner_id,p1_0.id,p1_0.birth_date,p1_0.name,t1_0.id,t1_0.name from owners o1_0 left join pets p1_0 on o1_0.id=p1_0.owner_id left join types t1_0 on t1_0.id=p1_0.type_id where o1_0.id=? order by p1_0.name
Hibernate: select v1_0.pet_id,v1_0.id,v1_0.visit_date,v1_0.description from visits v1_0 where v1_0.pet_id in (?,?,?,?,?,?,?,?,?,?,?,?,?,?,?,?) order by v1_0.visit_date
Hibernate: select o1_0.id,o1_0.address,o1_0.city,o1_0.first_name,o1_0.last_name,o1_0.telephone,p1_0.owner_id,p1_0.id,p1_0.birth_date,p1_0.name,t1_0.id,t1_0.name from owners o1_0 left join pets p1_0 on o1_0.id=p1_0.owner_id left join types t1_0 on t1_0.id=p1_0.type_id where o1_0.id=? order by p1_0.name
Hibernate: select v1_0.pet_id,v1_0.id,v1_0.visit_date,v1_0.description from visits v1_0 where v1_0.pet_id in (?,?,?,?,?,?,?,?,?,?,?,?,?,?,?,?) order by v1_0.visit_date
Hibernate: select pt1_0.id,pt1_0.name from types pt1_0 order by pt1_0.name
Hibernate: insert into pets (birth_date,name,type_id,id) values (?,?,?,default)
Hibernate: select o1_0.id,o1_0.address,o1_0.city,o1_0.first_name,o1_0.last_name,o1_0.telephone from owners o1_0 where o1_0.last_name like ? escape '\'
Hibernate: insert into owners (address,city,first_name,last_name,telephone,id) values (?,?,?,?,?,default)
Hibernate: select o1_0.id,o1_0.address,o1_0.city,o1_0.first_name,o1_0.last_name,o1_0.telephone from owners o1_0 where o1_0.last_name like ? escape '\'
Hibernate: select o1_0.id,o1_0.address,o1_0.city,o1_0.first_name,o1_0.last_name,o1_0.telephone,p1_0.owner_id,p1_0.id,p1_0.birth_date,p1_0.name,t1_0.id,t1_0.name from owners o1_0 left join pets p1_0 on o1_0.id=p1_0.owner_id left join types t1_0 on t1_0.id=p1_0.type_id where o1_0.id=? order by p1_0.name
Hibernate: select v1_0.pet_id,v1_0.id,v1_0.visit_date,v1_0.description from visits v1_0 where v1_0.pet_id=? order by v1_0.visit_date
Hibernate: select o1_0.id,o1_0.address,o1_0.city,o1_0.first_name,o1_0.last_name,o1_0.telephone,p1_0.owner_id,p1_0.id,p1_0.birth_date,p1_0.name,t1_0.id,t1_0.name from owners o1_0 left join pets p1_0 on o1_0.id=p1_0.owner_id left join types t1_0 on t1_0.id=p1_0.type_id where o1_0.id=? order by p1_0.name
Hibernate: select v1_0.pet_id,v1_0.id,v1_0.visit_date,v1_0.description from visits v1_0 where v1_0.pet_id in (?,?,?,?,?,?,?,?,?,?,?,?,?,?,?,?) order by v1_0.visit_date
Hibernate: select pt1_0.id,pt1_0.name from types pt1_0 order by pt1_0.name
Hibernate: select pt1_0.id,pt1_0.name from types pt1_0 order by pt1_0.name
Hibernate: select o1_0.id,o1_0.address,o1_0.city,o1_0.first_name,o1_0.last_name,o1_0.telephone,p1_0.owner_id,p1_0.id,p1_0.birth_date,p1_0.name,t1_0.id,t1_0.name from owners o1_0 left join pets p1_0 on o1_0.id=p1_0.owner_id left join types t1_0 on t1_0.id=p1_0.type_id where o1_0.id=? order by p1_0.name
Hibernate: select v1_0.pet_id,v1_0.id,v1_0.visit_date,v1_0.description from visits v1_0 where v1_0.pet_id=? order by v1_0.visit_date
Hibernate: insert into pets (birth_date,name,type_id,id) values (?,?,?,default)
Hibernate: update pets set owner_id=? where id=?
Hibernate: select o1_0.id,o1_0.address,o1_0.city,o1_0.first_name,o1_0.last_name,o1_0.telephone,p1_0.owner_id,p1_0.id,p1_0.birth_date,p1_0.name,t1_0.id,t1_0.name from owners o1_0 left join pets p1_0 on o1_0.id=p1_0.owner_id left join types t1_0 on t1_0.id=p1_0.type_id where o1_0.id=? order by p1_0.name
Hibernate: select v1_0.pet_id,v1_0.id,v1_0.visit_date,v1_0.description from visits v1_0 where v1_0.pet_id=? order by v1_0.visit_date
Hibernate: insert into pets (birth_date,name,type_id,id) values (?,?,?,default)
Hibernate: update pets set owner_id=? where id=?
[INFO] Tests run: 12, Failures: 0, Errors: 0, Skipped: 0, Time elapsed: 0.709 s -- in org.springframework.samples.petclinic.service.ClinicServiceTests
[INFO] Running org.springframework.samples.petclinic.model.ValidatorTests
[INFO] Tests run: 2, Failures: 0, Errors: 0, Skipped: 0, Time elapsed: 0.043 s -- in org.springframework.samples.petclinic.model.ValidatorTests
[INFO] Running org.springframework.samples.petclinic.PetClinicConcurrencyTests
2026-09-30T14:52:19.476+08:00  INFO 3419 --- [           main] t.c.s.AnnotationConfigContextLoaderUtils : Could not detect default configuration classes for test class [org.springframework.samples.petclinic.PetClinicConcurrencyTests]: PetClinicConcurrencyTests does not declare any static, non-private, non-final, nested classes annotated with @Configuration.
2026-09-30T14:52:19.479+08:00  INFO 3419 --- [           main] .b.t.c.SpringBootTestContextBootstrapper : Found @SpringBootConfiguration org.springframework.samples.petclinic.PetClinicApplication for test class org.springframework.samples.petclinic.PetClinicConcurrencyTests
2026-09-30T14:52:19.479+08:00  INFO 3419 --- [           main] t.c.s.AnnotationConfigContextLoaderUtils : Could not detect default configuration classes for test class [org.springframework.samples.petclinic.PetClinicConcurrencyTests]: PetClinicConcurrencyTests does not declare any static, non-private, non-final, nested classes annotated with @Configuration.
2026-09-30T14:52:19.480+08:00  INFO 3419 --- [           main] .b.t.c.SpringBootTestContextBootstrapper : Found @SpringBootConfiguration org.springframework.samples.petclinic.PetClinicApplication for test class org.springframework.samples.petclinic.PetClinicConcurrencyTests
2026-09-30T14:52:19.483+08:00  INFO 3419 --- [           main] o.s.b.d.r.RestartApplicationListener     : Restart disabled due to context in which it is running


              |\      _,,,--,,_
             /,`.-'`'   ._  \-;;,_
  _______ __|,4-  ) )_   .;.(__`'-'__     ___ __    _ ___ _______
 |       | '---''(_/._)-'(_\_)   |   |   |   |  |  | |   |       |
 |    _  |    ___|_     _|       |   |   |   |   |_| |   |       | __ _ _
 |   |_| |   |___  |   | |       |   |   |   |       |   |       | \ \ \ \
 |    ___|    ___| |   | |      _|   |___|   |  _    |   |      _|  \ \ \ \
 |   |   |   |___  |   | |     |_|       |   | | |   |   |     |_    ) ) ) )
 |___|   |_______| |___| |_______|_______|___|_|  |__|___|_______|  / / / /
 ==================================================================/_/_/_/

:: Built with Spring Boot :: 4.1.0


2026-09-30T14:52:19.501+08:00  INFO 3419 --- [           main] o.s.s.p.PetClinicConcurrencyTests        : Starting PetClinicConcurrencyTests using Java 21.0.11 with PID 3419 (started by jenkins in /var/jenkins_home/workspace/petclinic-ci)
2026-09-30T14:52:19.502+08:00  INFO 3419 --- [           main] o.s.s.p.PetClinicConcurrencyTests        : No active profile set, falling back to 1 default profile: "default"
2026-09-30T14:52:19.693+08:00  INFO 3419 --- [           main] .s.d.r.c.RepositoryConfigurationDelegate : Bootstrapping Spring Data JPA repositories in DEFAULT mode.
2026-09-30T14:52:19.701+08:00  INFO 3419 --- [           main] .s.d.r.c.RepositoryConfigurationDelegate : Finished Spring Data repository scanning in 6 ms. Found 4 JPA repository interfaces.
2026-09-30T14:52:19.802+08:00  INFO 3419 --- [           main] o.s.boot.tomcat.TomcatWebServer          : Tomcat initialized with port 0 (http)
2026-09-30T14:52:19.803+08:00  INFO 3419 --- [           main] o.apache.catalina.core.StandardService   : Starting service [Tomcat]
2026-09-30T14:52:19.803+08:00  INFO 3419 --- [           main] o.apache.catalina.core.StandardEngine    : Starting Servlet engine: [Apache Tomcat/11.0.22]
2026-09-30T14:52:19.814+08:00  INFO 3419 --- [           main] b.w.c.s.WebApplicationContextInitializer : Root WebApplicationContext: initialization completed in 310 ms
2026-09-30T14:52:19.868+08:00  INFO 3419 --- [           main] com.zaxxer.hikari.HikariDataSource       : HikariPool-3 - Starting...
2026-09-30T14:52:19.870+08:00  INFO 3419 --- [           main] com.zaxxer.hikari.pool.HikariPool        : HikariPool-3 - Added connection conn20: url=jdbc:h2:mem:4de5d7d0-1d85-42ba-9f91-f87aef7ecba0 user=SA
2026-09-30T14:52:19.870+08:00  INFO 3419 --- [           main] com.zaxxer.hikari.HikariDataSource       : HikariPool-3 - Start completed.
2026-09-30T14:52:19.901+08:00  INFO 3419 --- [           main] org.hibernate.orm.jpa                    : HHH008540: Processing PersistenceUnitInfo [name: default]
2026-09-30T14:52:19.917+08:00  INFO 3419 --- [           main] o.s.o.j.p.SpringPersistenceUnitInfo      : No LoadTimeWeaver setup: ignoring JPA class transformer
2026-09-30T14:52:19.920+08:00  INFO 3419 --- [           main] org.hibernate.orm.connections.pooling    : HHH10001005: Database info:
	Database JDBC URL [jdbc:h2:mem:4de5d7d0-1d85-42ba-9f91-f87aef7ecba0]
	Database driver: H2 JDBC Driver
	Database dialect: H2Dialect
	Database version: 2.4.240
	Default catalog/schema: 4DE5D7D0-1D85-42BA-9F91-F87AEF7ECBA0/PUBLIC
	Autocommit mode: undefined/unknown
	Isolation level: READ_COMMITTED [default READ_COMMITTED]
	JDBC fetch size: 100
	Pool: DataSourceConnectionProvider
	Minimum pool size: undefined/unknown
	Maximum pool size: undefined/unknown
2026-09-30T14:52:19.997+08:00  INFO 3419 --- [           main] org.hibernate.orm.core                   : HHH000489: No JTA platform available (set 'hibernate.transaction.jta.platform' to enable JTA platform integration)
2026-09-30T14:52:19.998+08:00  INFO 3419 --- [           main] j.LocalContainerEntityManagerFactoryBean : Initialized JPA EntityManagerFactory for persistence unit 'default'
2026-09-30T14:52:20.321+08:00  INFO 3419 --- [           main] o.s.b.a.e.web.EndpointLinksResolver      : Exposing 13 endpoints beneath base path '/actuator'
2026-09-30T14:52:20.352+08:00  INFO 3419 --- [           main] o.s.boot.tomcat.TomcatWebServer          : Tomcat started on port 44773 (http) with context path '/'
2026-09-30T14:52:20.354+08:00  INFO 3419 --- [           main] o.s.s.p.PetClinicConcurrencyTests        : Started PetClinicConcurrencyTests in 0.871 seconds (process running for 21.12)
2026-09-30T14:52:20.381+08:00  INFO 3419 --- [o-auto-3-exec-1] o.a.c.c.C.[Tomcat-2].[localhost].[/]     : Initializing Spring DispatcherServlet 'dispatcherServlet'
2026-09-30T14:52:20.382+08:00  INFO 3419 --- [o-auto-3-exec-1] o.s.web.servlet.DispatcherServlet        : Initializing Servlet 'dispatcherServlet'
2026-09-30T14:52:20.383+08:00  INFO 3419 --- [o-auto-3-exec-1] o.s.web.servlet.DispatcherServlet        : Completed initialization in 1 ms
2026-09-30T14:52:20.416+08:00  WARN 3419 --- [o-auto-3-exec-1] org.hibernate.orm.jdbc.error             : HHH000247: ErrorCode: 23505, SQLState: 23505
2026-09-30T14:52:20.416+08:00  WARN 3419 --- [o-auto-3-exec-1] org.hibernate.orm.jdbc.error             : Unique index or primary key violation: "PUBLIC.UNIQUE_OWNER_PET_NAME INDEX PUBLIC.UNIQUE_OWNER_PET_NAME_INDEX_2 ON PUBLIC.PETS(OWNER_ID NULLS FIRST, NAME NULLS FIRST) VALUES ( /* key:15 */ 1, CAST('ConcurrencyTestPet' AS VARCHAR_IGNORECASE(18)))"; SQL statement:
update pets set owner_id=? where id=? [23505-240]
--- Concurrency Test Assertions ---
Successful additions: 1
Failed additions: 1
Original Pet Count: 1
Final Pet Count: 2
[INFO] Tests run: 1, Failures: 0, Errors: 0, Skipped: 0, Time elapsed: 1.081 s -- in org.springframework.samples.petclinic.PetClinicConcurrencyTests
2026-09-30T14:52:20.570+08:00  INFO 3419 --- [           main] org.testcontainers.DockerClientFactory   : Testcontainers version: 2.0.5
2026-09-30T14:52:21.078+08:00  INFO 3419 --- [           main] o.t.d.DockerClientProviderStrategy       : Loaded org.testcontainers.dockerclient.UnixSocketClientProviderStrategy from ~/.testcontainers.properties, will try it first
2026-09-30T14:52:21.484+08:00  INFO 3419 --- [           main] o.t.d.DockerClientProviderStrategy       : Found Docker environment with local Unix socket (unix:///var/run/docker.sock)
2026-09-30T14:52:21.486+08:00  INFO 3419 --- [           main] org.testcontainers.DockerClientFactory   : Docker host IP address is 192.168.1.58
2026-09-30T14:52:21.507+08:00  INFO 3419 --- [           main] org.testcontainers.DockerClientFactory   : Connected to docker: 
  Server Version: 29.6.2
  API Version: 1.55
  Operating System: Ubuntu 24.04.4 LTS
  Total Memory: 19946 MB
2026-09-30T14:52:21.525+08:00  INFO 3419 --- [           main] org.testcontainers.images.PullPolicy     : Image pull policy will be performed by: DefaultPullPolicy()
2026-09-30T14:52:21.529+08:00  INFO 3419 --- [           main] o.t.utility.ImageNameSubstitutor         : Image name substitution will be performed by: DefaultImageNameSubstitutor (composite of 'ConfigurationFileImageNameSubstitutor' and 'PrefixingImageNameSubstitutor')
2026-09-30T14:52:22.343+08:00  INFO 3419 --- [           main] tc.testcontainers/ryuk:0.14.0            : Creating container for image: testcontainers/ryuk:0.14.0
2026-09-30T14:52:22.607+08:00  INFO 3419 --- [           main] tc.testcontainers/ryuk:0.14.0            : Container testcontainers/ryuk:0.14.0 is starting: 8a3fceb6b5c6ee3a639656e3d70bfa817ee4a54e9ebfed1c73f0d2de4a76f11c
2026-09-30T14:52:23.038+08:00  INFO 3419 --- [           main] tc.testcontainers/ryuk:0.14.0            : Container testcontainers/ryuk:0.14.0 started in PT0.695206797S
2026-09-30T14:52:23.043+08:00  INFO 3419 --- [           main] o.t.utility.RyukResourceReaper           : Ryuk started - will monitor and terminate Testcontainers containers on JVM exit
2026-09-30T14:52:23.044+08:00  INFO 3419 --- [           main] org.testcontainers.DockerClientFactory   : Checking the system...
2026-09-30T14:52:23.044+08:00  INFO 3419 --- [           main] org.testcontainers.DockerClientFactory   : ✔︎ Docker server version should be at least 1.6.0
[INFO] Running org.springframework.samples.petclinic.MySqlIntegrationTests
2026-09-30T14:52:23.047+08:00  INFO 3419 --- [           main] t.c.s.AnnotationConfigContextLoaderUtils : Could not detect default configuration classes for test class [org.springframework.samples.petclinic.MySqlIntegrationTests]: MySqlIntegrationTests does not declare any static, non-private, non-final, nested classes annotated with @Configuration.
2026-09-30T14:52:23.054+08:00  INFO 3419 --- [           main] .b.t.c.SpringBootTestContextBootstrapper : Found @SpringBootConfiguration org.springframework.samples.petclinic.PetClinicApplication for test class org.springframework.samples.petclinic.MySqlIntegrationTests
2026-09-30T14:52:23.055+08:00  INFO 3419 --- [           main] t.c.s.AnnotationConfigContextLoaderUtils : Could not detect default configuration classes for test class [org.springframework.samples.petclinic.MySqlIntegrationTests]: MySqlIntegrationTests does not declare any static, non-private, non-final, nested classes annotated with @Configuration.
2026-09-30T14:52:23.057+08:00  INFO 3419 --- [           main] .b.t.c.SpringBootTestContextBootstrapper : Found @SpringBootConfiguration org.springframework.samples.petclinic.PetClinicApplication for test class org.springframework.samples.petclinic.MySqlIntegrationTests
2026-09-30T14:52:23.061+08:00  INFO 3419 --- [           main] tc.mysql:9.7                             : Creating container for image: mysql:9.7
2026-09-30T14:52:23.170+08:00  INFO 3419 --- [           main] tc.mysql:9.7                             : Container mysql:9.7 is starting: 31c375757d6ccbba1ea5293cf4f6e49a1d5ee7994340c50544e515f7c4cb510e
2026-09-30T14:52:23.409+08:00  INFO 3419 --- [           main] tc.mysql:9.7                             : Waiting for database connection to become available at jdbc:mysql://192.168.1.58:32772/test using query 'SELECT 1'
2026-09-30T14:52:33.702+08:00  INFO 3419 --- [           main] tc.mysql:9.7                             : Container mysql:9.7 started in PT10.640500692S
2026-09-30T14:52:33.702+08:00  INFO 3419 --- [           main] tc.mysql:9.7                             : Container is started (JDBC URL: jdbc:mysql://192.168.1.58:32772/test)
2026-09-30T14:52:33.708+08:00  INFO 3419 --- [           main] o.s.b.d.r.RestartApplicationListener     : Restart disabled due to context in which it is running


              |\      _,,,--,,_
             /,`.-'`'   ._  \-;;,_
  _______ __|,4-  ) )_   .;.(__`'-'__     ___ __    _ ___ _______
 |       | '---''(_/._)-'(_\_)   |   |   |   |  |  | |   |       |
 |    _  |    ___|_     _|       |   |   |   |   |_| |   |       | __ _ _
 |   |_| |   |___  |   | |       |   |   |   |       |   |       | \ \ \ \
 |    ___|    ___| |   | |      _|   |___|   |  _    |   |      _|  \ \ \ \
 |   |   |   |___  |   | |     |_|       |   | | |   |   |     |_    ) ) ) )
 |___|   |_______| |___| |_______|_______|___|_|  |__|___|_______|  / / / /
 ==================================================================/_/_/_/

:: Built with Spring Boot :: 4.1.0


2026-09-30T14:52:33.738+08:00  INFO 3419 --- [           main] o.s.s.petclinic.MySqlIntegrationTests    : Starting MySqlIntegrationTests using Java 21.0.11 with PID 3419 (started by jenkins in /var/jenkins_home/workspace/petclinic-ci)
2026-09-30T14:52:33.739+08:00  INFO 3419 --- [           main] o.s.s.petclinic.MySqlIntegrationTests    : The following 1 profile is active: "mysql"
2026-09-30T14:52:33.929+08:00  INFO 3419 --- [           main] .s.d.r.c.RepositoryConfigurationDelegate : Bootstrapping Spring Data JPA repositories in DEFAULT mode.
2026-09-30T14:52:33.938+08:00  INFO 3419 --- [           main] .s.d.r.c.RepositoryConfigurationDelegate : Finished Spring Data repository scanning in 7 ms. Found 4 JPA repository interfaces.
2026-09-30T14:52:34.032+08:00  INFO 3419 --- [           main] o.s.boot.tomcat.TomcatWebServer          : Tomcat initialized with port 0 (http)
2026-09-30T14:52:34.033+08:00  INFO 3419 --- [           main] o.apache.catalina.core.StandardService   : Starting service [Tomcat]
2026-09-30T14:52:34.033+08:00  INFO 3419 --- [           main] o.apache.catalina.core.StandardEngine    : Starting Servlet engine: [Apache Tomcat/11.0.22]
2026-09-30T14:52:34.068+08:00  INFO 3419 --- [           main] b.w.c.s.WebApplicationContextInitializer : Root WebApplicationContext: initialization completed in 325 ms
2026-09-30T14:52:34.128+08:00  INFO 3419 --- [           main] com.zaxxer.hikari.HikariDataSource       : HikariPool-4 - Starting...
2026-09-30T14:52:34.260+08:00  INFO 3419 --- [           main] com.zaxxer.hikari.pool.HikariPool        : HikariPool-4 - Added connection com.mysql.cj.jdbc.ConnectionImpl@27ceb81a
2026-09-30T14:52:34.260+08:00  INFO 3419 --- [           main] com.zaxxer.hikari.HikariDataSource       : HikariPool-4 - Start completed.
2026-09-30T14:52:34.544+08:00  INFO 3419 --- [           main] org.hibernate.orm.jpa                    : HHH008540: Processing PersistenceUnitInfo [name: default]
2026-09-30T14:52:34.560+08:00  INFO 3419 --- [           main] o.s.o.j.p.SpringPersistenceUnitInfo      : No LoadTimeWeaver setup: ignoring JPA class transformer
2026-09-30T14:52:34.582+08:00  INFO 3419 --- [           main] org.hibernate.orm.connections.pooling    : HHH10001005: Database info:
	Database JDBC URL [jdbc:mysql://192.168.1.58:32772/test]
	Database driver: MySQL Connector/J
	Database dialect: MySQLDialect
	Database version: 9.7.2
	Default catalog/schema: test/undefined
	Autocommit mode: undefined/unknown
	Isolation level: REPEATABLE_READ [default REPEATABLE_READ]
	JDBC fetch size: none
	Pool: DataSourceConnectionProvider
	Minimum pool size: undefined/unknown
	Maximum pool size: undefined/unknown
2026-09-30T14:52:34.694+08:00  INFO 3419 --- [           main] org.hibernate.orm.core                   : HHH000489: No JTA platform available (set 'hibernate.transaction.jta.platform' to enable JTA platform integration)
2026-09-30T14:52:34.695+08:00  INFO 3419 --- [           main] j.LocalContainerEntityManagerFactoryBean : Initialized JPA EntityManagerFactory for persistence unit 'default'
2026-09-30T14:52:34.704+08:00  INFO 3419 --- [           main] tc.mysql:9.7                             : Creating container for image: mysql:9.7
2026-09-30T14:52:34.849+08:00  INFO 3419 --- [           main] tc.mysql:9.7                             : Container mysql:9.7 is starting: ddf3dd25eea49b2d15046eb2923f56e9d4b68b4f40525cd8fc209d1ef096dcd8
2026-09-30T14:52:35.101+08:00  INFO 3419 --- [           main] tc.mysql:9.7                             : Waiting for database connection to become available at jdbc:mysql://192.168.1.58:32773/test using query 'SELECT 1'
2026-09-30T14:52:45.167+08:00  INFO 3419 --- [           main] tc.mysql:9.7                             : Container mysql:9.7 started in PT10.462630597S
2026-09-30T14:52:45.167+08:00  INFO 3419 --- [           main] tc.mysql:9.7                             : Container is started (JDBC URL: jdbc:mysql://192.168.1.58:32773/test)
2026-09-30T14:52:45.630+08:00  INFO 3419 --- [           main] o.s.b.a.e.web.EndpointLinksResolver      : Exposing 13 endpoints beneath base path '/actuator'
2026-09-30T14:52:45.672+08:00  INFO 3419 --- [           main] o.s.boot.tomcat.TomcatWebServer          : Tomcat started on port 33983 (http) with context path '/'
2026-09-30T14:52:45.675+08:00  INFO 3419 --- [           main] o.s.s.petclinic.MySqlIntegrationTests    : Started MySqlIntegrationTests in 11.967 seconds (process running for 46.441)
2026-09-30T14:52:45.725+08:00  INFO 3419 --- [o-auto-4-exec-1] o.a.c.c.C.[Tomcat-3].[localhost].[/]     : Initializing Spring DispatcherServlet 'dispatcherServlet'
2026-09-30T14:52:45.725+08:00  INFO 3419 --- [o-auto-4-exec-1] o.s.web.servlet.DispatcherServlet        : Initializing Servlet 'dispatcherServlet'
2026-09-30T14:52:45.726+08:00  INFO 3419 --- [o-auto-4-exec-1] o.s.web.servlet.DispatcherServlet        : Completed initialization in 1 ms
[INFO] Tests run: 2, Failures: 0, Errors: 0, Skipped: 0, Time elapsed: 23.10 s -- in org.springframework.samples.petclinic.MySqlIntegrationTests
[INFO] Running org.springframework.samples.petclinic.PostgresIntegrationTests
2026-09-30T14:52:46.145+08:00  INFO 3419 --- [           main] t.c.s.AnnotationConfigContextLoaderUtils : Could not detect default configuration classes for test class [org.springframework.samples.petclinic.PostgresIntegrationTests]: PostgresIntegrationTests does not declare any static, non-private, non-final, nested classes annotated with @Configuration.
2026-09-30T14:52:46.147+08:00  INFO 3419 --- [           main] .b.t.c.SpringBootTestContextBootstrapper : Found @SpringBootConfiguration org.springframework.samples.petclinic.PetClinicApplication for test class org.springframework.samples.petclinic.PostgresIntegrationTests
2026-09-30T14:52:46.148+08:00  INFO 3419 --- [           main] t.c.s.AnnotationConfigContextLoaderUtils : Could not detect default configuration classes for test class [org.springframework.samples.petclinic.PostgresIntegrationTests]: PostgresIntegrationTests does not declare any static, non-private, non-final, nested classes annotated with @Configuration.
2026-09-30T14:52:46.148+08:00  INFO 3419 --- [           main] .b.t.c.SpringBootTestContextBootstrapper : Found @SpringBootConfiguration org.springframework.samples.petclinic.PetClinicApplication for test class org.springframework.samples.petclinic.PostgresIntegrationTests
2026-09-30T14:52:46.155+08:00  INFO 3419 --- [           main] o.s.b.d.r.RestartApplicationListener     : Restart disabled due to context in which it is running


              |\      _,,,--,,_
             /,`.-'`'   ._  \-;;,_
  _______ __|,4-  ) )_   .;.(__`'-'__     ___ __    _ ___ _______
 |       | '---''(_/._)-'(_\_)   |   |   |   |  |  | |   |       |
 |    _  |    ___|_     _|       |   |   |   |   |_| |   |       | __ _ _
 |   |_| |   |___  |   | |       |   |   |   |       |   |       | \ \ \ \
 |    ___|    ___| |   | |      _|   |___|   |  _    |   |      _|  \ \ \ \
 |   |   |   |___  |   | |     |_|       |   | | |   |   |     |_    ) ) ) )
 |___|   |_______| |___| |_______|_______|___|_|  |__|___|_______|  / / / /
 ==================================================================/_/_/_/

:: Built with Spring Boot :: 4.1.0


2026-09-30T14:52:46.170+08:00  INFO 3419 --- [           main] o.s.s.p.PostgresIntegrationTests         : Starting PostgresIntegrationTests using Java 21.0.11 with PID 3419 (started by jenkins in /var/jenkins_home/workspace/petclinic-ci)
2026-09-30T14:52:46.170+08:00  INFO 3419 --- [           main] o.s.s.p.PostgresIntegrationTests         : The following 1 profile is active: "postgres"
2026-09-30T14:52:46.176+08:00  INFO 3419 --- [           main] .s.b.d.c.l.DockerComposeLifecycleManager : Using Docker Compose file /var/jenkins_home/workspace/petclinic-ci/docker-compose.yml
2026-09-30T14:52:46.649+08:00  INFO 3419 --- [utReader-stderr] o.s.boot.docker.compose.core.DockerCli   :  Container petclinic-ci-postgres-1 Recreate 
2026-09-30T14:52:46.762+08:00  INFO 3419 --- [utReader-stderr] o.s.boot.docker.compose.core.DockerCli   :  Container petclinic-ci-postgres-1 Recreated 
2026-09-30T14:52:46.769+08:00  INFO 3419 --- [utReader-stderr] o.s.boot.docker.compose.core.DockerCli   :  Container petclinic-ci-postgres-1 Starting 
2026-09-30T14:52:46.946+08:00  INFO 3419 --- [utReader-stderr] o.s.boot.docker.compose.core.DockerCli   :  Container petclinic-ci-postgres-1 Started 
2026-09-30T14:52:46.946+08:00  INFO 3419 --- [utReader-stderr] o.s.boot.docker.compose.core.DockerCli   :  Container petclinic-ci-postgres-1 Waiting 
2026-09-30T14:52:47.449+08:00  INFO 3419 --- [utReader-stderr] o.s.boot.docker.compose.core.DockerCli   :  Container petclinic-ci-postgres-1 Healthy 
2026-09-30T14:52:49.984+08:00  INFO 3419 --- [           main] .s.d.r.c.RepositoryConfigurationDelegate : Bootstrapping Spring Data JPA repositories in DEFAULT mode.
2026-09-30T14:52:49.999+08:00  INFO 3419 --- [           main] .s.d.r.c.RepositoryConfigurationDelegate : Finished Spring Data repository scanning in 10 ms. Found 4 JPA repository interfaces.
2026-09-30T14:52:50.112+08:00  INFO 3419 --- [           main] o.s.boot.tomcat.TomcatWebServer          : Tomcat initialized with port 0 (http)
2026-09-30T14:52:50.113+08:00  INFO 3419 --- [           main] o.apache.catalina.core.StandardService   : Starting service [Tomcat]
2026-09-30T14:52:50.114+08:00  INFO 3419 --- [           main] o.apache.catalina.core.StandardEngine    : Starting Servlet engine: [Apache Tomcat/11.0.22]
2026-09-30T14:52:50.163+08:00  INFO 3419 --- [           main] b.w.c.s.WebApplicationContextInitializer : Root WebApplicationContext: initialization completed in 357 ms
2026-09-30T14:52:50.251+08:00  INFO 3419 --- [           main] com.zaxxer.hikari.HikariDataSource       : HikariPool-5 - Starting...
2026-09-30T14:52:50.459+08:00  INFO 3419 --- [           main] com.zaxxer.hikari.pool.HikariPool        : HikariPool-5 - Added connection org.postgresql.jdbc.PgConnection@22387d05
2026-09-30T14:52:50.460+08:00  INFO 3419 --- [           main] com.zaxxer.hikari.HikariDataSource       : HikariPool-5 - Start completed.
2026-09-30T14:52:50.548+08:00  INFO 3419 --- [           main] org.hibernate.orm.jpa                    : HHH008540: Processing PersistenceUnitInfo [name: default]
2026-09-30T14:52:50.566+08:00  INFO 3419 --- [           main] o.s.o.j.p.SpringPersistenceUnitInfo      : No LoadTimeWeaver setup: ignoring JPA class transformer
2026-09-30T14:52:50.589+08:00  INFO 3419 --- [           main] org.hibernate.orm.connections.pooling    : HHH10001005: Database info:
	Database JDBC URL [jdbc:postgresql://192.168.1.58:5432/petclinic]
	Database driver: PostgreSQL JDBC Driver
	Database dialect: PostgreSQLDialect
	Database version: 18.4
	Default catalog/schema: petclinic/public
	Autocommit mode: undefined/unknown
	Isolation level: READ_COMMITTED [default READ_COMMITTED]
	JDBC fetch size: none
	Pool: DataSourceConnectionProvider
	Minimum pool size: undefined/unknown
	Maximum pool size: undefined/unknown
2026-09-30T14:52:50.777+08:00  INFO 3419 --- [           main] org.hibernate.orm.core                   : HHH000489: No JTA platform available (set 'hibernate.transaction.jta.platform' to enable JTA platform integration)
2026-09-30T14:52:50.778+08:00  INFO 3419 --- [           main] j.LocalContainerEntityManagerFactoryBean : Initialized JPA EntityManagerFactory for persistence unit 'default'
2026-09-30T14:52:51.068+08:00  INFO 3419 --- [           main] o.s.b.a.e.web.EndpointLinksResolver      : Exposing 13 endpoints beneath base path '/actuator'
2026-09-30T14:52:51.085+08:00  INFO 3419 --- [           main] o.s.boot.tomcat.TomcatWebServer          : Tomcat started on port 46459 (http) with context path '/'
2026-09-30T14:52:51.087+08:00  INFO 3419 --- [           main] o.s.s.p.PostgresIntegrationTests         : Started PostgresIntegrationTests in 4.932 seconds (process running for 51.853)
2026-09-30T14:52:51.139+08:00  INFO 3419 --- [o-auto-5-exec-1] o.a.c.c.C.[Tomcat-4].[localhost].[/]     : Initializing Spring DispatcherServlet 'dispatcherServlet'
2026-09-30T14:52:51.140+08:00  INFO 3419 --- [o-auto-5-exec-1] o.s.web.servlet.DispatcherServlet        : Initializing Servlet 'dispatcherServlet'
2026-09-30T14:52:51.141+08:00  INFO 3419 --- [o-auto-5-exec-1] o.s.web.servlet.DispatcherServlet        : Completed initialization in 1 ms
[INFO] Tests run: 2, Failures: 0, Errors: 0, Skipped: 0, Time elapsed: 5.049 s -- in org.springframework.samples.petclinic.PostgresIntegrationTests
[INFO] Running org.springframework.samples.petclinic.owner.PetTypeFormatterTests
[INFO] Tests run: 3, Failures: 0, Errors: 0, Skipped: 0, Time elapsed: 0.193 s -- in org.springframework.samples.petclinic.owner.PetTypeFormatterTests
[INFO] Running org.springframework.samples.petclinic.owner.PetValidatorTests
[INFO] Running org.springframework.samples.petclinic.owner.PetValidatorTests$ValidateHasErrors
[INFO] Tests run: 6, Failures: 0, Errors: 0, Skipped: 0, Time elapsed: 0.006 s -- in org.springframework.samples.petclinic.owner.PetValidatorTests$ValidateHasErrors
[INFO] Tests run: 0, Failures: 0, Errors: 0, Skipped: 0, Time elapsed: 0.014 s -- in org.springframework.samples.petclinic.owner.PetValidatorTests
[INFO] Running org.springframework.samples.petclinic.owner.VisitControllerTests
2026-09-30T14:52:51.411+08:00  INFO 3419 --- [           main] t.c.s.AnnotationConfigContextLoaderUtils : Could not detect default configuration classes for test class [org.springframework.samples.petclinic.owner.VisitControllerTests]: VisitControllerTests does not declare any static, non-private, non-final, nested classes annotated with @Configuration.
2026-09-30T14:52:51.423+08:00  INFO 3419 --- [           main] .b.t.c.SpringBootTestContextBootstrapper : Found @SpringBootConfiguration org.springframework.samples.petclinic.PetClinicApplication for test class org.springframework.samples.petclinic.owner.VisitControllerTests
2026-09-30T14:52:51.424+08:00  INFO 3419 --- [           main] t.c.s.AnnotationConfigContextLoaderUtils : Could not detect default configuration classes for test class [org.springframework.samples.petclinic.owner.VisitControllerTests]: VisitControllerTests does not declare any static, non-private, non-final, nested classes annotated with @Configuration.
2026-09-30T14:52:51.453+08:00  INFO 3419 --- [           main] .b.t.c.SpringBootTestContextBootstrapper : Found @SpringBootConfiguration org.springframework.samples.petclinic.PetClinicApplication for test class org.springframework.samples.petclinic.owner.VisitControllerTests
2026-09-30T14:52:51.458+08:00  INFO 3419 --- [           main] o.s.b.d.r.RestartApplicationListener     : Restart disabled due to context in which it is running


              |\      _,,,--,,_
             /,`.-'`'   ._  \-;;,_
  _______ __|,4-  ) )_   .;.(__`'-'__     ___ __    _ ___ _______
 |       | '---''(_/._)-'(_\_)   |   |   |   |  |  | |   |       |
 |    _  |    ___|_     _|       |   |   |   |   |_| |   |       | __ _ _
 |   |_| |   |___  |   | |       |   |   |   |       |   |       | \ \ \ \
 |    ___|    ___| |   | |      _|   |___|   |  _    |   |      _|  \ \ \ \
 |   |   |   |___  |   | |     |_|       |   | | |   |   |     |_    ) ) ) )
 |___|   |_______| |___| |_______|_______|___|_|  |__|___|_______|  / / / /
 ==================================================================/_/_/_/

:: Built with Spring Boot :: 4.1.0


2026-09-30T14:52:51.471+08:00  INFO 3419 --- [           main] o.s.s.p.owner.VisitControllerTests       : Starting VisitControllerTests using Java 21.0.11 with PID 3419 (started by jenkins in /var/jenkins_home/workspace/petclinic-ci)
2026-09-30T14:52:51.471+08:00  INFO 3419 --- [           main] o.s.s.p.owner.VisitControllerTests       : No active profile set, falling back to 1 default profile: "default"
2026-09-30T14:52:51.711+08:00  INFO 3419 --- [           main] o.s.b.t.m.w.SpringBootMockServletContext : Initializing Spring TestDispatcherServlet ''
2026-09-30T14:52:51.712+08:00  INFO 3419 --- [           main] o.s.t.web.servlet.TestDispatcherServlet  : Initializing Servlet ''
2026-09-30T14:52:51.712+08:00  INFO 3419 --- [           main] o.s.t.web.servlet.TestDispatcherServlet  : Completed initialization in 0 ms
2026-09-30T14:52:51.716+08:00  INFO 3419 --- [           main] o.s.s.p.owner.VisitControllerTests       : Started VisitControllerTests in 0.258 seconds (process running for 52.482)
[INFO] Tests run: 6, Failures: 0, Errors: 0, Skipped: 0, Time elapsed: 0.496 s -- in org.springframework.samples.petclinic.owner.VisitControllerTests
[INFO] Running org.springframework.samples.petclinic.owner.OwnerControllerTests
2026-09-30T14:52:51.908+08:00  INFO 3419 --- [           main] t.c.s.AnnotationConfigContextLoaderUtils : Could not detect default configuration classes for test class [org.springframework.samples.petclinic.owner.OwnerControllerTests]: OwnerControllerTests does not declare any static, non-private, non-final, nested classes annotated with @Configuration.
2026-09-30T14:52:51.957+08:00  INFO 3419 --- [           main] .b.t.c.SpringBootTestContextBootstrapper : Found @SpringBootConfiguration org.springframework.samples.petclinic.PetClinicApplication for test class org.springframework.samples.petclinic.owner.OwnerControllerTests
2026-09-30T14:52:51.957+08:00  INFO 3419 --- [           main] t.c.s.AnnotationConfigContextLoaderUtils : Could not detect default configuration classes for test class [org.springframework.samples.petclinic.owner.OwnerControllerTests]: OwnerControllerTests does not declare any static, non-private, non-final, nested classes annotated with @Configuration.
2026-09-30T14:52:51.961+08:00  INFO 3419 --- [           main] .b.t.c.SpringBootTestContextBootstrapper : Found @SpringBootConfiguration org.springframework.samples.petclinic.PetClinicApplication for test class org.springframework.samples.petclinic.owner.OwnerControllerTests
2026-09-30T14:52:51.965+08:00  INFO 3419 --- [           main] o.s.b.d.r.RestartApplicationListener     : Restart disabled due to context in which it is running


              |\      _,,,--,,_
             /,`.-'`'   ._  \-;;,_
  _______ __|,4-  ) )_   .;.(__`'-'__     ___ __    _ ___ _______
 |       | '---''(_/._)-'(_\_)   |   |   |   |  |  | |   |       |
 |    _  |    ___|_     _|       |   |   |   |   |_| |   |       | __ _ _
 |   |_| |   |___  |   | |       |   |   |   |       |   |       | \ \ \ \
 |    ___|    ___| |   | |      _|   |___|   |  _    |   |      _|  \ \ \ \
 |   |   |   |___  |   | |     |_|       |   | | |   |   |     |_    ) ) ) )
 |___|   |_______| |___| |_______|_______|___|_|  |__|___|_______|  / / / /
 ==================================================================/_/_/_/

:: Built with Spring Boot :: 4.1.0


2026-09-30T14:52:51.977+08:00  INFO 3419 --- [           main] o.s.s.p.owner.OwnerControllerTests       : Starting OwnerControllerTests using Java 21.0.11 with PID 3419 (started by jenkins in /var/jenkins_home/workspace/petclinic-ci)
2026-09-30T14:52:51.977+08:00  INFO 3419 --- [           main] o.s.s.p.owner.OwnerControllerTests       : No active profile set, falling back to 1 default profile: "default"
2026-09-30T14:52:52.253+08:00  INFO 3419 --- [           main] o.s.b.t.m.w.SpringBootMockServletContext : Initializing Spring TestDispatcherServlet ''
2026-09-30T14:52:52.253+08:00  INFO 3419 --- [           main] o.s.t.web.servlet.TestDispatcherServlet  : Initializing Servlet ''
2026-09-30T14:52:52.254+08:00  INFO 3419 --- [           main] o.s.t.web.servlet.TestDispatcherServlet  : Completed initialization in 1 ms
2026-09-30T14:52:52.258+08:00  INFO 3419 --- [           main] o.s.s.p.owner.OwnerControllerTests       : Started OwnerControllerTests in 0.294 seconds (process running for 53.024)
[INFO] Tests run: 15, Failures: 0, Errors: 0, Skipped: 0, Time elapsed: 0.672 s -- in org.springframework.samples.petclinic.owner.OwnerControllerTests
[INFO] Running org.springframework.samples.petclinic.owner.PetControllerTests
2026-09-30T14:52:52.582+08:00  INFO 3419 --- [           main] t.c.s.AnnotationConfigContextLoaderUtils : Could not detect default configuration classes for test class [org.springframework.samples.petclinic.owner.PetControllerTests]: PetControllerTests does not declare any static, non-private, non-final, nested classes annotated with @Configuration.
2026-09-30T14:52:52.586+08:00  INFO 3419 --- [           main] .b.t.c.SpringBootTestContextBootstrapper : Found @SpringBootConfiguration org.springframework.samples.petclinic.PetClinicApplication for test class org.springframework.samples.petclinic.owner.PetControllerTests
2026-09-30T14:52:52.587+08:00  INFO 3419 --- [           main] t.c.s.AnnotationConfigContextLoaderUtils : Could not detect default configuration classes for test class [org.springframework.samples.petclinic.owner.PetControllerTests]: PetControllerTests does not declare any static, non-private, non-final, nested classes annotated with @Configuration.
2026-09-30T14:52:52.590+08:00  INFO 3419 --- [           main] .b.t.c.SpringBootTestContextBootstrapper : Found @SpringBootConfiguration org.springframework.samples.petclinic.PetClinicApplication for test class org.springframework.samples.petclinic.owner.PetControllerTests
2026-09-30T14:52:52.593+08:00  INFO 3419 --- [           main] o.s.b.d.r.RestartApplicationListener     : Restart disabled due to context in which it is running


              |\      _,,,--,,_
             /,`.-'`'   ._  \-;;,_
  _______ __|,4-  ) )_   .;.(__`'-'__     ___ __    _ ___ _______
 |       | '---''(_/._)-'(_\_)   |   |   |   |  |  | |   |       |
 |    _  |    ___|_     _|       |   |   |   |   |_| |   |       | __ _ _
 |   |_| |   |___  |   | |       |   |   |   |       |   |       | \ \ \ \
 |    ___|    ___| |   | |      _|   |___|   |  _    |   |      _|  \ \ \ \
 |   |   |   |___  |   | |     |_|       |   | | |   |   |     |_    ) ) ) )
 |___|   |_______| |___| |_______|_______|___|_|  |__|___|_______|  / / / /
 ==================================================================/_/_/_/

:: Built with Spring Boot :: 4.1.0


2026-09-30T14:52:52.606+08:00  INFO 3419 --- [           main] o.s.s.p.owner.PetControllerTests         : Starting PetControllerTests using Java 21.0.11 with PID 3419 (started by jenkins in /var/jenkins_home/workspace/petclinic-ci)
2026-09-30T14:52:52.606+08:00  INFO 3419 --- [           main] o.s.s.p.owner.PetControllerTests         : No active profile set, falling back to 1 default profile: "default"
2026-09-30T14:52:52.732+08:00  INFO 3419 --- [           main] o.s.b.t.m.w.SpringBootMockServletContext : Initializing Spring TestDispatcherServlet ''
2026-09-30T14:52:52.732+08:00  INFO 3419 --- [           main] o.s.t.web.servlet.TestDispatcherServlet  : Initializing Servlet ''
2026-09-30T14:52:52.733+08:00  INFO 3419 --- [           main] o.s.t.web.servlet.TestDispatcherServlet  : Completed initialization in 1 ms
2026-09-30T14:52:52.736+08:00  INFO 3419 --- [           main] o.s.s.p.owner.PetControllerTests         : Started PetControllerTests in 0.143 seconds (process running for 53.502)
[INFO] Running org.springframework.samples.petclinic.owner.PetControllerTests$ProcessUpdateFormHasErrors
2026-09-30T14:52:52.862+08:00  INFO 3419 --- [           main] t.c.s.AnnotationConfigContextLoaderUtils : Could not detect default configuration classes for test class [org.springframework.samples.petclinic.owner.PetControllerTests$ProcessUpdateFormHasErrors]: ProcessUpdateFormHasErrors does not declare any static, non-private, non-final, nested classes annotated with @Configuration.
2026-09-30T14:52:52.865+08:00  INFO 3419 --- [           main] .b.t.c.SpringBootTestContextBootstrapper : Found @SpringBootConfiguration org.springframework.samples.petclinic.PetClinicApplication for test class org.springframework.samples.petclinic.owner.PetControllerTests$ProcessUpdateFormHasErrors
2026-09-30T14:52:52.866+08:00  INFO 3419 --- [           main] t.c.s.AnnotationConfigContextLoaderUtils : Could not detect default configuration classes for test class [org.springframework.samples.petclinic.owner.PetControllerTests$ProcessUpdateFormHasErrors]: ProcessUpdateFormHasErrors does not declare any static, non-private, non-final, nested classes annotated with @Configuration.
2026-09-30T14:52:52.866+08:00  INFO 3419 --- [           main] t.c.s.AnnotationConfigContextLoaderUtils : Could not detect default configuration classes for test class [org.springframework.samples.petclinic.owner.PetControllerTests]: PetControllerTests does not declare any static, non-private, non-final, nested classes annotated with @Configuration.
2026-09-30T14:52:52.869+08:00  INFO 3419 --- [           main] .b.t.c.SpringBootTestContextBootstrapper : Found @SpringBootConfiguration org.springframework.samples.petclinic.PetClinicApplication for test class org.springframework.samples.petclinic.owner.PetControllerTests$ProcessUpdateFormHasErrors
[INFO] Tests run: 9, Failures: 0, Errors: 0, Skipped: 0, Time elapsed: 0.129 s -- in org.springframework.samples.petclinic.owner.PetControllerTests$ProcessUpdateFormHasErrors
[INFO] Running org.springframework.samples.petclinic.owner.PetControllerTests$ProcessCreationFormHasErrors
2026-09-30T14:52:52.991+08:00  INFO 3419 --- [           main] t.c.s.AnnotationConfigContextLoaderUtils : Could not detect default configuration classes for test class [org.springframework.samples.petclinic.owner.PetControllerTests$ProcessCreationFormHasErrors]: ProcessCreationFormHasErrors does not declare any static, non-private, non-final, nested classes annotated with @Configuration.
2026-09-30T14:52:52.996+08:00  INFO 3419 --- [           main] .b.t.c.SpringBootTestContextBootstrapper : Found @SpringBootConfiguration org.springframework.samples.petclinic.PetClinicApplication for test class org.springframework.samples.petclinic.owner.PetControllerTests$ProcessCreationFormHasErrors
2026-09-30T14:52:52.997+08:00  INFO 3419 --- [           main] t.c.s.AnnotationConfigContextLoaderUtils : Could not detect default configuration classes for test class [org.springframework.samples.petclinic.owner.PetControllerTests$ProcessCreationFormHasErrors]: ProcessCreationFormHasErrors does not declare any static, non-private, non-final, nested classes annotated with @Configuration.
2026-09-30T14:52:52.997+08:00  INFO 3419 --- [           main] t.c.s.AnnotationConfigContextLoaderUtils : Could not detect default configuration classes for test class [org.springframework.samples.petclinic.owner.PetControllerTests]: PetControllerTests does not declare any static, non-private, non-final, nested classes annotated with @Configuration.
2026-09-30T14:52:52.999+08:00  INFO 3419 --- [           main] .b.t.c.SpringBootTestContextBootstrapper : Found @SpringBootConfiguration org.springframework.samples.petclinic.PetClinicApplication for test class org.springframework.samples.petclinic.owner.PetControllerTests$ProcessCreationFormHasErrors
[INFO] Tests run: 6, Failures: 0, Errors: 0, Skipped: 0, Time elapsed: 0.177 s -- in org.springframework.samples.petclinic.owner.PetControllerTests$ProcessCreationFormHasErrors
[INFO] Tests run: 0, Failures: 0, Errors: 0, Skipped: 0, Time elapsed: 0.586 s -- in org.springframework.samples.petclinic.owner.PetControllerTests
[INFO] Running org.springframework.samples.petclinic.owner.ClinicWorkflowIntegrationTests
2026-09-30T14:52:53.170+08:00  INFO 3419 --- [           main] t.c.s.AnnotationConfigContextLoaderUtils : Could not detect default configuration classes for test class [org.springframework.samples.petclinic.owner.ClinicWorkflowIntegrationTests]: ClinicWorkflowIntegrationTests does not declare any static, non-private, non-final, nested classes annotated with @Configuration.
2026-09-30T14:52:53.172+08:00  INFO 3419 --- [           main] .b.t.c.SpringBootTestContextBootstrapper : Found @SpringBootConfiguration org.springframework.samples.petclinic.PetClinicApplication for test class org.springframework.samples.petclinic.owner.ClinicWorkflowIntegrationTests
2026-09-30T14:52:53.173+08:00  INFO 3419 --- [           main] t.c.s.AnnotationConfigContextLoaderUtils : Could not detect default configuration classes for test class [org.springframework.samples.petclinic.owner.ClinicWorkflowIntegrationTests]: ClinicWorkflowIntegrationTests does not declare any static, non-private, non-final, nested classes annotated with @Configuration.
2026-09-30T14:52:53.175+08:00  INFO 3419 --- [           main] .b.t.c.SpringBootTestContextBootstrapper : Found @SpringBootConfiguration org.springframework.samples.petclinic.PetClinicApplication for test class org.springframework.samples.petclinic.owner.ClinicWorkflowIntegrationTests
2026-09-30T14:52:53.178+08:00  INFO 3419 --- [           main] o.s.b.d.r.RestartApplicationListener     : Restart disabled due to context in which it is running


              |\      _,,,--,,_
             /,`.-'`'   ._  \-;;,_
  _______ __|,4-  ) )_   .;.(__`'-'__     ___ __    _ ___ _______
 |       | '---''(_/._)-'(_\_)   |   |   |   |  |  | |   |       |
 |    _  |    ___|_     _|       |   |   |   |   |_| |   |       | __ _ _
 |   |_| |   |___  |   | |       |   |   |   |       |   |       | \ \ \ \
 |    ___|    ___| |   | |      _|   |___|   |  _    |   |      _|  \ \ \ \
 |   |   |   |___  |   | |     |_|       |   | | |   |   |     |_    ) ) ) )
 |___|   |_______| |___| |_______|_______|___|_|  |__|___|_______|  / / / /
 ==================================================================/_/_/_/

:: Built with Spring Boot :: 4.1.0


2026-09-30T14:52:53.191+08:00  INFO 3419 --- [           main] o.s.s.p.o.ClinicWorkflowIntegrationTests : Starting ClinicWorkflowIntegrationTests using Java 21.0.11 with PID 3419 (started by jenkins in /var/jenkins_home/workspace/petclinic-ci)
2026-09-30T14:52:53.191+08:00  INFO 3419 --- [           main] o.s.s.p.o.ClinicWorkflowIntegrationTests : No active profile set, falling back to 1 default profile: "default"
2026-09-30T14:52:53.327+08:00  INFO 3419 --- [           main] .s.d.r.c.RepositoryConfigurationDelegate : Bootstrapping Spring Data JPA repositories in DEFAULT mode.
2026-09-30T14:52:53.334+08:00  INFO 3419 --- [           main] .s.d.r.c.RepositoryConfigurationDelegate : Finished Spring Data repository scanning in 6 ms. Found 4 JPA repository interfaces.
2026-09-30T14:52:53.401+08:00  INFO 3419 --- [           main] com.zaxxer.hikari.HikariDataSource       : HikariPool-6 - Starting...
2026-09-30T14:52:53.404+08:00  INFO 3419 --- [           main] com.zaxxer.hikari.pool.HikariPool        : HikariPool-6 - Added connection conn30: url=jdbc:h2:mem:8c4cb977-999e-4ae3-91cc-086092fad1ad user=SA
2026-09-30T14:52:53.404+08:00  INFO 3419 --- [           main] com.zaxxer.hikari.HikariDataSource       : HikariPool-6 - Start completed.
2026-09-30T14:52:53.432+08:00  INFO 3419 --- [           main] org.hibernate.orm.jpa                    : HHH008540: Processing PersistenceUnitInfo [name: default]
2026-09-30T14:52:53.462+08:00  INFO 3419 --- [           main] o.s.o.j.p.SpringPersistenceUnitInfo      : No LoadTimeWeaver setup: ignoring JPA class transformer
2026-09-30T14:52:53.463+08:00  INFO 3419 --- [           main] org.hibernate.orm.connections.pooling    : HHH10001005: Database info:
	Database JDBC URL [jdbc:h2:mem:8c4cb977-999e-4ae3-91cc-086092fad1ad]
	Database driver: H2 JDBC Driver
	Database dialect: H2Dialect
	Database version: 2.4.240
	Default catalog/schema: 8C4CB977-999E-4AE3-91CC-086092FAD1AD/PUBLIC
	Autocommit mode: undefined/unknown
	Isolation level: READ_COMMITTED [default READ_COMMITTED]
	JDBC fetch size: 100
	Pool: DataSourceConnectionProvider
	Minimum pool size: undefined/unknown
	Maximum pool size: undefined/unknown
2026-09-30T14:52:53.511+08:00  INFO 3419 --- [           main] org.hibernate.orm.core                   : HHH000489: No JTA platform available (set 'hibernate.transaction.jta.platform' to enable JTA platform integration)
2026-09-30T14:52:53.512+08:00  INFO 3419 --- [           main] j.LocalContainerEntityManagerFactoryBean : Initialized JPA EntityManagerFactory for persistence unit 'default'
2026-09-30T14:52:53.966+08:00  INFO 3419 --- [           main] o.s.b.t.m.w.SpringBootMockServletContext : Initializing Spring TestDispatcherServlet ''
2026-09-30T14:52:53.966+08:00  INFO 3419 --- [           main] o.s.t.web.servlet.TestDispatcherServlet  : Initializing Servlet ''
2026-09-30T14:52:53.969+08:00  INFO 3419 --- [           main] o.s.b.a.e.web.EndpointLinksResolver      : Exposing 13 endpoints beneath base path '/actuator'
2026-09-30T14:52:53.977+08:00  INFO 3419 --- [           main] o.s.t.web.servlet.TestDispatcherServlet  : Completed initialization in 11 ms
2026-09-30T14:52:53.990+08:00  INFO 3419 --- [           main] o.s.s.p.o.ClinicWorkflowIntegrationTests : Started ClinicWorkflowIntegrationTests in 0.812 seconds (process running for 54.756)
[INFO] Tests run: 4, Failures: 0, Errors: 0, Skipped: 0, Time elapsed: 1.326 s -- in org.springframework.samples.petclinic.owner.ClinicWorkflowIntegrationTests
[INFO] 
[INFO] Results:
[INFO] 
[INFO] Tests run: 81, Failures: 0, Errors: 0, Skipped: 0
[INFO] 
[INFO] ------------------------------------------------------------------------
[INFO] BUILD SUCCESS
[INFO] ------------------------------------------------------------------------
[INFO] Total time:  01:06 min
[INFO] Finished at: 2026-09-30T14:52:55+08:00
[INFO] ------------------------------------------------------------------------
[Pipeline] }
[Pipeline] // stage
[Pipeline] stage
[Pipeline] { (Package)
[Pipeline] sh
+ echo ===== MAVEN PACKAGE =====
===== MAVEN PACKAGE =====
+ ./mvnw package -DskipTests
[INFO] Scanning for projects...
[INFO] 
[INFO] ------------< org.springframework.samples:spring-petclinic >------------
[INFO] Building petclinic 4.0.0-SNAPSHOT
[INFO]   from pom.xml
[INFO] --------------------------------[ jar ]---------------------------------
[INFO] 
[INFO] --- enforcer:3.6.3:enforce (enforce-java) @ spring-petclinic ---
[INFO] Rule 0: org.apache.maven.enforcer.rules.version.RequireJavaVersion passed
[INFO] 
[INFO] --- spring-javaformat:0.0.47:validate (default) @ spring-petclinic ---
[INFO] 
[INFO] --- checkstyle:3.6.0:check (nohttp-checkstyle-validation) @ spring-petclinic ---
[INFO] You have 0 Checkstyle violations.
[INFO] 
[INFO] --- jacoco:0.8.15:prepare-agent (default) @ spring-petclinic ---
[INFO] argLine set to -javaagent:/var/jenkins_home/.m2/repository/org/jacoco/org.jacoco.agent/0.8.15/org.jacoco.agent-0.8.15-runtime.jar=destfile=/var/jenkins_home/workspace/petclinic-ci/target/jacoco.exec
[INFO] 
[INFO] --- git-commit-id:9.2.0:revision (default) @ spring-petclinic ---
[INFO] dotGitDirectory '/var/jenkins_home/workspace/petclinic-ci/.git'
[INFO] Collected git.build.user.name with value jenkins-petclinic-ci
[INFO] Collected git.build.user.email with value jenkins-petclinic-ci@users.noreply.github.com
[INFO] Using environment variable based branch name. GIT_BRANCH = origin/main
[INFO] Collected git.branch with value origin/main
[INFO] Collected git.commit.id.describe with value dcp-v1.28.0-monitoring-observability-26-g9436e34
[INFO] Collected git.commit.id.describe-short with value dcp-v1.28.0-monitoring-observability-26
[INFO] Collected git.commit.id with value 9436e344a9b5ff2719fce99bd3cc5c5ca0e1b26d
[INFO] Collected git.commit.id.abbrev with value 9436e34
[INFO] Collected git.dirty with value false
[INFO] Collected git.commit.user.name with value heil16070-hue
[INFO] Collected git.commit.user.email with value heil16070@gmail.com
[INFO] Collected git.commit.message.full with value Fix persisted visit confirmation across application replicas
[INFO] Collected git.commit.message.short with value Fix persisted visit confirmation across application replicas
[INFO] Collected git.commit.time with value 2026-09-30T14:50:58+08:00
[INFO] Collected git.commit.author.time with value 2026-09-30T14:50:58+08:00
[INFO] Collected git.commit.committer.time with value 2026-09-30T14:50:58+08:00
[INFO] Collected git.remote.origin.url with value git@github.com:yipintangzsp/spring-petclinic.git
[INFO] Collected git.tags with value 
[INFO] Collected git.tag with value 
[INFO] Collected git.closest.tag.name with value dcp-v1.28.0-monitoring-observability
[INFO] Collected git.closest.tag.commit.count with value 26
[INFO] Collected git.total.commit.count with value 1117
[INFO] Collected git.local.branch.ahead with value NO_REMOTE
[INFO] Collected git.local.branch.behind with value NO_REMOTE
[INFO] Collected git.build.time with value 2024-11-28T22:37:52+08:00
[INFO] Collected git.build.version with value 4.0.0-SNAPSHOT
[INFO] Collected git.build.host with value jenkins-87ccb46-m5bcm
[INFO] Collected git.build.number with value 78
[INFO] including property 'git.tags' in results
[INFO] including property 'git.build.version' in results
[INFO] including property 'git.branch' in results
[INFO] including property 'git.build.host' in results
[INFO] including property 'git.build.number' in results
[INFO] including property 'git.commit.id' in results
[INFO] including property 'git.commit.user.email' in results
[INFO] including property 'git.local.branch.behind' in results
[INFO] including property 'git.commit.author.time' in results
[INFO] including property 'git.build.user.name' in results
[INFO] including property 'git.dirty' in results
[INFO] including property 'git.closest.tag.commit.count' in results
[INFO] including property 'git.commit.user.name' in results
[INFO] including property 'git.commit.id.abbrev' in results
[INFO] including property 'git.commit.id.describe-short' in results
[INFO] including property 'git.total.commit.count' in results
[INFO] including property 'git.commit.id.describe' in results
[INFO] including property 'git.build.user.email' in results
[INFO] including property 'git.commit.message.short' in results
[INFO] including property 'git.commit.committer.time' in results
[INFO] including property 'git.tag' in results
[INFO] including property 'git.closest.tag.name' in results
[INFO] including property 'git.local.branch.ahead' in results
[INFO] including property 'git.commit.time' in results
[INFO] including property 'git.build.time' in results
[INFO] including property 'git.commit.message.full' in results
[INFO] including property 'git.remote.origin.url' in results
[INFO] Reading existing properties file [/var/jenkins_home/workspace/petclinic-ci/target/classes/git.properties] (for project petclinic)...
[INFO] Properties file [/var/jenkins_home/workspace/petclinic-ci/target/classes/git.properties] is up-to-date (for module petclinic)...
[INFO] 
[INFO] --- spring-boot:4.1.0:build-info (default) @ spring-petclinic ---
[INFO] 
[INFO] --- cyclonedx:2.9.1:makeAggregateBom (default) @ spring-petclinic ---
[INFO] CycloneDX: Resolving Dependencies
[INFO] CycloneDX: Creating BOM version 1.6 with 113 component(s)
[INFO] CycloneDX: Writing and validating BOM (JSON): /var/jenkins_home/workspace/petclinic-ci/target/classes/META-INF/sbom/application.cdx.json
[WARNING] Unknown keyword meta:enum - you should define your own Meta Schema. If the keyword is irrelevant for validation, just use a NonValidationKeyword or if it should generate annotations AnnotationKeyword
[WARNING] Unknown keyword deprecated - you should define your own Meta Schema. If the keyword is irrelevant for validation, just use a NonValidationKeyword or if it should generate annotations AnnotationKeyword
[INFO]            attaching as spring-petclinic-4.0.0-SNAPSHOT-cyclonedx.json
[INFO] 
[INFO] --- resources:3.5.0:resources (default-resources) @ spring-petclinic ---
[INFO] Copying 3 resources from src/main/resources to target/classes
[INFO] Copying 51 resources from src/main/resources to target/classes
[INFO] 
[INFO] --- compiler:3.15.0:compile (default-compile) @ spring-petclinic ---
[INFO] Nothing to compile - all classes are up to date.
[INFO] 
[INFO] --- resources:3.5.0:testResources (default-testResources) @ spring-petclinic ---
[INFO] skip non existing resourceDirectory /var/jenkins_home/workspace/petclinic-ci/src/test/resources
[INFO] 
[INFO] --- compiler:3.15.0:testCompile (default-testCompile) @ spring-petclinic ---
[INFO] Nothing to compile - all classes are up to date.
[INFO] 
[INFO] --- surefire:3.5.6:test (default-test) @ spring-petclinic ---
[WARNING]  Parameter 'systemProperties' is deprecated: use systemPropertyVariables instead
[INFO] Tests are skipped.
[INFO] 
[INFO] --- jacoco:0.8.15:report (report) @ spring-petclinic ---
[INFO] Loading execution data file /var/jenkins_home/workspace/petclinic-ci/target/jacoco.exec
[INFO] Analyzed bundle 'petclinic' with 27 classes
[INFO] 
[INFO] --- jar:3.5.0:jar (default-jar) @ spring-petclinic ---
[INFO] Building jar: /var/jenkins_home/workspace/petclinic-ci/target/spring-petclinic-4.0.0-SNAPSHOT.jar
[INFO] 
[INFO] --- spring-boot:4.1.0:repackage (repackage) @ spring-petclinic ---
[INFO] Replacing main artifact /var/jenkins_home/workspace/petclinic-ci/target/spring-petclinic-4.0.0-SNAPSHOT.jar with repackaged archive, adding nested dependencies in BOOT-INF/.
[INFO] The original artifact has been renamed to /var/jenkins_home/workspace/petclinic-ci/target/spring-petclinic-4.0.0-SNAPSHOT.jar.original
[INFO] ------------------------------------------------------------------------
[INFO] BUILD SUCCESS
[INFO] ------------------------------------------------------------------------
[INFO] Total time:  8.672 s
[INFO] Finished at: 2026-09-30T14:53:05+08:00
[INFO] ------------------------------------------------------------------------
+ echo

+ echo ===== JAR =====
===== JAR =====
+ ls -lh target/spring-petclinic-4.0.0-SNAPSHOT.jar
-rw-r--r-- 1 jenkins jenkins 66M Nov 28  2024 target/spring-petclinic-4.0.0-SNAPSHOT.jar
[Pipeline] }
[Pipeline] // stage
[Pipeline] stage
[Pipeline] { (Multi-Arch Build & Push)
[Pipeline] sh
+ echo ===== MULTI-ARCH BUILD & PUSH =====
===== MULTI-ARCH BUILD & PUSH =====
+ echo IMAGE=127.0.0.1:30050/petclinic/petclinic:0.5.0-ci-78
IMAGE=127.0.0.1:30050/petclinic/petclinic:0.5.0-ci-78
+ docker buildx build --platform linux/amd64,linux/arm64 -t 127.0.0.1:30050/petclinic/petclinic:0.5.0-ci-78 --push .
#0 building with "default" instance using docker driver

#1 [internal] load build definition from Dockerfile
#1 transferring dockerfile: 233B done
#1 DONE 0.0s

#2 [linux/amd64 internal] load metadata for 127.0.0.1:30050/platform-upgrade/eclipse-temurin:21-jre-local
#2 DONE 0.1s

#3 [linux/arm64 internal] load metadata for 127.0.0.1:30050/platform-upgrade/eclipse-temurin:21-jre-local
#3 DONE 0.1s

#4 [internal] load .dockerignore
#4 transferring context: 2B done
#4 DONE 0.0s

#5 [linux/arm64 1/3] FROM 127.0.0.1:30050/platform-upgrade/eclipse-temurin:21-jre-local@sha256:69bc3d67c3f9f788cbc235723fdaf8a569015125590a2f7d9ed455537a1f4312
#5 resolve 127.0.0.1:30050/platform-upgrade/eclipse-temurin:21-jre-local@sha256:69bc3d67c3f9f788cbc235723fdaf8a569015125590a2f7d9ed455537a1f4312 0.0s done
#5 DONE 0.0s

#6 [linux/amd64 1/3] FROM 127.0.0.1:30050/platform-upgrade/eclipse-temurin:21-jre-local@sha256:69bc3d67c3f9f788cbc235723fdaf8a569015125590a2f7d9ed455537a1f4312
#6 resolve 127.0.0.1:30050/platform-upgrade/eclipse-temurin:21-jre-local@sha256:69bc3d67c3f9f788cbc235723fdaf8a569015125590a2f7d9ed455537a1f4312 0.0s done
#6 DONE 0.0s

#7 [internal] load build context
#7 transferring context: 68.32MB 0.2s done
#7 DONE 0.2s

#8 [linux/amd64 2/3] WORKDIR /app
#8 CACHED

#9 [linux/arm64 2/3] WORKDIR /app
#9 CACHED

#10 [linux/amd64 3/3] COPY target/spring-petclinic-4.0.0-SNAPSHOT.jar app.jar
#10 DONE 0.3s

#11 [linux/arm64 3/3] COPY target/spring-petclinic-4.0.0-SNAPSHOT.jar app.jar
#11 DONE 0.3s

#12 exporting to image
#12 exporting layers
#12 exporting layers 2.7s done
#12 exporting manifest sha256:2ab60524646613813765440f28c9df8d962875dcd594f81fa2e2dd428bfd8d8f done
#12 exporting config sha256:ed201268320eccc3d2e3c7dfc868a587fad9445c16e5a787bc932f30fa677525 0.0s done
#12 exporting attestation manifest sha256:a01ccf833f3e200e47ef023a262e5793436e45e7c67f66b16f8f8685ae0dae49 0.0s done
#12 exporting manifest sha256:2b9d198ea14a8be0a5639a54e40380f9b7a9faa462963d3dc2b775c2db2dd98d 0.0s done
#12 exporting config sha256:2a641126a5bedefb9c11265b669d07549f3116b667fdbc9a0e233a683508cebc 0.0s done
#12 exporting attestation manifest sha256:5d02baab64badbda7e51f059979465700949c6c4a02e5f9a977248973c2b69da 0.0s done
#12 exporting manifest list sha256:488526fac9b9f0ee58622239c3387319dcd4c42811ce6a2b9de27420b9d5f3e9 0.0s done
#12 naming to 127.0.0.1:30050/petclinic/petclinic:0.5.0-ci-78 done
#12 DONE 3.0s

#12 exporting to image
#12 pushing layers
#12 pushing layers 0.4s done
#12 pushing manifest for 127.0.0.1:30050/petclinic/petclinic:0.5.0-ci-78@sha256:488526fac9b9f0ee58622239c3387319dcd4c42811ce6a2b9de27420b9d5f3e9
#12 pushing manifest for 127.0.0.1:30050/petclinic/petclinic:0.5.0-ci-78@sha256:488526fac9b9f0ee58622239c3387319dcd4c42811ce6a2b9de27420b9d5f3e9 0.1s done
#12 DONE 3.5s
[Pipeline] }
[Pipeline] // stage
[Pipeline] stage
[Pipeline] { (Registry Verify)
[Pipeline] sh
+ echo ===== REGISTRY TAG VERIFY =====
===== REGISTRY TAG VERIFY =====
+ curl -fsS http://10.0.0.3:30050/v2/petclinic/petclinic/tags/list
{"name":"petclinic/petclinic","tags":["0.4.0-ci-38","0.4.0-ci-43","0.4.0-ci-57","0.4.0-ci-24","0.4.0-ci-16","0.4.0-ci-10","0.4.0-ci-33","0.4.0-ci-66","0.4.0-ci-65","0.4.0-ci-71","0.4.0-ci-54","0.4.0-ci-35","0.4.0-ci-51","0.4.0-ci-64","0.4.0-ci-25","0.4.0-ci-73","0.4.0-ci-28","0.4.0-ci-53","0.2.0","0.4.0-multiarch-lab","0.4.0-ci-11","0.4.0-ci-56","0.4.0-ci-75","0.4.0-ci-72","0.4.0-ci-29","0.4.0-ci-45","0.4.0-ci-41","0.3.0","0.4.0-ci-55","0.4.0-ci-18","0.4.0-ci-17","0.4.0-ci-36","0.4.0-ci-74","0.4.0-ci-7","0.4.0-ci-34","v1.24-multiarch-audit","0.4.0-ci-60","0.4.0-ci-44","0.4.0-ci-20","0.5.0-ci-77","0.4.0-ci-19","0.4.0-ci","0.4.0-ci-40","0.4.0-ci-39","0.4.0-ci-46","0.4.0-ci-50","0.4.0-ci-52","0.5.0-ci-78","0.4.0-ci-13","0.4.0-ci-5","0.4.0-ci-23","0.4.0-ci-63","0.4.0-ci-32","0.4.0-ci-61","0.4.0-ci-49","0.4.0-ci-70","0.1.0","0.4.0-ci-42","0.4.0-ci-12","0.4.0-ci-67","0.4.0-ci-31","0.4.0-ci-69","0.4.0-ci-58","0.4.0-ci-26","0.4.0-ci-48","0.4.0-ci-22","0.4.0-ci-21","0.4.0-ci-27"]}
+ echo

+ echo

+ echo ===== OCI INDEX VERIFY =====
===== OCI INDEX VERIFY =====
+ curl -fsS -H Accept: application/vnd.oci.image.index.v1+json http://10.0.0.3:30050/v2/petclinic/petclinic/manifests/0.5.0-ci-78
+ MANIFEST={
  "schemaVersion": 2,
  "mediaType": "application/vnd.oci.image.index.v1+json",
  "manifests": [
    {
      "mediaType": "application/vnd.oci.image.manifest.v1+json",
      "digest": "sha256:2ab60524646613813765440f28c9df8d962875dcd594f81fa2e2dd428bfd8d8f",
      "size": 863,
      "platform": {
        "architecture": "amd64",
        "os": "linux"
      }
    },
    {
      "mediaType": "application/vnd.oci.image.manifest.v1+json",
      "digest": "sha256:2b9d198ea14a8be0a5639a54e40380f9b7a9faa462963d3dc2b775c2db2dd98d",
      "size": 1813,
      "platform": {
        "architecture": "arm64",
        "os": "linux"
      }
    },
    {
      "mediaType": "application/vnd.oci.image.manifest.v1+json",
      "digest": "sha256:a01ccf833f3e200e47ef023a262e5793436e45e7c67f66b16f8f8685ae0dae49",
      "size": 564,
      "annotations": {
        "vnd.docker.reference.digest": "sha256:2ab60524646613813765440f28c9df8d962875dcd594f81fa2e2dd428bfd8d8f",
        "vnd.docker.reference.type": "attestation-manifest"
      },
      "platform": {
        "architecture": "unknown",
        "os": "unknown"
      }
    },
    {
      "mediaType": "application/vnd.oci.image.manifest.v1+json",
      "digest": "sha256:5d02baab64badbda7e51f059979465700949c6c4a02e5f9a977248973c2b69da",
      "size": 564,
      "annotations": {
        "vnd.docker.reference.digest": "sha256:2b9d198ea14a8be0a5639a54e40380f9b7a9faa462963d3dc2b775c2db2dd98d",
        "vnd.docker.reference.type": "attestation-manifest"
      },
      "platform": {
        "architecture": "unknown",
        "os": "unknown"
      }
    }
  ]
}
+ echo {
  "schemaVersion": 2,
  "mediaType": "application/vnd.oci.image.index.v1+json",
  "manifests": [
    {
      "mediaType": "application/vnd.oci.image.manifest.v1+json",
      "digest": "sha256:2ab60524646613813765440f28c9df8d962875dcd594f81fa2e2dd428bfd8d8f",
      "size": 863,
      "platform": {
        "architecture": "amd64",
        "os": "linux"
      }
    },
    {
      "mediaType": "application/vnd.oci.image.manifest.v1+json",
      "digest": "sha256:2b9d198ea14a8be0a5639a54e40380f9b7a9faa462963d3dc2b775c2db2dd98d",
      "size": 1813,
      "platform": {
        "architecture": "arm64",
        "os": "linux"
      }
    },
    {
      "mediaType": "application/vnd.oci.image.manifest.v1+json",
      "digest": "sha256:a01ccf833f3e200e47ef023a262e5793436e45e7c67f66b16f8f8685ae0dae49",
      "size": 564,
      "annotations": {
        "vnd.docker.reference.digest": "sha256:2ab60524646613813765440f28c9df8d962875dcd594f81fa2e2dd428bfd8d8f",
        "vnd.docker.reference.type": "attestation-manifest"
      },
      "platform": {
        "architecture": "unknown",
        "os": "unknown"
      }
    },
    {
      "mediaType": "application/vnd.oci.image.manifest.v1+json",
      "digest": "sha256:5d02baab64badbda7e51f059979465700949c6c4a02e5f9a977248973c2b69da",
      "size": 564,
      "annotations": {
        "vnd.docker.reference.digest": "sha256:2b9d198ea14a8be0a5639a54e40380f9b7a9faa462963d3dc2b775c2db2dd98d",
        "vnd.docker.reference.type": "attestation-manifest"
      },
      "platform": {
        "architecture": "unknown",
        "os": "unknown"
      }
    }
  ]
}
{
  "schemaVersion": 2,
  "mediaType": "application/vnd.oci.image.index.v1+json",
  "manifests": [
    {
      "mediaType": "application/vnd.oci.image.manifest.v1+json",
      "digest": "sha256:2ab60524646613813765440f28c9df8d962875dcd594f81fa2e2dd428bfd8d8f",
      "size": 863,
      "platform": {
        "architecture": "amd64",
        "os": "linux"
      }
    },
    {
      "mediaType": "application/vnd.oci.image.manifest.v1+json",
      "digest": "sha256:2b9d198ea14a8be0a5639a54e40380f9b7a9faa462963d3dc2b775c2db2dd98d",
      "size": 1813,
      "platform": {
        "architecture": "arm64",
        "os": "linux"
      }
    },
    {
      "mediaType": "application/vnd.oci.image.manifest.v1+json",
      "digest": "sha256:a01ccf833f3e200e47ef023a262e5793436e45e7c67f66b16f8f8685ae0dae49",
      "size": 564,
      "annotations": {
        "vnd.docker.reference.digest": "sha256:2ab60524646613813765440f28c9df8d962875dcd594f81fa2e2dd428bfd8d8f",
        "vnd.docker.reference.type": "attestation-manifest"
      },
      "platform": {
        "architecture": "unknown",
        "os": "unknown"
      }
    },
    {
      "mediaType": "application/vnd.oci.image.manifest.v1+json",
      "digest": "sha256:5d02baab64badbda7e51f059979465700949c6c4a02e5f9a977248973c2b69da",
      "size": 564,
      "annotations": {
        "vnd.docker.reference.digest": "sha256:2b9d198ea14a8be0a5639a54e40380f9b7a9faa462963d3dc2b775c2db2dd98d",
        "vnd.docker.reference.type": "attestation-manifest"
      },
      "platform": {
        "architecture": "unknown",
        "os": "unknown"
      }
    }
  ]
}
+ echo

+ echo ===== PLATFORM VERIFY =====
===== PLATFORM VERIFY =====
+ echo {
  "schemaVersion": 2,
  "mediaType": "application/vnd.oci.image.index.v1+json",
  "manifests": [
    {
      "mediaType": "application/vnd.oci.image.manifest.v1+json",
      "digest": "sha256:2ab60524646613813765440f28c9df8d962875dcd594f81fa2e2dd428bfd8d8f",
      "size": 863,
      "platform": {
        "architecture": "amd64",
        "os": "linux"
      }
    },
    {
      "mediaType": "application/vnd.oci.image.manifest.v1+json",
      "digest": "sha256:2b9d198ea14a8be0a5639a54e40380f9b7a9faa462963d3dc2b775c2db2dd98d",
      "size": 1813,
      "platform": {
        "architecture": "arm64",
        "os": "linux"
      }
    },
    {
      "mediaType": "application/vnd.oci.image.manifest.v1+json",
      "digest": "sha256:a01ccf833f3e200e47ef023a262e5793436e45e7c67f66b16f8f8685ae0dae49",
      "size": 564,
      "annotations": {
        "vnd.docker.reference.digest": "sha256:2ab60524646613813765440f28c9df8d962875dcd594f81fa2e2dd428bfd8d8f",
        "vnd.docker.reference.type": "attestation-manifest"
      },
      "platform": {
        "architecture": "unknown",
        "os": "unknown"
      }
    },
    {
      "mediaType": "application/vnd.oci.image.manifest.v1+json",
      "digest": "sha256:5d02baab64badbda7e51f059979465700949c6c4a02e5f9a977248973c2b69da",
      "size": 564,
      "annotations": {
        "vnd.docker.reference.digest": "sha256:2b9d198ea14a8be0a5639a54e40380f9b7a9faa462963d3dc2b775c2db2dd98d",
        "vnd.docker.reference.type": "attestation-manifest"
      },
      "platform": {
        "architecture": "unknown",
        "os": "unknown"
      }
    }
  ]
}
+ grep -Eq "architecture"[[:space:]]*:[[:space:]]*"amd64"
+ echo linux/amd64: OK
linux/amd64: OK
+ + echo {
  "schemaVersion": 2,
  "mediaType": "application/vnd.oci.image.index.v1+json",
  "manifests": [
    {
      "mediaType": "application/vnd.oci.image.manifest.v1+json",
      "digest": "sha256:2ab60524646613813765440f28c9df8d962875dcd594f81fa2e2dd428bfd8d8f",
      "size": 863,
      "platform": {
        "architecture": "amd64",
        "os": "linux"
      }
    },
    {
      "mediaType": "application/vnd.oci.image.manifest.v1+json",
      "digest": "sha256:2b9d198ea14a8be0a5639a54e40380f9b7a9faa462963d3dc2b775c2db2dd98d",
      "size": 1813,
      "platform": {
        "architecture": "arm64",
        "os": "linux"
      }
    },
    {
      "mediaType": "application/vnd.oci.image.manifest.v1+json",
      "digest": "sha256:a01ccf833f3e200e47ef023a262e5793436e45e7c67f66b16f8f8685ae0dae49",
      "size": 564,
      "annotations": {
        "vnd.docker.reference.digest": "sha256:2ab60524646613813765440f28c9df8d962875dcd594f81fa2e2dd428bfd8d8f",
        "vnd.docker.reference.type": "attestation-manifest"
      },
      "platform": {
        "architecture": "unknown",
        "os": "unknown"
      }
    },
    {
      "mediaType": "application/vnd.oci.image.manifest.v1+json",
      "digest": "sha256:5d02baab64badbda7e51f059979465700949c6c4a02e5f9a977248973c2b69da",
      "size": 564,
      "annotations": {
        "vnd.docker.reference.digest": "sha256:2b9d198ea14a8be0a5639a54e40380f9b7a9faa462963d3dc2b775c2db2dd98d",
        "vnd.docker.reference.type": "attestation-manifest"
      },
      "platform": {
        "architecture": "unknown",
        "os": "unknown"
      }
    }
  ]
}
grep -Eq "architecture"[[:space:]]*:[[:space:]]*"arm64"
+ echo linux/arm64: OK
linux/arm64: OK
[Pipeline] }
[Pipeline] // stage
[Pipeline] stage
[Pipeline] { (Git Promotion)
[Pipeline] withCredentials
Masking supported pattern matches of $GITHUB_SSH_KEY
[Pipeline] {
[Pipeline] sh
+ set -eu
+ echo ===== GIT IMAGE PROMOTION =====
===== GIT IMAGE PROMOTION =====
+ export GIT_SSH_COMMAND=ssh -i **** -o IdentitiesOnly=yes -o StrictHostKeyChecking=yes -o UserKnownHostsFile=/var/jenkins_home/.ssh/known_hosts
+ MANIFEST=k8s/production/petclinic.yaml
+ cat .git-sha
+ SOURCE_GIT_SHA=9436e344a9b5ff2719fce99bd3cc5c5ca0e1b26d
+ echo

+ echo ===== FETCH REMOTE MAIN =====
===== FETCH REMOTE MAIN =====
+ FETCH_OK=false
+ git fetch origin main
From github.com:yipintangzsp/spring-petclinic
 * branch            main       -> FETCH_HEAD
+ FETCH_OK=true
+ break
+ [ true != true ]
+ git rev-parse refs/remotes/origin/main
+ REMOTE_MAIN_SHA=9436e344a9b5ff2719fce99bd3cc5c5ca0e1b26d
+ echo SOURCE_GIT_SHA=9436e344a9b5ff2719fce99bd3cc5c5ca0e1b26d
SOURCE_GIT_SHA=9436e344a9b5ff2719fce99bd3cc5c5ca0e1b26d
+ echo REMOTE_MAIN_SHA=9436e344a9b5ff2719fce99bd3cc5c5ca0e1b26d
REMOTE_MAIN_SHA=9436e344a9b5ff2719fce99bd3cc5c5ca0e1b26d
+ [ 9436e344a9b5ff2719fce99bd3cc5c5ca0e1b26d != 9436e344a9b5ff2719fce99bd3cc5c5ca0e1b26d ]
+ echo

+ echo ===== CHECKOUT PROMOTION BRANCH =====
===== CHECKOUT PROMOTION BRANCH =====
+ git checkout -B main refs/remotes/origin/main
Switched to and reset branch 'main'
branch 'main' set up to track 'origin/main'.
Your branch is up to date with 'origin/main'.
+ echo

+ echo ===== CURRENT MANIFEST IMAGE =====
===== CURRENT MANIFEST IMAGE =====
+ grep -E ^[[:space:]]*image:[[:space:]]+10\.0\.0\.3:30050/petclinic/petclinic: k8s/production/petclinic.yaml
          image: 10.0.0.3:30050/petclinic/petclinic:0.5.0-ci-77
+ grep -Ec ^[[:space:]]*image:[[:space:]]+10\.0\.0\.3:30050/petclinic/petclinic: k8s/production/petclinic.yaml
+ IMAGE_LINE_COUNT=1
+ echo IMAGE_LINE_COUNT=1
IMAGE_LINE_COUNT=1
+ [ 1 -ne 1 ]
+ echo

+ echo ===== PROMOTE IMAGE =====
===== PROMOTE IMAGE =====
+ sed -i -E s#^([[:space:]]*)image:[[:space:]]+10\.0\.0\.3:30050/petclinic/petclinic:.*#\1image: 10.0.0.3:30050/petclinic/petclinic:0.5.0-ci-78# k8s/production/petclinic.yaml
+ date -u +%Y-%m-%dT%H:%M:%SZ
+ BUILD_TIME_UTC=2026-09-30T06:53:16Z
+ sed -i -E /name: APPLICATION_VERSION/{n;s#^([[:space:]]*)value:.*#\1value: '0.5.0-ci-78'#;} k8s/production/petclinic.yaml
+ sed -i -E /name: BUILD_NUMBER/{n;s#^([[:space:]]*)value:.*#\1value: '78'#;} k8s/production/petclinic.yaml
+ sed -i -E /name: BUILD_GIT_COMMIT/{n;s#^([[:space:]]*)value:.*#\1value: '9436e344a9b5ff2719fce99bd3cc5c5ca0e1b26d'#;} k8s/production/petclinic.yaml
+ sed -i -E /name: BUILD_TIME/{n;s#^([[:space:]]*)value:.*#\1value: '2026-09-30T06:53:16Z'#;} k8s/production/petclinic.yaml
+ echo

+ echo ===== PROMOTED MANIFEST IMAGE =====
===== PROMOTED MANIFEST IMAGE =====
+ grep -E ^[[:space:]]*image: k8s/production/petclinic.yaml
          image: 10.0.0.3:30050/petclinic/petclinic:0.5.0-ci-78
+ grep -A1 -E name: (APPLICATION_VERSION|BUILD_NUMBER|BUILD_GIT_COMMIT|BUILD_TIME) k8s/production/petclinic.yaml
            - name: APPLICATION_VERSION
              value: '0.5.0-ci-78'
            - name: BUILD_NUMBER
              value: '78'
            - name: BUILD_GIT_COMMIT
              value: '9436e344a9b5ff2719fce99bd3cc5c5ca0e1b26d'
            - name: BUILD_TIME
              value: '2026-09-30T06:53:16Z'
+ echo

+ echo ===== PROMOTION DIFF =====
===== PROMOTION DIFF =====
+ git diff -- k8s/production/petclinic.yaml
diff --git a/k8s/production/petclinic.yaml b/k8s/production/petclinic.yaml
index 661076b..817c82d 100644
--- a/k8s/production/petclinic.yaml
+++ b/k8s/production/petclinic.yaml
@@ -52,7 +52,7 @@ spec:
 
       containers:
         - name: petclinic
-          image: 10.0.0.3:30050/petclinic/petclinic:0.5.0-ci-77
+          image: 10.0.0.3:30050/petclinic/petclinic:0.5.0-ci-78
           imagePullPolicy: IfNotPresent
 
           securityContext:
@@ -68,13 +68,13 @@ spec:
           env:
             # Updated together with the immutable image tag by Jenkins Git promotion.
             - name: APPLICATION_VERSION
-              value: '0.5.0-ci-77'
+              value: '0.5.0-ci-78'
             - name: BUILD_NUMBER
-              value: '77'
+              value: '78'
             - name: BUILD_GIT_COMMIT
-              value: '3f311a8c16cfe0d9d9a260fc0700ce91c7671d2a'
+              value: '9436e344a9b5ff2719fce99bd3cc5c5ca0e1b26d'
             - name: BUILD_TIME
-              value: '2026-09-30T06:06:54Z'
+              value: '2026-09-30T06:53:16Z'
 
             - name: SPRING_PROFILES_ACTIVE
               valueFrom:
+ git diff --quiet -- k8s/production/petclinic.yaml
+ git config user.name jenkins-petclinic-ci
+ git config user.email jenkins-petclinic-ci@users.noreply.github.com
+ git add k8s/production/petclinic.yaml
+ git commit -m cd: promote petclinic image to 0.5.0-ci-78
[main 3279e7a] cd: promote petclinic image to 0.5.0-ci-78
 1 file changed, 5 insertions(+), 5 deletions(-)
+ echo

+ echo ===== PUSH PROMOTION =====
===== PUSH PROMOTION =====
+ git push origin main:main
To github.com:yipintangzsp/spring-petclinic.git
   9436e34..3279e7a  main -> main
+ echo

+ echo GIT_PROMOTION=OK
GIT_PROMOTION=OK
+ git log -1 --oneline
3279e7a cd: promote petclinic image to 0.5.0-ci-78
[Pipeline] }
[Pipeline] // withCredentials
[Pipeline] }
[Pipeline] // stage
[Pipeline] stage
[Pipeline] { (Wait for ArgoCD Sync)
[Pipeline] sh
+ set -eu
+ echo ===== WAIT FOR ARGOCD SYNC =====
===== WAIT FOR ARGOCD SYNC =====
+ git rev-parse HEAD
+ TARGET_GIT_SHA=3279e7a3231c6e3bd91b97516d81fc2db1b9c77e
+ echo TARGET_GIT_SHA=3279e7a3231c6e3bd91b97516d81fc2db1b9c77e
TARGET_GIT_SHA=3279e7a3231c6e3bd91b97516d81fc2db1b9c77e
+ echo TARGET_IMAGE=10.0.0.3:30050/petclinic/petclinic:0.5.0-ci-78
TARGET_IMAGE=10.0.0.3:30050/petclinic/petclinic:0.5.0-ci-78
+ printf %s 3279e7a3231c6e3bd91b97516d81fc2db1b9c77e
+ touch .deploy-started
+ sync_ok=0
+ seq 1 180
+ kubectl -n argocd get application petclinic -o jsonpath={.status.sync.status}
+ ARGO_SYNC=Synced
+ kubectl -n argocd get application petclinic -o jsonpath={.status.health.status}
+ ARGO_HEALTH=Healthy
+ kubectl -n argocd get application petclinic -o jsonpath={.status.sync.revision}
+ ARGO_REVISION=91d34528360248d2bcefa37a88627e74a7a7f4db
+ echo ARGO_CHECK=1 SYNC=Synced HEALTH=Healthy REVISION=91d34528360248d2bcefa37a88627e74a7a7f4db
ARGO_CHECK=1 SYNC=Synced HEALTH=Healthy REVISION=91d34528360248d2bcefa37a88627e74a7a7f4db
+ [ Synced = Synced ]
+ [ Healthy = Healthy ]
+ [ 91d34528360248d2bcefa37a88627e74a7a7f4db = 3279e7a3231c6e3bd91b97516d81fc2db1b9c77e ]
+ sleep 5
+ kubectl -n argocd get application petclinic -o jsonpath={.status.sync.status}
+ ARGO_SYNC=Synced
+ kubectl -n argocd get application petclinic -o jsonpath={.status.health.status}
+ ARGO_HEALTH=Healthy
+ kubectl -n argocd get application petclinic -o jsonpath={.status.sync.revision}
+ ARGO_REVISION=91d34528360248d2bcefa37a88627e74a7a7f4db
+ echo ARGO_CHECK=2 SYNC=Synced HEALTH=Healthy REVISION=91d34528360248d2bcefa37a88627e74a7a7f4db
ARGO_CHECK=2 SYNC=Synced HEALTH=Healthy REVISION=91d34528360248d2bcefa37a88627e74a7a7f4db
+ [ Synced = Synced ]
+ [ Healthy = Healthy ]
+ [ 91d34528360248d2bcefa37a88627e74a7a7f4db = 3279e7a3231c6e3bd91b97516d81fc2db1b9c77e ]
+ sleep 5
+ kubectl -n argocd get application petclinic -o jsonpath={.status.sync.status}
+ ARGO_SYNC=Synced
+ kubectl -n argocd get application petclinic -o jsonpath={.status.health.status}
+ ARGO_HEALTH=Healthy
+ kubectl -n argocd get application petclinic -o jsonpath={.status.sync.revision}
+ ARGO_REVISION=91d34528360248d2bcefa37a88627e74a7a7f4db
+ echo ARGO_CHECK=3 SYNC=Synced HEALTH=Healthy REVISION=91d34528360248d2bcefa37a88627e74a7a7f4db
ARGO_CHECK=3 SYNC=Synced HEALTH=Healthy REVISION=91d34528360248d2bcefa37a88627e74a7a7f4db
+ [ Synced = Synced ]
+ [ Healthy = Healthy ]
+ [ 91d34528360248d2bcefa37a88627e74a7a7f4db = 3279e7a3231c6e3bd91b97516d81fc2db1b9c77e ]
+ sleep 5
+ kubectl -n argocd get application petclinic -o jsonpath={.status.sync.status}
+ ARGO_SYNC=Synced
+ kubectl -n argocd get application petclinic -o jsonpath={.status.health.status}
+ ARGO_HEALTH=Healthy
+ kubectl -n argocd get application petclinic -o jsonpath={.status.sync.revision}
+ ARGO_REVISION=91d34528360248d2bcefa37a88627e74a7a7f4db
+ echo ARGO_CHECK=4 SYNC=Synced HEALTH=Healthy REVISION=91d34528360248d2bcefa37a88627e74a7a7f4db
ARGO_CHECK=4 SYNC=Synced HEALTH=Healthy REVISION=91d34528360248d2bcefa37a88627e74a7a7f4db
+ [ Synced = Synced ]
+ [ Healthy = Healthy ]
+ [ 91d34528360248d2bcefa37a88627e74a7a7f4db = 3279e7a3231c6e3bd91b97516d81fc2db1b9c77e ]
+ sleep 5
+ kubectl -n argocd get application petclinic -o jsonpath={.status.sync.status}
+ ARGO_SYNC=Synced
+ kubectl -n argocd get application petclinic -o jsonpath={.status.health.status}
+ ARGO_HEALTH=Healthy
+ kubectl -n argocd get application petclinic -o jsonpath={.status.sync.revision}
+ ARGO_REVISION=91d34528360248d2bcefa37a88627e74a7a7f4db
+ echo ARGO_CHECK=5 SYNC=Synced HEALTH=Healthy REVISION=91d34528360248d2bcefa37a88627e74a7a7f4db
ARGO_CHECK=5 SYNC=Synced HEALTH=Healthy REVISION=91d34528360248d2bcefa37a88627e74a7a7f4db
+ [ Synced = Synced ]
+ [ Healthy = Healthy ]
+ [ 91d34528360248d2bcefa37a88627e74a7a7f4db = 3279e7a3231c6e3bd91b97516d81fc2db1b9c77e ]
+ sleep 5
+ kubectl -n argocd get application petclinic -o jsonpath={.status.sync.status}
+ ARGO_SYNC=Synced
+ kubectl -n argocd get application petclinic -o jsonpath={.status.health.status}
+ ARGO_HEALTH=Healthy
+ kubectl -n argocd get application petclinic -o jsonpath={.status.sync.revision}
+ ARGO_REVISION=91d34528360248d2bcefa37a88627e74a7a7f4db
+ echo ARGO_CHECK=6 SYNC=Synced HEALTH=Healthy REVISION=91d34528360248d2bcefa37a88627e74a7a7f4db
ARGO_CHECK=6 SYNC=Synced HEALTH=Healthy REVISION=91d34528360248d2bcefa37a88627e74a7a7f4db
+ [ Synced = Synced ]
+ [ Healthy = Healthy ]
+ [ 91d34528360248d2bcefa37a88627e74a7a7f4db = 3279e7a3231c6e3bd91b97516d81fc2db1b9c77e ]
+ sleep 5
+ kubectl -n argocd get application petclinic -o jsonpath={.status.sync.status}
+ ARGO_SYNC=Synced
+ kubectl -n argocd get application petclinic -o jsonpath={.status.health.status}
+ ARGO_HEALTH=Healthy
+ kubectl -n argocd get application petclinic -o jsonpath={.status.sync.revision}
+ ARGO_REVISION=91d34528360248d2bcefa37a88627e74a7a7f4db
+ echo ARGO_CHECK=7 SYNC=Synced HEALTH=Healthy REVISION=91d34528360248d2bcefa37a88627e74a7a7f4db
ARGO_CHECK=7 SYNC=Synced HEALTH=Healthy REVISION=91d34528360248d2bcefa37a88627e74a7a7f4db
+ [ Synced = Synced ]
+ [ Healthy = Healthy ]
+ [ 91d34528360248d2bcefa37a88627e74a7a7f4db = 3279e7a3231c6e3bd91b97516d81fc2db1b9c77e ]
+ sleep 5
+ kubectl -n argocd get application petclinic -o jsonpath={.status.sync.status}
+ ARGO_SYNC=Synced
+ kubectl -n argocd get application petclinic -o jsonpath={.status.health.status}
+ ARGO_HEALTH=Healthy
+ kubectl -n argocd get application petclinic -o jsonpath={.status.sync.revision}
+ ARGO_REVISION=91d34528360248d2bcefa37a88627e74a7a7f4db
+ echo ARGO_CHECK=8 SYNC=Synced HEALTH=Healthy REVISION=91d34528360248d2bcefa37a88627e74a7a7f4db
ARGO_CHECK=8 SYNC=Synced HEALTH=Healthy REVISION=91d34528360248d2bcefa37a88627e74a7a7f4db
+ [ Synced = Synced ]
+ [ Healthy = Healthy ]
+ [ 91d34528360248d2bcefa37a88627e74a7a7f4db = 3279e7a3231c6e3bd91b97516d81fc2db1b9c77e ]
+ sleep 5
+ kubectl -n argocd get application petclinic -o jsonpath={.status.sync.status}
+ ARGO_SYNC=Synced
+ kubectl -n argocd get application petclinic -o jsonpath={.status.health.status}
+ ARGO_HEALTH=Healthy
+ kubectl -n argocd get application petclinic -o jsonpath={.status.sync.revision}
+ ARGO_REVISION=91d34528360248d2bcefa37a88627e74a7a7f4db
+ echo ARGO_CHECK=9 SYNC=Synced HEALTH=Healthy REVISION=91d34528360248d2bcefa37a88627e74a7a7f4db
ARGO_CHECK=9 SYNC=Synced HEALTH=Healthy REVISION=91d34528360248d2bcefa37a88627e74a7a7f4db
+ [ Synced = Synced ]
+ [ Healthy = Healthy ]
+ [ 91d34528360248d2bcefa37a88627e74a7a7f4db = 3279e7a3231c6e3bd91b97516d81fc2db1b9c77e ]
+ sleep 5
+ kubectl -n argocd get application petclinic -o jsonpath={.status.sync.status}
+ ARGO_SYNC=Synced
+ kubectl -n argocd get application petclinic -o jsonpath={.status.health.status}
+ ARGO_HEALTH=Healthy
+ kubectl -n argocd get application petclinic -o jsonpath={.status.sync.revision}
+ ARGO_REVISION=91d34528360248d2bcefa37a88627e74a7a7f4db
+ echo ARGO_CHECK=10 SYNC=Synced HEALTH=Healthy REVISION=91d34528360248d2bcefa37a88627e74a7a7f4db
ARGO_CHECK=10 SYNC=Synced HEALTH=Healthy REVISION=91d34528360248d2bcefa37a88627e74a7a7f4db
+ [ Synced = Synced ]
+ [ Healthy = Healthy ]
+ [ 91d34528360248d2bcefa37a88627e74a7a7f4db = 3279e7a3231c6e3bd91b97516d81fc2db1b9c77e ]
+ sleep 5
+ kubectl -n argocd get application petclinic -o jsonpath={.status.sync.status}
+ ARGO_SYNC=Synced
+ kubectl -n argocd get application petclinic -o jsonpath={.status.health.status}
+ ARGO_HEALTH=Healthy
+ kubectl -n argocd get application petclinic -o jsonpath={.status.sync.revision}
+ ARGO_REVISION=91d34528360248d2bcefa37a88627e74a7a7f4db
+ echo ARGO_CHECK=11 SYNC=Synced HEALTH=Healthy REVISION=91d34528360248d2bcefa37a88627e74a7a7f4db
ARGO_CHECK=11 SYNC=Synced HEALTH=Healthy REVISION=91d34528360248d2bcefa37a88627e74a7a7f4db
+ [ Synced = Synced ]
+ [ Healthy = Healthy ]
+ [ 91d34528360248d2bcefa37a88627e74a7a7f4db = 3279e7a3231c6e3bd91b97516d81fc2db1b9c77e ]
+ sleep 5
+ kubectl -n argocd get application petclinic -o jsonpath={.status.sync.status}
+ ARGO_SYNC=Synced
+ kubectl -n argocd get application petclinic -o jsonpath={.status.health.status}
+ ARGO_HEALTH=Healthy
+ kubectl -n argocd get application petclinic -o jsonpath={.status.sync.revision}
+ ARGO_REVISION=91d34528360248d2bcefa37a88627e74a7a7f4db
+ echo ARGO_CHECK=12 SYNC=Synced HEALTH=Healthy REVISION=91d34528360248d2bcefa37a88627e74a7a7f4db
ARGO_CHECK=12 SYNC=Synced HEALTH=Healthy REVISION=91d34528360248d2bcefa37a88627e74a7a7f4db
+ [ Synced = Synced ]
+ [ Healthy = Healthy ]
+ [ 91d34528360248d2bcefa37a88627e74a7a7f4db = 3279e7a3231c6e3bd91b97516d81fc2db1b9c77e ]
+ sleep 5
+ kubectl -n argocd get application petclinic -o jsonpath={.status.sync.status}
+ ARGO_SYNC=Synced
+ kubectl -n argocd get application petclinic -o jsonpath={.status.health.status}
+ ARGO_HEALTH=Healthy
+ kubectl -n argocd get application petclinic -o jsonpath={.status.sync.revision}
+ ARGO_REVISION=91d34528360248d2bcefa37a88627e74a7a7f4db
+ echo ARGO_CHECK=13 SYNC=Synced HEALTH=Healthy REVISION=91d34528360248d2bcefa37a88627e74a7a7f4db
ARGO_CHECK=13 SYNC=Synced HEALTH=Healthy REVISION=91d34528360248d2bcefa37a88627e74a7a7f4db
+ [ Synced = Synced ]
+ [ Healthy = Healthy ]
+ [ 91d34528360248d2bcefa37a88627e74a7a7f4db = 3279e7a3231c6e3bd91b97516d81fc2db1b9c77e ]
+ sleep 5
+ kubectl -n argocd get application petclinic -o jsonpath={.status.sync.status}
+ ARGO_SYNC=Synced
+ kubectl -n argocd get application petclinic -o jsonpath={.status.health.status}
+ ARGO_HEALTH=Healthy
+ kubectl -n argocd get application petclinic -o jsonpath={.status.sync.revision}
+ ARGO_REVISION=91d34528360248d2bcefa37a88627e74a7a7f4db
+ echo ARGO_CHECK=14 SYNC=Synced HEALTH=Healthy REVISION=91d34528360248d2bcefa37a88627e74a7a7f4db
ARGO_CHECK=14 SYNC=Synced HEALTH=Healthy REVISION=91d34528360248d2bcefa37a88627e74a7a7f4db
+ [ Synced = Synced ]
+ [ Healthy = Healthy ]
+ [ 91d34528360248d2bcefa37a88627e74a7a7f4db = 3279e7a3231c6e3bd91b97516d81fc2db1b9c77e ]
+ sleep 5
+ kubectl -n argocd get application petclinic -o jsonpath={.status.sync.status}
+ ARGO_SYNC=Synced
+ kubectl -n argocd get application petclinic -o jsonpath={.status.health.status}
+ ARGO_HEALTH=Healthy
+ kubectl -n argocd get application petclinic -o jsonpath={.status.sync.revision}
+ ARGO_REVISION=91d34528360248d2bcefa37a88627e74a7a7f4db
+ echo ARGO_CHECK=15 SYNC=Synced HEALTH=Healthy REVISION=91d34528360248d2bcefa37a88627e74a7a7f4db
ARGO_CHECK=15 SYNC=Synced HEALTH=Healthy REVISION=91d34528360248d2bcefa37a88627e74a7a7f4db
+ [ Synced = Synced ]
+ [ Healthy = Healthy ]
+ [ 91d34528360248d2bcefa37a88627e74a7a7f4db = 3279e7a3231c6e3bd91b97516d81fc2db1b9c77e ]
+ sleep 5
+ kubectl -n argocd get application petclinic -o jsonpath={.status.sync.status}
+ ARGO_SYNC=Synced
+ kubectl -n argocd get application petclinic -o jsonpath={.status.health.status}
+ ARGO_HEALTH=Healthy
+ kubectl -n argocd get application petclinic -o jsonpath={.status.sync.revision}
+ ARGO_REVISION=91d34528360248d2bcefa37a88627e74a7a7f4db
+ echo ARGO_CHECK=16 SYNC=Synced HEALTH=Healthy REVISION=91d34528360248d2bcefa37a88627e74a7a7f4db
ARGO_CHECK=16 SYNC=Synced HEALTH=Healthy REVISION=91d34528360248d2bcefa37a88627e74a7a7f4db
+ [ Synced = Synced ]
+ [ Healthy = Healthy ]
+ [ 91d34528360248d2bcefa37a88627e74a7a7f4db = 3279e7a3231c6e3bd91b97516d81fc2db1b9c77e ]
+ sleep 5
+ kubectl -n argocd get application petclinic -o jsonpath={.status.sync.status}
+ ARGO_SYNC=Synced
+ kubectl -n argocd get application petclinic -o jsonpath={.status.health.status}
+ ARGO_HEALTH=Healthy
+ kubectl -n argocd get application petclinic -o jsonpath={.status.sync.revision}
+ ARGO_REVISION=91d34528360248d2bcefa37a88627e74a7a7f4db
+ echo ARGO_CHECK=17 SYNC=Synced HEALTH=Healthy REVISION=91d34528360248d2bcefa37a88627e74a7a7f4db
ARGO_CHECK=17 SYNC=Synced HEALTH=Healthy REVISION=91d34528360248d2bcefa37a88627e74a7a7f4db
+ [ Synced = Synced ]
+ [ Healthy = Healthy ]
+ [ 91d34528360248d2bcefa37a88627e74a7a7f4db = 3279e7a3231c6e3bd91b97516d81fc2db1b9c77e ]
+ sleep 5
+ kubectl -n argocd get application petclinic -o jsonpath={.status.sync.status}
+ ARGO_SYNC=Synced
+ kubectl -n argocd get application petclinic -o jsonpath={.status.health.status}
+ ARGO_HEALTH=Healthy
+ kubectl -n argocd get application petclinic -o jsonpath={.status.sync.revision}
+ ARGO_REVISION=91d34528360248d2bcefa37a88627e74a7a7f4db
+ echo ARGO_CHECK=18 SYNC=Synced HEALTH=Healthy REVISION=91d34528360248d2bcefa37a88627e74a7a7f4db
ARGO_CHECK=18 SYNC=Synced HEALTH=Healthy REVISION=91d34528360248d2bcefa37a88627e74a7a7f4db
+ [ Synced = Synced ]
+ [ Healthy = Healthy ]
+ [ 91d34528360248d2bcefa37a88627e74a7a7f4db = 3279e7a3231c6e3bd91b97516d81fc2db1b9c77e ]
+ sleep 5
+ kubectl -n argocd get application petclinic -o jsonpath={.status.sync.status}
+ ARGO_SYNC=Synced
+ kubectl -n argocd get application petclinic -o jsonpath={.status.health.status}
+ ARGO_HEALTH=Healthy
+ kubectl -n argocd get application petclinic -o jsonpath={.status.sync.revision}
+ ARGO_REVISION=91d34528360248d2bcefa37a88627e74a7a7f4db
+ echo ARGO_CHECK=19 SYNC=Synced HEALTH=Healthy REVISION=91d34528360248d2bcefa37a88627e74a7a7f4db
ARGO_CHECK=19 SYNC=Synced HEALTH=Healthy REVISION=91d34528360248d2bcefa37a88627e74a7a7f4db
+ [ Synced = Synced ]
+ [ Healthy = Healthy ]
+ [ 91d34528360248d2bcefa37a88627e74a7a7f4db = 3279e7a3231c6e3bd91b97516d81fc2db1b9c77e ]
+ sleep 5
+ kubectl -n argocd get application petclinic -o jsonpath={.status.sync.status}
+ ARGO_SYNC=Synced
+ kubectl -n argocd get application petclinic -o jsonpath={.status.health.status}
+ ARGO_HEALTH=Healthy
+ kubectl -n argocd get application petclinic -o jsonpath={.status.sync.revision}
+ ARGO_REVISION=91d34528360248d2bcefa37a88627e74a7a7f4db
+ echo ARGO_CHECK=20 SYNC=Synced HEALTH=Healthy REVISION=91d34528360248d2bcefa37a88627e74a7a7f4db
ARGO_CHECK=20 SYNC=Synced HEALTH=Healthy REVISION=91d34528360248d2bcefa37a88627e74a7a7f4db
+ [ Synced = Synced ]
+ [ Healthy = Healthy ]
+ [ 91d34528360248d2bcefa37a88627e74a7a7f4db = 3279e7a3231c6e3bd91b97516d81fc2db1b9c77e ]
+ sleep 5
+ kubectl -n argocd get application petclinic -o jsonpath={.status.sync.status}
+ ARGO_SYNC=Synced
+ kubectl -n argocd get application petclinic -o jsonpath={.status.health.status}
+ ARGO_HEALTH=Healthy
+ kubectl -n argocd get application petclinic -o jsonpath={.status.sync.revision}
+ ARGO_REVISION=91d34528360248d2bcefa37a88627e74a7a7f4db
+ echo ARGO_CHECK=21 SYNC=Synced HEALTH=Healthy REVISION=91d34528360248d2bcefa37a88627e74a7a7f4db
ARGO_CHECK=21 SYNC=Synced HEALTH=Healthy REVISION=91d34528360248d2bcefa37a88627e74a7a7f4db
+ [ Synced = Synced ]
+ [ Healthy = Healthy ]
+ [ 91d34528360248d2bcefa37a88627e74a7a7f4db = 3279e7a3231c6e3bd91b97516d81fc2db1b9c77e ]
+ sleep 5
+ kubectl -n argocd get application petclinic -o jsonpath={.status.sync.status}
+ ARGO_SYNC=Synced
+ kubectl -n argocd get application petclinic -o jsonpath={.status.health.status}
+ ARGO_HEALTH=Healthy
+ kubectl -n argocd get application petclinic -o jsonpath={.status.sync.revision}
+ ARGO_REVISION=91d34528360248d2bcefa37a88627e74a7a7f4db
+ echo ARGO_CHECK=22 SYNC=Synced HEALTH=Healthy REVISION=91d34528360248d2bcefa37a88627e74a7a7f4db
ARGO_CHECK=22 SYNC=Synced HEALTH=Healthy REVISION=91d34528360248d2bcefa37a88627e74a7a7f4db
+ [ Synced = Synced ]
+ [ Healthy = Healthy ]
+ [ 91d34528360248d2bcefa37a88627e74a7a7f4db = 3279e7a3231c6e3bd91b97516d81fc2db1b9c77e ]
+ sleep 5
+ kubectl -n argocd get application petclinic -o jsonpath={.status.sync.status}
+ ARGO_SYNC=Synced
+ kubectl -n argocd get application petclinic -o jsonpath={.status.health.status}
+ ARGO_HEALTH=Healthy
+ kubectl -n argocd get application petclinic -o jsonpath={.status.sync.revision}
+ ARGO_REVISION=91d34528360248d2bcefa37a88627e74a7a7f4db
+ echo ARGO_CHECK=23 SYNC=Synced HEALTH=Healthy REVISION=91d34528360248d2bcefa37a88627e74a7a7f4db
ARGO_CHECK=23 SYNC=Synced HEALTH=Healthy REVISION=91d34528360248d2bcefa37a88627e74a7a7f4db
+ [ Synced = Synced ]
+ [ Healthy = Healthy ]
+ [ 91d34528360248d2bcefa37a88627e74a7a7f4db = 3279e7a3231c6e3bd91b97516d81fc2db1b9c77e ]
+ sleep 5
+ kubectl -n argocd get application petclinic -o jsonpath={.status.sync.status}
+ ARGO_SYNC=Synced
+ kubectl -n argocd get application petclinic -o jsonpath={.status.health.status}
+ ARGO_HEALTH=Healthy
+ kubectl -n argocd get application petclinic -o jsonpath={.status.sync.revision}
+ ARGO_REVISION=91d34528360248d2bcefa37a88627e74a7a7f4db
+ echo ARGO_CHECK=24 SYNC=Synced HEALTH=Healthy REVISION=91d34528360248d2bcefa37a88627e74a7a7f4db
ARGO_CHECK=24 SYNC=Synced HEALTH=Healthy REVISION=91d34528360248d2bcefa37a88627e74a7a7f4db
+ [ Synced = Synced ]
+ [ Healthy = Healthy ]
+ [ 91d34528360248d2bcefa37a88627e74a7a7f4db = 3279e7a3231c6e3bd91b97516d81fc2db1b9c77e ]
+ sleep 5
+ kubectl -n argocd get application petclinic -o jsonpath={.status.sync.status}
+ ARGO_SYNC=Synced
+ kubectl -n argocd get application petclinic -o jsonpath={.status.health.status}
+ ARGO_HEALTH=Healthy
+ kubectl -n argocd get application petclinic -o jsonpath={.status.sync.revision}
+ ARGO_REVISION=91d34528360248d2bcefa37a88627e74a7a7f4db
+ echo ARGO_CHECK=25 SYNC=Synced HEALTH=Healthy REVISION=91d34528360248d2bcefa37a88627e74a7a7f4db
ARGO_CHECK=25 SYNC=Synced HEALTH=Healthy REVISION=91d34528360248d2bcefa37a88627e74a7a7f4db
+ [ Synced = Synced ]
+ [ Healthy = Healthy ]
+ [ 91d34528360248d2bcefa37a88627e74a7a7f4db = 3279e7a3231c6e3bd91b97516d81fc2db1b9c77e ]
+ sleep 5
+ kubectl -n argocd get application petclinic -o jsonpath={.status.sync.status}
+ ARGO_SYNC=Synced
+ kubectl -n argocd get application petclinic -o jsonpath={.status.health.status}
+ ARGO_HEALTH=Healthy
+ kubectl -n argocd get application petclinic -o jsonpath={.status.sync.revision}
+ ARGO_REVISION=91d34528360248d2bcefa37a88627e74a7a7f4db
+ echo ARGO_CHECK=26 SYNC=Synced HEALTH=Healthy REVISION=91d34528360248d2bcefa37a88627e74a7a7f4db
ARGO_CHECK=26 SYNC=Synced HEALTH=Healthy REVISION=91d34528360248d2bcefa37a88627e74a7a7f4db
+ [ Synced = Synced ]
+ [ Healthy = Healthy ]
+ [ 91d34528360248d2bcefa37a88627e74a7a7f4db = 3279e7a3231c6e3bd91b97516d81fc2db1b9c77e ]
+ sleep 5
+ kubectl -n argocd get application petclinic -o jsonpath={.status.sync.status}
+ ARGO_SYNC=Synced
+ kubectl -n argocd get application petclinic -o jsonpath={.status.health.status}
+ ARGO_HEALTH=Healthy
+ kubectl -n argocd get application petclinic -o jsonpath={.status.sync.revision}
+ ARGO_REVISION=91d34528360248d2bcefa37a88627e74a7a7f4db
+ echo ARGO_CHECK=27 SYNC=Synced HEALTH=Healthy REVISION=91d34528360248d2bcefa37a88627e74a7a7f4db
ARGO_CHECK=27 SYNC=Synced HEALTH=Healthy REVISION=91d34528360248d2bcefa37a88627e74a7a7f4db
+ [ Synced = Synced ]
+ [ Healthy = Healthy ]
+ [ 91d34528360248d2bcefa37a88627e74a7a7f4db = 3279e7a3231c6e3bd91b97516d81fc2db1b9c77e ]
+ sleep 5
+ kubectl -n argocd get application petclinic -o jsonpath={.status.sync.status}
+ ARGO_SYNC=Synced
+ kubectl -n argocd get application petclinic -o jsonpath={.status.health.status}
+ ARGO_HEALTH=Healthy
+ kubectl -n argocd get application petclinic -o jsonpath={.status.sync.revision}
+ ARGO_REVISION=91d34528360248d2bcefa37a88627e74a7a7f4db
+ echo ARGO_CHECK=28 SYNC=Synced HEALTH=Healthy REVISION=91d34528360248d2bcefa37a88627e74a7a7f4db
ARGO_CHECK=28 SYNC=Synced HEALTH=Healthy REVISION=91d34528360248d2bcefa37a88627e74a7a7f4db
+ [ Synced = Synced ]
+ [ Healthy = Healthy ]
+ [ 91d34528360248d2bcefa37a88627e74a7a7f4db = 3279e7a3231c6e3bd91b97516d81fc2db1b9c77e ]
+ sleep 5
+ kubectl -n argocd get application petclinic -o jsonpath={.status.sync.status}
+ ARGO_SYNC=Synced
+ kubectl -n argocd get application petclinic -o jsonpath={.status.health.status}
+ ARGO_HEALTH=Healthy
+ kubectl -n argocd get application petclinic -o jsonpath={.status.sync.revision}
+ ARGO_REVISION=91d34528360248d2bcefa37a88627e74a7a7f4db
+ echo ARGO_CHECK=29 SYNC=Synced HEALTH=Healthy REVISION=91d34528360248d2bcefa37a88627e74a7a7f4db
ARGO_CHECK=29 SYNC=Synced HEALTH=Healthy REVISION=91d34528360248d2bcefa37a88627e74a7a7f4db
+ [ Synced = Synced ]
+ [ Healthy = Healthy ]
+ [ 91d34528360248d2bcefa37a88627e74a7a7f4db = 3279e7a3231c6e3bd91b97516d81fc2db1b9c77e ]
+ sleep 5
+ kubectl -n argocd get application petclinic -o jsonpath={.status.sync.status}
+ ARGO_SYNC=Synced
+ kubectl -n argocd get application petclinic -o jsonpath={.status.health.status}
+ ARGO_HEALTH=Healthy
+ kubectl -n argocd get application petclinic -o jsonpath={.status.sync.revision}
+ ARGO_REVISION=91d34528360248d2bcefa37a88627e74a7a7f4db
+ echo ARGO_CHECK=30 SYNC=Synced HEALTH=Healthy REVISION=91d34528360248d2bcefa37a88627e74a7a7f4db
ARGO_CHECK=30 SYNC=Synced HEALTH=Healthy REVISION=91d34528360248d2bcefa37a88627e74a7a7f4db
+ [ Synced = Synced ]
+ [ Healthy = Healthy ]
+ [ 91d34528360248d2bcefa37a88627e74a7a7f4db = 3279e7a3231c6e3bd91b97516d81fc2db1b9c77e ]
+ sleep 5
+ kubectl -n argocd get application petclinic -o jsonpath={.status.sync.status}
+ ARGO_SYNC=Synced
+ kubectl -n argocd get application petclinic -o jsonpath={.status.health.status}
+ ARGO_HEALTH=Healthy
+ kubectl -n argocd get application petclinic -o jsonpath={.status.sync.revision}
+ ARGO_REVISION=91d34528360248d2bcefa37a88627e74a7a7f4db
+ echo ARGO_CHECK=31 SYNC=Synced HEALTH=Healthy REVISION=91d34528360248d2bcefa37a88627e74a7a7f4db
ARGO_CHECK=31 SYNC=Synced HEALTH=Healthy REVISION=91d34528360248d2bcefa37a88627e74a7a7f4db
+ [ Synced = Synced ]
+ [ Healthy = Healthy ]
+ [ 91d34528360248d2bcefa37a88627e74a7a7f4db = 3279e7a3231c6e3bd91b97516d81fc2db1b9c77e ]
+ sleep 5
+ kubectl -n argocd get application petclinic -o jsonpath={.status.sync.status}
+ ARGO_SYNC=Synced
+ kubectl -n argocd get application petclinic -o jsonpath={.status.health.status}
+ ARGO_HEALTH=Healthy
+ kubectl -n argocd get application petclinic -o jsonpath={.status.sync.revision}
+ ARGO_REVISION=91d34528360248d2bcefa37a88627e74a7a7f4db
+ echo ARGO_CHECK=32 SYNC=Synced HEALTH=Healthy REVISION=91d34528360248d2bcefa37a88627e74a7a7f4db
ARGO_CHECK=32 SYNC=Synced HEALTH=Healthy REVISION=91d34528360248d2bcefa37a88627e74a7a7f4db
+ [ Synced = Synced ]
+ [ Healthy = Healthy ]
+ [ 91d34528360248d2bcefa37a88627e74a7a7f4db = 3279e7a3231c6e3bd91b97516d81fc2db1b9c77e ]
+ sleep 5
+ kubectl -n argocd get application petclinic -o jsonpath={.status.sync.status}
+ ARGO_SYNC=Synced
+ kubectl -n argocd get application petclinic -o jsonpath={.status.health.status}
+ ARGO_HEALTH=Healthy
+ kubectl -n argocd get application petclinic -o jsonpath={.status.sync.revision}
+ ARGO_REVISION=91d34528360248d2bcefa37a88627e74a7a7f4db
+ echo ARGO_CHECK=33 SYNC=Synced HEALTH=Healthy REVISION=91d34528360248d2bcefa37a88627e74a7a7f4db
ARGO_CHECK=33 SYNC=Synced HEALTH=Healthy REVISION=91d34528360248d2bcefa37a88627e74a7a7f4db
+ [ Synced = Synced ]
+ [ Healthy = Healthy ]
+ [ 91d34528360248d2bcefa37a88627e74a7a7f4db = 3279e7a3231c6e3bd91b97516d81fc2db1b9c77e ]
+ sleep 5
+ kubectl -n argocd get application petclinic -o jsonpath={.status.sync.status}
+ ARGO_SYNC=Synced
+ kubectl -n argocd get application petclinic -o jsonpath={.status.health.status}
+ ARGO_HEALTH=Healthy
+ kubectl -n argocd get application petclinic -o jsonpath={.status.sync.revision}
+ ARGO_REVISION=91d34528360248d2bcefa37a88627e74a7a7f4db
+ echo ARGO_CHECK=34 SYNC=Synced HEALTH=Healthy REVISION=91d34528360248d2bcefa37a88627e74a7a7f4db
ARGO_CHECK=34 SYNC=Synced HEALTH=Healthy REVISION=91d34528360248d2bcefa37a88627e74a7a7f4db
+ [ Synced = Synced ]
+ [ Healthy = Healthy ]
+ [ 91d34528360248d2bcefa37a88627e74a7a7f4db = 3279e7a3231c6e3bd91b97516d81fc2db1b9c77e ]
+ sleep 5
+ kubectl -n argocd get application petclinic -o jsonpath={.status.sync.status}
+ ARGO_SYNC=Synced
+ kubectl -n argocd get application petclinic -o jsonpath={.status.health.status}
+ ARGO_HEALTH=Healthy
+ kubectl -n argocd get application petclinic -o jsonpath={.status.sync.revision}
+ ARGO_REVISION=91d34528360248d2bcefa37a88627e74a7a7f4db
+ echo ARGO_CHECK=35 SYNC=Synced HEALTH=Healthy REVISION=91d34528360248d2bcefa37a88627e74a7a7f4db
ARGO_CHECK=35 SYNC=Synced HEALTH=Healthy REVISION=91d34528360248d2bcefa37a88627e74a7a7f4db
+ [ Synced = Synced ]
+ [ Healthy = Healthy ]
+ [ 91d34528360248d2bcefa37a88627e74a7a7f4db = 3279e7a3231c6e3bd91b97516d81fc2db1b9c77e ]
+ sleep 5
+ kubectl -n argocd get application petclinic -o jsonpath={.status.sync.status}
+ ARGO_SYNC=Synced
+ kubectl -n argocd get application petclinic -o jsonpath={.status.health.status}
+ ARGO_HEALTH=Healthy
+ kubectl -n argocd get application petclinic -o jsonpath={.status.sync.revision}
+ ARGO_REVISION=91d34528360248d2bcefa37a88627e74a7a7f4db
+ echo ARGO_CHECK=36 SYNC=Synced HEALTH=Healthy REVISION=91d34528360248d2bcefa37a88627e74a7a7f4db
ARGO_CHECK=36 SYNC=Synced HEALTH=Healthy REVISION=91d34528360248d2bcefa37a88627e74a7a7f4db
+ [ Synced = Synced ]
+ [ Healthy = Healthy ]
+ [ 91d34528360248d2bcefa37a88627e74a7a7f4db = 3279e7a3231c6e3bd91b97516d81fc2db1b9c77e ]
+ sleep 5
+ kubectl -n argocd get application petclinic -o jsonpath={.status.sync.status}
+ ARGO_SYNC=Synced
+ kubectl -n argocd get application petclinic -o jsonpath={.status.health.status}
+ ARGO_HEALTH=Healthy
+ kubectl -n argocd get application petclinic -o jsonpath={.status.sync.revision}
+ ARGO_REVISION=91d34528360248d2bcefa37a88627e74a7a7f4db
+ echo ARGO_CHECK=37 SYNC=Synced HEALTH=Healthy REVISION=91d34528360248d2bcefa37a88627e74a7a7f4db
ARGO_CHECK=37 SYNC=Synced HEALTH=Healthy REVISION=91d34528360248d2bcefa37a88627e74a7a7f4db
+ [ Synced = Synced ]
+ [ Healthy = Healthy ]
+ [ 91d34528360248d2bcefa37a88627e74a7a7f4db = 3279e7a3231c6e3bd91b97516d81fc2db1b9c77e ]
+ sleep 5
+ kubectl -n argocd get application petclinic -o jsonpath={.status.sync.status}
+ ARGO_SYNC=Unknown
+ kubectl -n argocd get application petclinic -o jsonpath={.status.health.status}
+ ARGO_HEALTH=Healthy
+ kubectl -n argocd get application petclinic -o jsonpath={.status.sync.revision}
+ ARGO_REVISION=main
+ echo ARGO_CHECK=38 SYNC=Unknown HEALTH=Healthy REVISION=main
ARGO_CHECK=38 SYNC=Unknown HEALTH=Healthy REVISION=main
+ [ Unknown = Synced ]
+ sleep 5
+ kubectl -n argocd get application petclinic -o jsonpath={.status.sync.status}
+ ARGO_SYNC=Unknown
+ kubectl -n argocd get application petclinic -o jsonpath={.status.health.status}
+ ARGO_HEALTH=Healthy
+ kubectl -n argocd get application petclinic -o jsonpath={.status.sync.revision}
+ ARGO_REVISION=main
+ echo ARGO_CHECK=39 SYNC=Unknown HEALTH=Healthy REVISION=main
ARGO_CHECK=39 SYNC=Unknown HEALTH=Healthy REVISION=main
+ [ Unknown = Synced ]
+ sleep 5
+ kubectl -n argocd get application petclinic -o jsonpath={.status.sync.status}
+ ARGO_SYNC=Unknown
+ kubectl -n argocd get application petclinic -o jsonpath={.status.health.status}
+ ARGO_HEALTH=Healthy
+ kubectl -n argocd get application petclinic -o jsonpath={.status.sync.revision}
+ ARGO_REVISION=main
+ echo ARGO_CHECK=40 SYNC=Unknown HEALTH=Healthy REVISION=main
ARGO_CHECK=40 SYNC=Unknown HEALTH=Healthy REVISION=main
+ [ Unknown = Synced ]
+ sleep 5
+ kubectl -n argocd get application petclinic -o jsonpath={.status.sync.status}
+ ARGO_SYNC=Unknown
+ kubectl -n argocd get application petclinic -o jsonpath={.status.health.status}
+ ARGO_HEALTH=Healthy
+ kubectl -n argocd get application petclinic -o jsonpath={.status.sync.revision}
+ ARGO_REVISION=main
+ echo ARGO_CHECK=41 SYNC=Unknown HEALTH=Healthy REVISION=main
ARGO_CHECK=41 SYNC=Unknown HEALTH=Healthy REVISION=main
+ [ Unknown = Synced ]
+ sleep 5
+ kubectl -n argocd get application petclinic -o jsonpath={.status.sync.status}
+ ARGO_SYNC=Unknown
+ kubectl -n argocd get application petclinic -o jsonpath={.status.health.status}
+ ARGO_HEALTH=Healthy
+ kubectl -n argocd get application petclinic -o jsonpath={.status.sync.revision}
+ ARGO_REVISION=main
+ echo ARGO_CHECK=42 SYNC=Unknown HEALTH=Healthy REVISION=main
ARGO_CHECK=42 SYNC=Unknown HEALTH=Healthy REVISION=main
+ [ Unknown = Synced ]
+ sleep 5
+ kubectl -n argocd get application petclinic -o jsonpath={.status.sync.status}
+ ARGO_SYNC=Unknown
+ kubectl -n argocd get application petclinic -o jsonpath={.status.health.status}
+ ARGO_HEALTH=Healthy
+ kubectl -n argocd get application petclinic -o jsonpath={.status.sync.revision}
+ ARGO_REVISION=main
+ echo ARGO_CHECK=43 SYNC=Unknown HEALTH=Healthy REVISION=main
ARGO_CHECK=43 SYNC=Unknown HEALTH=Healthy REVISION=main
+ [ Unknown = Synced ]
+ sleep 5
+ kubectl -n argocd get application petclinic -o jsonpath={.status.sync.status}
+ ARGO_SYNC=Unknown
+ kubectl -n argocd get application petclinic -o jsonpath={.status.health.status}
+ ARGO_HEALTH=Healthy
+ kubectl -n argocd get application petclinic -o jsonpath={.status.sync.revision}
+ ARGO_REVISION=main
+ echo ARGO_CHECK=44 SYNC=Unknown HEALTH=Healthy REVISION=main
ARGO_CHECK=44 SYNC=Unknown HEALTH=Healthy REVISION=main
+ [ Unknown = Synced ]
+ sleep 5
+ kubectl -n argocd get application petclinic -o jsonpath={.status.sync.status}
+ ARGO_SYNC=Unknown
+ kubectl -n argocd get application petclinic -o jsonpath={.status.health.status}
+ ARGO_HEALTH=Healthy
+ kubectl -n argocd get application petclinic -o jsonpath={.status.sync.revision}
+ ARGO_REVISION=main
+ echo ARGO_CHECK=45 SYNC=Unknown HEALTH=Healthy REVISION=main
ARGO_CHECK=45 SYNC=Unknown HEALTH=Healthy REVISION=main
+ [ Unknown = Synced ]
+ sleep 5
+ kubectl -n argocd get application petclinic -o jsonpath={.status.sync.status}
+ ARGO_SYNC=Unknown
+ kubectl -n argocd get application petclinic -o jsonpath={.status.health.status}
+ ARGO_HEALTH=Healthy
+ kubectl -n argocd get application petclinic -o jsonpath={.status.sync.revision}
+ ARGO_REVISION=main
+ echo ARGO_CHECK=46 SYNC=Unknown HEALTH=Healthy REVISION=main
ARGO_CHECK=46 SYNC=Unknown HEALTH=Healthy REVISION=main
+ [ Unknown = Synced ]
+ sleep 5
+ kubectl -n argocd get application petclinic -o jsonpath={.status.sync.status}
+ ARGO_SYNC=Unknown
+ kubectl -n argocd get application petclinic -o jsonpath={.status.health.status}
+ ARGO_HEALTH=Healthy
+ kubectl -n argocd get application petclinic -o jsonpath={.status.sync.revision}
+ ARGO_REVISION=main
+ echo ARGO_CHECK=47 SYNC=Unknown HEALTH=Healthy REVISION=main
ARGO_CHECK=47 SYNC=Unknown HEALTH=Healthy REVISION=main
+ [ Unknown = Synced ]
+ sleep 5
+ kubectl -n argocd get application petclinic -o jsonpath={.status.sync.status}
+ ARGO_SYNC=Unknown
+ kubectl -n argocd get application petclinic -o jsonpath={.status.health.status}
+ ARGO_HEALTH=Healthy
+ kubectl -n argocd get application petclinic -o jsonpath={.status.sync.revision}
+ ARGO_REVISION=main
+ echo ARGO_CHECK=48 SYNC=Unknown HEALTH=Healthy REVISION=main
ARGO_CHECK=48 SYNC=Unknown HEALTH=Healthy REVISION=main
+ [ Unknown = Synced ]
+ sleep 5
+ kubectl -n argocd get application petclinic -o jsonpath={.status.sync.status}
+ ARGO_SYNC=Unknown
+ kubectl -n argocd get application petclinic -o jsonpath={.status.health.status}
+ ARGO_HEALTH=Healthy
+ kubectl -n argocd get application petclinic -o jsonpath={.status.sync.revision}
+ ARGO_REVISION=main
+ echo ARGO_CHECK=49 SYNC=Unknown HEALTH=Healthy REVISION=main
ARGO_CHECK=49 SYNC=Unknown HEALTH=Healthy REVISION=main
+ [ Unknown = Synced ]
+ sleep 5
+ kubectl -n argocd get application petclinic -o jsonpath={.status.sync.status}
+ ARGO_SYNC=Unknown
+ kubectl -n argocd get application petclinic -o jsonpath={.status.health.status}
+ ARGO_HEALTH=Healthy
+ kubectl -n argocd get application petclinic -o jsonpath={.status.sync.revision}
+ ARGO_REVISION=main
+ echo ARGO_CHECK=50 SYNC=Unknown HEALTH=Healthy REVISION=main
ARGO_CHECK=50 SYNC=Unknown HEALTH=Healthy REVISION=main
+ [ Unknown = Synced ]
+ sleep 5
+ kubectl -n argocd get application petclinic -o jsonpath={.status.sync.status}
+ ARGO_SYNC=Unknown
+ kubectl -n argocd get application petclinic -o jsonpath={.status.health.status}
+ ARGO_HEALTH=Healthy
+ kubectl -n argocd get application petclinic -o jsonpath={.status.sync.revision}
+ ARGO_REVISION=main
+ echo ARGO_CHECK=51 SYNC=Unknown HEALTH=Healthy REVISION=main
ARGO_CHECK=51 SYNC=Unknown HEALTH=Healthy REVISION=main
+ [ Unknown = Synced ]
+ sleep 5
+ kubectl -n argocd get application petclinic -o jsonpath={.status.sync.status}
+ ARGO_SYNC=Unknown
+ kubectl -n argocd get application petclinic -o jsonpath={.status.health.status}
+ ARGO_HEALTH=Healthy
+ kubectl -n argocd get application petclinic -o jsonpath={.status.sync.revision}
+ ARGO_REVISION=main
+ echo ARGO_CHECK=52 SYNC=Unknown HEALTH=Healthy REVISION=main
ARGO_CHECK=52 SYNC=Unknown HEALTH=Healthy REVISION=main
+ [ Unknown = Synced ]
+ sleep 5
+ kubectl -n argocd get application petclinic -o jsonpath={.status.sync.status}
+ ARGO_SYNC=Unknown
+ kubectl -n argocd get application petclinic -o jsonpath={.status.health.status}
+ ARGO_HEALTH=Healthy
+ kubectl -n argocd get application petclinic -o jsonpath={.status.sync.revision}
+ ARGO_REVISION=main
+ echo ARGO_CHECK=53 SYNC=Unknown HEALTH=Healthy REVISION=main
ARGO_CHECK=53 SYNC=Unknown HEALTH=Healthy REVISION=main
+ [ Unknown = Synced ]
+ sleep 5
+ kubectl -n argocd get application petclinic -o jsonpath={.status.sync.status}
+ ARGO_SYNC=Unknown
+ kubectl -n argocd get application petclinic -o jsonpath={.status.health.status}
+ ARGO_HEALTH=Healthy
+ kubectl -n argocd get application petclinic -o jsonpath={.status.sync.revision}
+ ARGO_REVISION=main
+ echo ARGO_CHECK=54 SYNC=Unknown HEALTH=Healthy REVISION=main
ARGO_CHECK=54 SYNC=Unknown HEALTH=Healthy REVISION=main
+ [ Unknown = Synced ]
+ sleep 5
+ kubectl -n argocd get application petclinic -o jsonpath={.status.sync.status}
+ ARGO_SYNC=Unknown
+ kubectl -n argocd get application petclinic -o jsonpath={.status.health.status}
+ ARGO_HEALTH=Healthy
+ kubectl -n argocd get application petclinic -o jsonpath={.status.sync.revision}
+ ARGO_REVISION=main
+ echo ARGO_CHECK=55 SYNC=Unknown HEALTH=Healthy REVISION=main
ARGO_CHECK=55 SYNC=Unknown HEALTH=Healthy REVISION=main
+ [ Unknown = Synced ]
+ sleep 5
+ kubectl -n argocd get application petclinic -o jsonpath={.status.sync.status}
+ ARGO_SYNC=Unknown
+ kubectl -n argocd get application petclinic -o jsonpath={.status.health.status}
+ ARGO_HEALTH=Healthy
+ kubectl -n argocd get application petclinic -o jsonpath={.status.sync.revision}
+ ARGO_REVISION=main
+ echo ARGO_CHECK=56 SYNC=Unknown HEALTH=Healthy REVISION=main
ARGO_CHECK=56 SYNC=Unknown HEALTH=Healthy REVISION=main
+ [ Unknown = Synced ]
+ sleep 5
+ kubectl -n argocd get application petclinic -o jsonpath={.status.sync.status}
+ ARGO_SYNC=Unknown
+ kubectl -n argocd get application petclinic -o jsonpath={.status.health.status}
+ ARGO_HEALTH=Healthy
+ kubectl -n argocd get application petclinic -o jsonpath={.status.sync.revision}
+ ARGO_REVISION=main
+ echo ARGO_CHECK=57 SYNC=Unknown HEALTH=Healthy REVISION=main
ARGO_CHECK=57 SYNC=Unknown HEALTH=Healthy REVISION=main
+ [ Unknown = Synced ]
+ sleep 5
+ kubectl -n argocd get application petclinic -o jsonpath={.status.sync.status}
+ ARGO_SYNC=Unknown
+ kubectl -n argocd get application petclinic -o jsonpath={.status.health.status}
+ ARGO_HEALTH=Healthy
+ kubectl -n argocd get application petclinic -o jsonpath={.status.sync.revision}
+ ARGO_REVISION=main
+ echo ARGO_CHECK=58 SYNC=Unknown HEALTH=Healthy REVISION=main
ARGO_CHECK=58 SYNC=Unknown HEALTH=Healthy REVISION=main
+ [ Unknown = Synced ]
+ sleep 5
+ kubectl -n argocd get application petclinic -o jsonpath={.status.sync.status}
+ ARGO_SYNC=Unknown
+ kubectl -n argocd get application petclinic -o jsonpath={.status.health.status}
+ ARGO_HEALTH=Healthy
+ kubectl -n argocd get application petclinic -o jsonpath={.status.sync.revision}
+ ARGO_REVISION=main
+ echo ARGO_CHECK=59 SYNC=Unknown HEALTH=Healthy REVISION=main
ARGO_CHECK=59 SYNC=Unknown HEALTH=Healthy REVISION=main
+ [ Unknown = Synced ]
+ sleep 5
+ kubectl -n argocd get application petclinic -o jsonpath={.status.sync.status}
+ ARGO_SYNC=Unknown
+ kubectl -n argocd get application petclinic -o jsonpath={.status.health.status}
+ ARGO_HEALTH=Healthy
+ kubectl -n argocd get application petclinic -o jsonpath={.status.sync.revision}
+ ARGO_REVISION=main
+ echo ARGO_CHECK=60 SYNC=Unknown HEALTH=Healthy REVISION=main
ARGO_CHECK=60 SYNC=Unknown HEALTH=Healthy REVISION=main
+ [ Unknown = Synced ]
+ sleep 5
+ kubectl -n argocd get application petclinic -o jsonpath={.status.sync.status}
+ ARGO_SYNC=Unknown
+ kubectl -n argocd get application petclinic -o jsonpath={.status.health.status}
+ ARGO_HEALTH=Healthy
+ kubectl -n argocd get application petclinic -o jsonpath={.status.sync.revision}
+ ARGO_REVISION=main
+ echo ARGO_CHECK=61 SYNC=Unknown HEALTH=Healthy REVISION=main
ARGO_CHECK=61 SYNC=Unknown HEALTH=Healthy REVISION=main
+ [ Unknown = Synced ]
+ sleep 5
+ kubectl -n argocd get application petclinic -o jsonpath={.status.sync.status}
+ ARGO_SYNC=Unknown
+ kubectl -n argocd get application petclinic -o jsonpath={.status.health.status}
+ ARGO_HEALTH=Healthy
+ kubectl -n argocd get application petclinic -o jsonpath={.status.sync.revision}
+ ARGO_REVISION=main
+ echo ARGO_CHECK=62 SYNC=Unknown HEALTH=Healthy REVISION=main
ARGO_CHECK=62 SYNC=Unknown HEALTH=Healthy REVISION=main
+ [ Unknown = Synced ]
+ sleep 5
+ kubectl -n argocd get application petclinic -o jsonpath={.status.sync.status}
+ ARGO_SYNC=Unknown
+ kubectl -n argocd get application petclinic -o jsonpath={.status.health.status}
+ ARGO_HEALTH=Healthy
+ kubectl -n argocd get application petclinic -o jsonpath={.status.sync.revision}
+ ARGO_REVISION=main
+ echo ARGO_CHECK=63 SYNC=Unknown HEALTH=Healthy REVISION=main
ARGO_CHECK=63 SYNC=Unknown HEALTH=Healthy REVISION=main
+ [ Unknown = Synced ]
+ sleep 5
+ kubectl -n argocd get application petclinic -o jsonpath={.status.sync.status}
+ ARGO_SYNC=Unknown
+ kubectl -n argocd get application petclinic -o jsonpath={.status.health.status}
+ ARGO_HEALTH=Healthy
+ kubectl -n argocd get application petclinic -o jsonpath={.status.sync.revision}
+ ARGO_REVISION=main
+ echo ARGO_CHECK=64 SYNC=Unknown HEALTH=Healthy REVISION=main
ARGO_CHECK=64 SYNC=Unknown HEALTH=Healthy REVISION=main
+ [ Unknown = Synced ]
+ sleep 5
+ kubectl -n argocd get application petclinic -o jsonpath={.status.sync.status}
+ ARGO_SYNC=Unknown
+ kubectl -n argocd get application petclinic -o jsonpath={.status.health.status}
+ ARGO_HEALTH=Healthy
+ kubectl -n argocd get application petclinic -o jsonpath={.status.sync.revision}
+ ARGO_REVISION=main
+ echo ARGO_CHECK=65 SYNC=Unknown HEALTH=Healthy REVISION=main
ARGO_CHECK=65 SYNC=Unknown HEALTH=Healthy REVISION=main
+ [ Unknown = Synced ]
+ sleep 5
+ kubectl -n argocd get application petclinic -o jsonpath={.status.sync.status}
+ ARGO_SYNC=Unknown
+ kubectl -n argocd get application petclinic -o jsonpath={.status.health.status}
+ ARGO_HEALTH=Healthy
+ kubectl -n argocd get application petclinic -o jsonpath={.status.sync.revision}
+ ARGO_REVISION=main
+ echo ARGO_CHECK=66 SYNC=Unknown HEALTH=Healthy REVISION=main
ARGO_CHECK=66 SYNC=Unknown HEALTH=Healthy REVISION=main
+ [ Unknown = Synced ]
+ sleep 5
+ kubectl -n argocd get application petclinic -o jsonpath={.status.sync.status}
+ ARGO_SYNC=Unknown
+ kubectl -n argocd get application petclinic -o jsonpath={.status.health.status}
+ ARGO_HEALTH=Healthy
+ kubectl -n argocd get application petclinic -o jsonpath={.status.sync.revision}
+ ARGO_REVISION=main
+ echo ARGO_CHECK=67 SYNC=Unknown HEALTH=Healthy REVISION=main
ARGO_CHECK=67 SYNC=Unknown HEALTH=Healthy REVISION=main
+ [ Unknown = Synced ]
+ sleep 5
+ kubectl -n argocd get application petclinic -o jsonpath={.status.sync.status}
+ ARGO_SYNC=Unknown
+ kubectl -n argocd get application petclinic -o jsonpath={.status.health.status}
+ ARGO_HEALTH=Healthy
+ kubectl -n argocd get application petclinic -o jsonpath={.status.sync.revision}
+ ARGO_REVISION=main
+ echo ARGO_CHECK=68 SYNC=Unknown HEALTH=Healthy REVISION=main
ARGO_CHECK=68 SYNC=Unknown HEALTH=Healthy REVISION=main
+ [ Unknown = Synced ]
+ sleep 5
+ kubectl -n argocd get application petclinic -o jsonpath={.status.sync.status}
+ ARGO_SYNC=Unknown
+ kubectl -n argocd get application petclinic -o jsonpath={.status.health.status}
+ ARGO_HEALTH=Healthy
+ kubectl -n argocd get application petclinic -o jsonpath={.status.sync.revision}
+ ARGO_REVISION=main
+ echo ARGO_CHECK=69 SYNC=Unknown HEALTH=Healthy REVISION=main
ARGO_CHECK=69 SYNC=Unknown HEALTH=Healthy REVISION=main
+ [ Unknown = Synced ]
+ sleep 5
+ kubectl -n argocd get application petclinic -o jsonpath={.status.sync.status}
+ ARGO_SYNC=Unknown
+ kubectl -n argocd get application petclinic -o jsonpath={.status.health.status}
+ ARGO_HEALTH=Healthy
+ kubectl -n argocd get application petclinic -o jsonpath={.status.sync.revision}
+ ARGO_REVISION=main
+ echo ARGO_CHECK=70 SYNC=Unknown HEALTH=Healthy REVISION=main
ARGO_CHECK=70 SYNC=Unknown HEALTH=Healthy REVISION=main
+ [ Unknown = Synced ]
+ sleep 5
+ kubectl -n argocd get application petclinic -o jsonpath={.status.sync.status}
+ ARGO_SYNC=Unknown
+ kubectl -n argocd get application petclinic -o jsonpath={.status.health.status}
+ ARGO_HEALTH=Healthy
+ kubectl -n argocd get application petclinic -o jsonpath={.status.sync.revision}
+ ARGO_REVISION=main
+ echo ARGO_CHECK=71 SYNC=Unknown HEALTH=Healthy REVISION=main
ARGO_CHECK=71 SYNC=Unknown HEALTH=Healthy REVISION=main
+ [ Unknown = Synced ]
+ sleep 5
+ kubectl -n argocd get application petclinic -o jsonpath={.status.sync.status}
+ ARGO_SYNC=Unknown
+ kubectl -n argocd get application petclinic -o jsonpath={.status.health.status}
+ ARGO_HEALTH=Healthy
+ kubectl -n argocd get application petclinic -o jsonpath={.status.sync.revision}
+ ARGO_REVISION=main
+ echo ARGO_CHECK=72 SYNC=Unknown HEALTH=Healthy REVISION=main
ARGO_CHECK=72 SYNC=Unknown HEALTH=Healthy REVISION=main
+ [ Unknown = Synced ]
+ sleep 5
+ kubectl -n argocd get application petclinic -o jsonpath={.status.sync.status}
+ ARGO_SYNC=Unknown
+ kubectl -n argocd get application petclinic -o jsonpath={.status.health.status}
+ ARGO_HEALTH=Healthy
+ kubectl -n argocd get application petclinic -o jsonpath={.status.sync.revision}
+ ARGO_REVISION=main
+ echo ARGO_CHECK=73 SYNC=Unknown HEALTH=Healthy REVISION=main
ARGO_CHECK=73 SYNC=Unknown HEALTH=Healthy REVISION=main
+ [ Unknown = Synced ]
+ sleep 5
+ kubectl -n argocd get application petclinic -o jsonpath={.status.sync.status}
+ ARGO_SYNC=Unknown
+ kubectl -n argocd get application petclinic -o jsonpath={.status.health.status}
+ ARGO_HEALTH=Healthy
+ kubectl -n argocd get application petclinic -o jsonpath={.status.sync.revision}
+ ARGO_REVISION=main
+ echo ARGO_CHECK=74 SYNC=Unknown HEALTH=Healthy REVISION=main
ARGO_CHECK=74 SYNC=Unknown HEALTH=Healthy REVISION=main
+ [ Unknown = Synced ]
+ sleep 5
+ kubectl -n argocd get application petclinic -o jsonpath={.status.sync.status}
+ ARGO_SYNC=Unknown
+ kubectl -n argocd get application petclinic -o jsonpath={.status.health.status}
+ ARGO_HEALTH=Healthy
+ kubectl -n argocd get application petclinic -o jsonpath={.status.sync.revision}
+ ARGO_REVISION=main
+ echo ARGO_CHECK=75 SYNC=Unknown HEALTH=Healthy REVISION=main
ARGO_CHECK=75 SYNC=Unknown HEALTH=Healthy REVISION=main
+ [ Unknown = Synced ]
+ sleep 5
+ kubectl -n argocd get application petclinic -o jsonpath={.status.sync.status}
+ ARGO_SYNC=Unknown
+ kubectl -n argocd get application petclinic -o jsonpath={.status.health.status}
+ ARGO_HEALTH=Healthy
+ kubectl -n argocd get application petclinic -o jsonpath={.status.sync.revision}
+ ARGO_REVISION=main
+ echo ARGO_CHECK=76 SYNC=Unknown HEALTH=Healthy REVISION=main
ARGO_CHECK=76 SYNC=Unknown HEALTH=Healthy REVISION=main
+ [ Unknown = Synced ]
+ sleep 5
+ kubectl -n argocd get application petclinic -o jsonpath={.status.sync.status}
+ ARGO_SYNC=Unknown
+ kubectl -n argocd get application petclinic -o jsonpath={.status.health.status}
+ ARGO_HEALTH=Healthy
+ kubectl -n argocd get application petclinic -o jsonpath={.status.sync.revision}
+ ARGO_REVISION=main
+ echo ARGO_CHECK=77 SYNC=Unknown HEALTH=Healthy REVISION=main
ARGO_CHECK=77 SYNC=Unknown HEALTH=Healthy REVISION=main
+ [ Unknown = Synced ]
+ sleep 5
+ kubectl -n argocd get application petclinic -o jsonpath={.status.sync.status}
+ ARGO_SYNC=Unknown
+ kubectl -n argocd get application petclinic -o jsonpath={.status.health.status}
+ ARGO_HEALTH=Healthy
+ kubectl -n argocd get application petclinic -o jsonpath={.status.sync.revision}
+ ARGO_REVISION=main
+ echo ARGO_CHECK=78 SYNC=Unknown HEALTH=Healthy REVISION=main
ARGO_CHECK=78 SYNC=Unknown HEALTH=Healthy REVISION=main
+ [ Unknown = Synced ]
+ sleep 5
+ kubectl -n argocd get application petclinic -o jsonpath={.status.sync.status}
+ ARGO_SYNC=Unknown
+ kubectl -n argocd get application petclinic -o jsonpath={.status.health.status}
+ ARGO_HEALTH=Healthy
+ kubectl -n argocd get application petclinic -o jsonpath={.status.sync.revision}
+ ARGO_REVISION=main
+ echo ARGO_CHECK=79 SYNC=Unknown HEALTH=Healthy REVISION=main
ARGO_CHECK=79 SYNC=Unknown HEALTH=Healthy REVISION=main
+ [ Unknown = Synced ]
+ sleep 5
+ kubectl -n argocd get application petclinic -o jsonpath={.status.sync.status}
+ ARGO_SYNC=Unknown
+ kubectl -n argocd get application petclinic -o jsonpath={.status.health.status}
+ ARGO_HEALTH=Healthy
+ kubectl -n argocd get application petclinic -o jsonpath={.status.sync.revision}
+ ARGO_REVISION=main
+ echo ARGO_CHECK=80 SYNC=Unknown HEALTH=Healthy REVISION=main
ARGO_CHECK=80 SYNC=Unknown HEALTH=Healthy REVISION=main
+ [ Unknown = Synced ]
+ sleep 5
+ kubectl -n argocd get application petclinic -o jsonpath={.status.sync.status}
+ ARGO_SYNC=Unknown
+ kubectl -n argocd get application petclinic -o jsonpath={.status.health.status}
+ ARGO_HEALTH=Healthy
+ kubectl -n argocd get application petclinic -o jsonpath={.status.sync.revision}
+ ARGO_REVISION=main
+ echo ARGO_CHECK=81 SYNC=Unknown HEALTH=Healthy REVISION=main
ARGO_CHECK=81 SYNC=Unknown HEALTH=Healthy REVISION=main
+ [ Unknown = Synced ]
+ sleep 5
+ kubectl -n argocd get application petclinic -o jsonpath={.status.sync.status}
+ ARGO_SYNC=Unknown
+ kubectl -n argocd get application petclinic -o jsonpath={.status.health.status}
+ ARGO_HEALTH=Healthy
+ kubectl -n argocd get application petclinic -o jsonpath={.status.sync.revision}
+ ARGO_REVISION=main
+ echo ARGO_CHECK=82 SYNC=Unknown HEALTH=Healthy REVISION=main
ARGO_CHECK=82 SYNC=Unknown HEALTH=Healthy REVISION=main
+ [ Unknown = Synced ]
+ sleep 5
+ kubectl -n argocd get application petclinic -o jsonpath={.status.sync.status}
+ ARGO_SYNC=Unknown
+ kubectl -n argocd get application petclinic -o jsonpath={.status.health.status}
+ ARGO_HEALTH=Healthy
+ kubectl -n argocd get application petclinic -o jsonpath={.status.sync.revision}
+ ARGO_REVISION=main
+ echo ARGO_CHECK=83 SYNC=Unknown HEALTH=Healthy REVISION=main
ARGO_CHECK=83 SYNC=Unknown HEALTH=Healthy REVISION=main
+ [ Unknown = Synced ]
+ sleep 5
+ kubectl -n argocd get application petclinic -o jsonpath={.status.sync.status}
+ ARGO_SYNC=Unknown
+ kubectl -n argocd get application petclinic -o jsonpath={.status.health.status}
+ ARGO_HEALTH=Healthy
+ kubectl -n argocd get application petclinic -o jsonpath={.status.sync.revision}
+ ARGO_REVISION=main
+ echo ARGO_CHECK=84 SYNC=Unknown HEALTH=Healthy REVISION=main
ARGO_CHECK=84 SYNC=Unknown HEALTH=Healthy REVISION=main
+ [ Unknown = Synced ]
+ sleep 5
+ kubectl -n argocd get application petclinic -o jsonpath={.status.sync.status}
+ ARGO_SYNC=Unknown
+ kubectl -n argocd get application petclinic -o jsonpath={.status.health.status}
+ ARGO_HEALTH=Healthy
+ kubectl -n argocd get application petclinic -o jsonpath={.status.sync.revision}
+ ARGO_REVISION=main
+ echo ARGO_CHECK=85 SYNC=Unknown HEALTH=Healthy REVISION=main
ARGO_CHECK=85 SYNC=Unknown HEALTH=Healthy REVISION=main
+ [ Unknown = Synced ]
+ sleep 5
+ kubectl -n argocd get application petclinic -o jsonpath={.status.sync.status}
+ ARGO_SYNC=Unknown
+ kubectl -n argocd get application petclinic -o jsonpath={.status.health.status}
+ ARGO_HEALTH=Healthy
+ kubectl -n argocd get application petclinic -o jsonpath={.status.sync.revision}
+ ARGO_REVISION=main
+ echo ARGO_CHECK=86 SYNC=Unknown HEALTH=Healthy REVISION=main
ARGO_CHECK=86 SYNC=Unknown HEALTH=Healthy REVISION=main
+ [ Unknown = Synced ]
+ sleep 5
+ kubectl -n argocd get application petclinic -o jsonpath={.status.sync.status}
+ ARGO_SYNC=Unknown
+ kubectl -n argocd get application petclinic -o jsonpath={.status.health.status}
+ ARGO_HEALTH=Healthy
+ kubectl -n argocd get application petclinic -o jsonpath={.status.sync.revision}
+ ARGO_REVISION=main
+ echo ARGO_CHECK=87 SYNC=Unknown HEALTH=Healthy REVISION=main
ARGO_CHECK=87 SYNC=Unknown HEALTH=Healthy REVISION=main
+ [ Unknown = Synced ]
+ sleep 5
+ kubectl -n argocd get application petclinic -o jsonpath={.status.sync.status}
+ ARGO_SYNC=Unknown
+ kubectl -n argocd get application petclinic -o jsonpath={.status.health.status}
+ ARGO_HEALTH=Healthy
+ kubectl -n argocd get application petclinic -o jsonpath={.status.sync.revision}
+ ARGO_REVISION=main
+ echo ARGO_CHECK=88 SYNC=Unknown HEALTH=Healthy REVISION=main
ARGO_CHECK=88 SYNC=Unknown HEALTH=Healthy REVISION=main
+ [ Unknown = Synced ]
+ sleep 5
+ kubectl -n argocd get application petclinic -o jsonpath={.status.sync.status}
+ ARGO_SYNC=Unknown
+ kubectl -n argocd get application petclinic -o jsonpath={.status.health.status}
+ ARGO_HEALTH=Healthy
+ kubectl -n argocd get application petclinic -o jsonpath={.status.sync.revision}
+ ARGO_REVISION=main
+ echo ARGO_CHECK=89 SYNC=Unknown HEALTH=Healthy REVISION=main
ARGO_CHECK=89 SYNC=Unknown HEALTH=Healthy REVISION=main
+ [ Unknown = Synced ]
+ sleep 5
+ kubectl -n argocd get application petclinic -o jsonpath={.status.sync.status}
+ ARGO_SYNC=Unknown
+ kubectl -n argocd get application petclinic -o jsonpath={.status.health.status}
+ ARGO_HEALTH=Healthy
+ kubectl -n argocd get application petclinic -o jsonpath={.status.sync.revision}
+ ARGO_REVISION=main
+ echo ARGO_CHECK=90 SYNC=Unknown HEALTH=Healthy REVISION=main
ARGO_CHECK=90 SYNC=Unknown HEALTH=Healthy REVISION=main
+ [ Unknown = Synced ]
+ sleep 5
+ kubectl -n argocd get application petclinic -o jsonpath={.status.sync.status}
+ ARGO_SYNC=Unknown
+ kubectl -n argocd get application petclinic -o jsonpath={.status.health.status}
+ ARGO_HEALTH=Healthy
+ kubectl -n argocd get application petclinic -o jsonpath={.status.sync.revision}
+ ARGO_REVISION=main
+ echo ARGO_CHECK=91 SYNC=Unknown HEALTH=Healthy REVISION=main
ARGO_CHECK=91 SYNC=Unknown HEALTH=Healthy REVISION=main
+ [ Unknown = Synced ]
+ sleep 5
+ kubectl -n argocd get application petclinic -o jsonpath={.status.sync.status}
+ ARGO_SYNC=Unknown
+ kubectl -n argocd get application petclinic -o jsonpath={.status.health.status}
+ ARGO_HEALTH=Healthy
+ kubectl -n argocd get application petclinic -o jsonpath={.status.sync.revision}
+ ARGO_REVISION=main
+ echo ARGO_CHECK=92 SYNC=Unknown HEALTH=Healthy REVISION=main
ARGO_CHECK=92 SYNC=Unknown HEALTH=Healthy REVISION=main
+ [ Unknown = Synced ]
+ sleep 5
+ kubectl -n argocd get application petclinic -o jsonpath={.status.sync.status}
+ ARGO_SYNC=Unknown
+ kubectl -n argocd get application petclinic -o jsonpath={.status.health.status}
+ ARGO_HEALTH=Healthy
+ kubectl -n argocd get application petclinic -o jsonpath={.status.sync.revision}
+ ARGO_REVISION=main
+ echo ARGO_CHECK=93 SYNC=Unknown HEALTH=Healthy REVISION=main
ARGO_CHECK=93 SYNC=Unknown HEALTH=Healthy REVISION=main
+ [ Unknown = Synced ]
+ sleep 5
+ kubectl -n argocd get application petclinic -o jsonpath={.status.sync.status}
+ ARGO_SYNC=Unknown
+ kubectl -n argocd get application petclinic -o jsonpath={.status.health.status}
+ ARGO_HEALTH=Healthy
+ kubectl -n argocd get application petclinic -o jsonpath={.status.sync.revision}
+ ARGO_REVISION=main
+ echo ARGO_CHECK=94 SYNC=Unknown HEALTH=Healthy REVISION=main
ARGO_CHECK=94 SYNC=Unknown HEALTH=Healthy REVISION=main
+ [ Unknown = Synced ]
+ sleep 5
+ kubectl -n argocd get application petclinic -o jsonpath={.status.sync.status}
+ ARGO_SYNC=Unknown
+ kubectl -n argocd get application petclinic -o jsonpath={.status.health.status}
+ ARGO_HEALTH=Healthy
+ kubectl -n argocd get application petclinic -o jsonpath={.status.sync.revision}
+ ARGO_REVISION=main
+ echo ARGO_CHECK=95 SYNC=Unknown HEALTH=Healthy REVISION=main
ARGO_CHECK=95 SYNC=Unknown HEALTH=Healthy REVISION=main
+ [ Unknown = Synced ]
+ sleep 5
+ kubectl -n argocd get application petclinic -o jsonpath={.status.sync.status}
+ ARGO_SYNC=Unknown
+ kubectl -n argocd get application petclinic -o jsonpath={.status.health.status}
+ ARGO_HEALTH=Healthy
+ kubectl -n argocd get application petclinic -o jsonpath={.status.sync.revision}
+ ARGO_REVISION=main
+ echo ARGO_CHECK=96 SYNC=Unknown HEALTH=Healthy REVISION=main
ARGO_CHECK=96 SYNC=Unknown HEALTH=Healthy REVISION=main
+ [ Unknown = Synced ]
+ sleep 5
+ kubectl -n argocd get application petclinic -o jsonpath={.status.sync.status}
+ ARGO_SYNC=Unknown
+ kubectl -n argocd get application petclinic -o jsonpath={.status.health.status}
+ ARGO_HEALTH=Healthy
+ kubectl -n argocd get application petclinic -o jsonpath={.status.sync.revision}
+ ARGO_REVISION=main
+ echo ARGO_CHECK=97 SYNC=Unknown HEALTH=Healthy REVISION=main
ARGO_CHECK=97 SYNC=Unknown HEALTH=Healthy REVISION=main
+ [ Unknown = Synced ]
+ sleep 5
+ kubectl -n argocd get application petclinic -o jsonpath={.status.sync.status}
+ ARGO_SYNC=Synced
+ kubectl -n argocd get application petclinic -o jsonpath={.status.health.status}
+ ARGO_HEALTH=Progressing
+ kubectl -n argocd get application petclinic -o jsonpath={.status.sync.revision}
+ ARGO_REVISION=8f0098c988f3413296f26443b87a0eb1f92ca946
+ echo ARGO_CHECK=98 SYNC=Synced HEALTH=Progressing REVISION=8f0098c988f3413296f26443b87a0eb1f92ca946
ARGO_CHECK=98 SYNC=Synced HEALTH=Progressing REVISION=8f0098c988f3413296f26443b87a0eb1f92ca946
+ [ Synced = Synced ]
+ [ Progressing = Healthy ]
+ sleep 5
+ kubectl -n argocd get application petclinic -o jsonpath={.status.sync.status}
+ ARGO_SYNC=Synced
+ kubectl -n argocd get application petclinic -o jsonpath={.status.health.status}
+ ARGO_HEALTH=Progressing
+ kubectl -n argocd get application petclinic -o jsonpath={.status.sync.revision}
+ ARGO_REVISION=8f0098c988f3413296f26443b87a0eb1f92ca946
+ echo ARGO_CHECK=99 SYNC=Synced HEALTH=Progressing REVISION=8f0098c988f3413296f26443b87a0eb1f92ca946
ARGO_CHECK=99 SYNC=Synced HEALTH=Progressing REVISION=8f0098c988f3413296f26443b87a0eb1f92ca946
+ [ Synced = Synced ]
+ [ Progressing = Healthy ]
+ sleep 5
+ kubectl -n argocd get application petclinic -o jsonpath={.status.sync.status}
+ ARGO_SYNC=Synced
+ kubectl -n argocd get application petclinic -o jsonpath={.status.health.status}
+ ARGO_HEALTH=Progressing
+ kubectl -n argocd get application petclinic -o jsonpath={.status.sync.revision}
+ ARGO_REVISION=8f0098c988f3413296f26443b87a0eb1f92ca946
+ echo ARGO_CHECK=100 SYNC=Synced HEALTH=Progressing REVISION=8f0098c988f3413296f26443b87a0eb1f92ca946
ARGO_CHECK=100 SYNC=Synced HEALTH=Progressing REVISION=8f0098c988f3413296f26443b87a0eb1f92ca946
+ [ Synced = Synced ]
+ [ Progressing = Healthy ]
+ sleep 5
+ kubectl -n argocd get application petclinic -o jsonpath={.status.sync.status}
+ ARGO_SYNC=Synced
+ kubectl -n argocd get application petclinic -o jsonpath={.status.health.status}
+ ARGO_HEALTH=Progressing
+ kubectl -n argocd get application petclinic -o jsonpath={.status.sync.revision}
+ ARGO_REVISION=8f0098c988f3413296f26443b87a0eb1f92ca946
+ echo ARGO_CHECK=101 SYNC=Synced HEALTH=Progressing REVISION=8f0098c988f3413296f26443b87a0eb1f92ca946
ARGO_CHECK=101 SYNC=Synced HEALTH=Progressing REVISION=8f0098c988f3413296f26443b87a0eb1f92ca946
+ [ Synced = Synced ]
+ [ Progressing = Healthy ]
+ sleep 5
+ kubectl -n argocd get application petclinic -o jsonpath={.status.sync.status}
+ ARGO_SYNC=Synced
+ kubectl -n argocd get application petclinic -o jsonpath={.status.health.status}
+ ARGO_HEALTH=Progressing
+ kubectl -n argocd get application petclinic -o jsonpath={.status.sync.revision}
+ ARGO_REVISION=8f0098c988f3413296f26443b87a0eb1f92ca946
+ echo ARGO_CHECK=102 SYNC=Synced HEALTH=Progressing REVISION=8f0098c988f3413296f26443b87a0eb1f92ca946
ARGO_CHECK=102 SYNC=Synced HEALTH=Progressing REVISION=8f0098c988f3413296f26443b87a0eb1f92ca946
+ [ Synced = Synced ]
+ [ Progressing = Healthy ]
+ sleep 5
+ kubectl -n argocd get application petclinic -o jsonpath={.status.sync.status}
+ ARGO_SYNC=Synced
+ kubectl -n argocd get application petclinic -o jsonpath={.status.health.status}
+ ARGO_HEALTH=Progressing
+ kubectl -n argocd get application petclinic -o jsonpath={.status.sync.revision}
+ ARGO_REVISION=8f0098c988f3413296f26443b87a0eb1f92ca946
+ echo ARGO_CHECK=103 SYNC=Synced HEALTH=Progressing REVISION=8f0098c988f3413296f26443b87a0eb1f92ca946
ARGO_CHECK=103 SYNC=Synced HEALTH=Progressing REVISION=8f0098c988f3413296f26443b87a0eb1f92ca946
+ [ Synced = Synced ]
+ [ Progressing = Healthy ]
+ sleep 5
+ kubectl -n argocd get application petclinic -o jsonpath={.status.sync.status}
+ ARGO_SYNC=Synced
+ kubectl -n argocd get application petclinic -o jsonpath={.status.health.status}
+ ARGO_HEALTH=Progressing
+ kubectl -n argocd get application petclinic -o jsonpath={.status.sync.revision}
+ ARGO_REVISION=8f0098c988f3413296f26443b87a0eb1f92ca946
+ echo ARGO_CHECK=104 SYNC=Synced HEALTH=Progressing REVISION=8f0098c988f3413296f26443b87a0eb1f92ca946
ARGO_CHECK=104 SYNC=Synced HEALTH=Progressing REVISION=8f0098c988f3413296f26443b87a0eb1f92ca946
+ [ Synced = Synced ]
+ [ Progressing = Healthy ]
+ sleep 5
+ kubectl -n argocd get application petclinic -o jsonpath={.status.sync.status}
+ ARGO_SYNC=Synced
+ kubectl -n argocd get application petclinic -o jsonpath={.status.health.status}
+ ARGO_HEALTH=Progressing
+ kubectl -n argocd get application petclinic -o jsonpath={.status.sync.revision}
+ ARGO_REVISION=8f0098c988f3413296f26443b87a0eb1f92ca946
+ echo ARGO_CHECK=105 SYNC=Synced HEALTH=Progressing REVISION=8f0098c988f3413296f26443b87a0eb1f92ca946
ARGO_CHECK=105 SYNC=Synced HEALTH=Progressing REVISION=8f0098c988f3413296f26443b87a0eb1f92ca946
+ [ Synced = Synced ]
+ [ Progressing = Healthy ]
+ sleep 5
+ kubectl -n argocd get application petclinic -o jsonpath={.status.sync.status}
+ ARGO_SYNC=Synced
+ kubectl -n argocd get application petclinic -o jsonpath={.status.health.status}
+ ARGO_HEALTH=Progressing
+ kubectl -n argocd get application petclinic -o jsonpath={.status.sync.revision}
+ ARGO_REVISION=8f0098c988f3413296f26443b87a0eb1f92ca946
+ echo ARGO_CHECK=106 SYNC=Synced HEALTH=Progressing REVISION=8f0098c988f3413296f26443b87a0eb1f92ca946
ARGO_CHECK=106 SYNC=Synced HEALTH=Progressing REVISION=8f0098c988f3413296f26443b87a0eb1f92ca946
+ [ Synced = Synced ]
+ [ Progressing = Healthy ]
+ sleep 5
+ kubectl -n argocd get application petclinic -o jsonpath={.status.sync.status}
+ ARGO_SYNC=Synced
+ kubectl -n argocd get application petclinic -o jsonpath={.status.health.status}
+ ARGO_HEALTH=Progressing
+ kubectl -n argocd get application petclinic -o jsonpath={.status.sync.revision}
+ ARGO_REVISION=8f0098c988f3413296f26443b87a0eb1f92ca946
+ echo ARGO_CHECK=107 SYNC=Synced HEALTH=Progressing REVISION=8f0098c988f3413296f26443b87a0eb1f92ca946
ARGO_CHECK=107 SYNC=Synced HEALTH=Progressing REVISION=8f0098c988f3413296f26443b87a0eb1f92ca946
+ [ Synced = Synced ]
+ [ Progressing = Healthy ]
+ sleep 5
+ kubectl -n argocd get application petclinic -o jsonpath={.status.sync.status}
+ ARGO_SYNC=Synced
+ kubectl -n argocd get application petclinic -o jsonpath={.status.health.status}
+ ARGO_HEALTH=Progressing
+ kubectl -n argocd get application petclinic -o jsonpath={.status.sync.revision}
+ ARGO_REVISION=8f0098c988f3413296f26443b87a0eb1f92ca946
+ echo ARGO_CHECK=108 SYNC=Synced HEALTH=Progressing REVISION=8f0098c988f3413296f26443b87a0eb1f92ca946
ARGO_CHECK=108 SYNC=Synced HEALTH=Progressing REVISION=8f0098c988f3413296f26443b87a0eb1f92ca946
+ [ Synced = Synced ]
+ [ Progressing = Healthy ]
+ sleep 5
+ kubectl -n argocd get application petclinic -o jsonpath={.status.sync.status}
+ ARGO_SYNC=Synced
+ kubectl -n argocd get application petclinic -o jsonpath={.status.health.status}
+ ARGO_HEALTH=Progressing
+ kubectl -n argocd get application petclinic -o jsonpath={.status.sync.revision}
+ ARGO_REVISION=8f0098c988f3413296f26443b87a0eb1f92ca946
+ echo ARGO_CHECK=109 SYNC=Synced HEALTH=Progressing REVISION=8f0098c988f3413296f26443b87a0eb1f92ca946
ARGO_CHECK=109 SYNC=Synced HEALTH=Progressing REVISION=8f0098c988f3413296f26443b87a0eb1f92ca946
+ [ Synced = Synced ]
+ [ Progressing = Healthy ]
+ sleep 5
+ kubectl -n argocd get application petclinic -o jsonpath={.status.sync.status}
+ ARGO_SYNC=Synced
+ kubectl -n argocd get application petclinic -o jsonpath={.status.health.status}
+ ARGO_HEALTH=Progressing
+ kubectl -n argocd get application petclinic -o jsonpath={.status.sync.revision}
+ ARGO_REVISION=8f0098c988f3413296f26443b87a0eb1f92ca946
+ echo ARGO_CHECK=110 SYNC=Synced HEALTH=Progressing REVISION=8f0098c988f3413296f26443b87a0eb1f92ca946
ARGO_CHECK=110 SYNC=Synced HEALTH=Progressing REVISION=8f0098c988f3413296f26443b87a0eb1f92ca946
+ [ Synced = Synced ]
+ [ Progressing = Healthy ]
+ sleep 5
+ kubectl -n argocd get application petclinic -o jsonpath={.status.sync.status}
+ ARGO_SYNC=Synced
+ kubectl -n argocd get application petclinic -o jsonpath={.status.health.status}
+ ARGO_HEALTH=Progressing
+ kubectl -n argocd get application petclinic -o jsonpath={.status.sync.revision}
+ ARGO_REVISION=8f0098c988f3413296f26443b87a0eb1f92ca946
+ echo ARGO_CHECK=111 SYNC=Synced HEALTH=Progressing REVISION=8f0098c988f3413296f26443b87a0eb1f92ca946
ARGO_CHECK=111 SYNC=Synced HEALTH=Progressing REVISION=8f0098c988f3413296f26443b87a0eb1f92ca946
+ [ Synced = Synced ]
+ [ Progressing = Healthy ]
+ sleep 5
+ kubectl -n argocd get application petclinic -o jsonpath={.status.sync.status}
+ ARGO_SYNC=Synced
+ kubectl -n argocd get application petclinic -o jsonpath={.status.health.status}
+ ARGO_HEALTH=Progressing
+ kubectl -n argocd get application petclinic -o jsonpath={.status.sync.revision}
+ ARGO_REVISION=8f0098c988f3413296f26443b87a0eb1f92ca946
+ echo ARGO_CHECK=112 SYNC=Synced HEALTH=Progressing REVISION=8f0098c988f3413296f26443b87a0eb1f92ca946
ARGO_CHECK=112 SYNC=Synced HEALTH=Progressing REVISION=8f0098c988f3413296f26443b87a0eb1f92ca946
+ [ Synced = Synced ]
+ [ Progressing = Healthy ]
+ sleep 5
+ kubectl -n argocd get application petclinic -o jsonpath={.status.sync.status}
+ ARGO_SYNC=Synced
+ kubectl -n argocd get application petclinic -o jsonpath={.status.health.status}
+ ARGO_HEALTH=Progressing
+ kubectl -n argocd get application petclinic -o jsonpath={.status.sync.revision}
+ ARGO_REVISION=8f0098c988f3413296f26443b87a0eb1f92ca946
+ echo ARGO_CHECK=113 SYNC=Synced HEALTH=Progressing REVISION=8f0098c988f3413296f26443b87a0eb1f92ca946
ARGO_CHECK=113 SYNC=Synced HEALTH=Progressing REVISION=8f0098c988f3413296f26443b87a0eb1f92ca946
+ [ Synced = Synced ]
+ [ Progressing = Healthy ]
+ sleep 5
+ kubectl -n argocd get application petclinic -o jsonpath={.status.sync.status}
+ ARGO_SYNC=Synced
+ kubectl -n argocd get application petclinic -o jsonpath={.status.health.status}
+ ARGO_HEALTH=Progressing
+ kubectl -n argocd get application petclinic -o jsonpath={.status.sync.revision}
+ ARGO_REVISION=8f0098c988f3413296f26443b87a0eb1f92ca946
+ echo ARGO_CHECK=114 SYNC=Synced HEALTH=Progressing REVISION=8f0098c988f3413296f26443b87a0eb1f92ca946
ARGO_CHECK=114 SYNC=Synced HEALTH=Progressing REVISION=8f0098c988f3413296f26443b87a0eb1f92ca946
+ [ Synced = Synced ]
+ [ Progressing = Healthy ]
+ sleep 5
+ kubectl -n argocd get application petclinic -o jsonpath={.status.sync.status}
+ ARGO_SYNC=Synced
+ kubectl -n argocd get application petclinic -o jsonpath={.status.health.status}
+ ARGO_HEALTH=Progressing
+ kubectl -n argocd get application petclinic -o jsonpath={.status.sync.revision}
+ ARGO_REVISION=8f0098c988f3413296f26443b87a0eb1f92ca946
+ echo ARGO_CHECK=115 SYNC=Synced HEALTH=Progressing REVISION=8f0098c988f3413296f26443b87a0eb1f92ca946
ARGO_CHECK=115 SYNC=Synced HEALTH=Progressing REVISION=8f0098c988f3413296f26443b87a0eb1f92ca946
+ [ Synced = Synced ]
+ [ Progressing = Healthy ]
+ sleep 5
+ kubectl -n argocd get application petclinic -o jsonpath={.status.sync.status}
+ ARGO_SYNC=Synced
+ kubectl -n argocd get application petclinic -o jsonpath={.status.health.status}
+ ARGO_HEALTH=Progressing
+ kubectl -n argocd get application petclinic -o jsonpath={.status.sync.revision}
+ ARGO_REVISION=8f0098c988f3413296f26443b87a0eb1f92ca946
+ echo ARGO_CHECK=116 SYNC=Synced HEALTH=Progressing REVISION=8f0098c988f3413296f26443b87a0eb1f92ca946
ARGO_CHECK=116 SYNC=Synced HEALTH=Progressing REVISION=8f0098c988f3413296f26443b87a0eb1f92ca946
+ [ Synced = Synced ]
+ [ Progressing = Healthy ]
+ sleep 5
+ kubectl -n argocd get application petclinic -o jsonpath={.status.sync.status}
+ ARGO_SYNC=Synced
+ kubectl -n argocd get application petclinic -o jsonpath={.status.health.status}
+ ARGO_HEALTH=Progressing
+ kubectl -n argocd get application petclinic -o jsonpath={.status.sync.revision}
+ ARGO_REVISION=8f0098c988f3413296f26443b87a0eb1f92ca946
+ echo ARGO_CHECK=117 SYNC=Synced HEALTH=Progressing REVISION=8f0098c988f3413296f26443b87a0eb1f92ca946
ARGO_CHECK=117 SYNC=Synced HEALTH=Progressing REVISION=8f0098c988f3413296f26443b87a0eb1f92ca946
+ [ Synced = Synced ]
+ [ Progressing = Healthy ]
+ sleep 5
+ kubectl -n argocd get application petclinic -o jsonpath={.status.sync.status}
+ ARGO_SYNC=Synced
+ kubectl -n argocd get application petclinic -o jsonpath={.status.health.status}
+ ARGO_HEALTH=Progressing
+ kubectl -n argocd get application petclinic -o jsonpath={.status.sync.revision}
+ ARGO_REVISION=8f0098c988f3413296f26443b87a0eb1f92ca946
+ echo ARGO_CHECK=118 SYNC=Synced HEALTH=Progressing REVISION=8f0098c988f3413296f26443b87a0eb1f92ca946
ARGO_CHECK=118 SYNC=Synced HEALTH=Progressing REVISION=8f0098c988f3413296f26443b87a0eb1f92ca946
+ [ Synced = Synced ]
+ [ Progressing = Healthy ]
+ sleep 5
+ kubectl -n argocd get application petclinic -o jsonpath={.status.sync.status}
+ ARGO_SYNC=Synced
+ kubectl -n argocd get application petclinic -o jsonpath={.status.health.status}
+ ARGO_HEALTH=Progressing
+ kubectl -n argocd get application petclinic -o jsonpath={.status.sync.revision}
+ ARGO_REVISION=8f0098c988f3413296f26443b87a0eb1f92ca946
+ echo ARGO_CHECK=119 SYNC=Synced HEALTH=Progressing REVISION=8f0098c988f3413296f26443b87a0eb1f92ca946
ARGO_CHECK=119 SYNC=Synced HEALTH=Progressing REVISION=8f0098c988f3413296f26443b87a0eb1f92ca946
+ [ Synced = Synced ]
+ [ Progressing = Healthy ]
+ sleep 5
+ kubectl -n argocd get application petclinic -o jsonpath={.status.sync.status}
+ ARGO_SYNC=Synced
+ kubectl -n argocd get application petclinic -o jsonpath={.status.health.status}
+ ARGO_HEALTH=Progressing
+ kubectl -n argocd get application petclinic -o jsonpath={.status.sync.revision}
+ ARGO_REVISION=8f0098c988f3413296f26443b87a0eb1f92ca946
+ echo ARGO_CHECK=120 SYNC=Synced HEALTH=Progressing REVISION=8f0098c988f3413296f26443b87a0eb1f92ca946
ARGO_CHECK=120 SYNC=Synced HEALTH=Progressing REVISION=8f0098c988f3413296f26443b87a0eb1f92ca946
+ [ Synced = Synced ]
+ [ Progressing = Healthy ]
+ sleep 5
+ kubectl -n argocd get application petclinic -o jsonpath={.status.sync.status}
+ ARGO_SYNC=Synced
+ kubectl -n argocd get application petclinic -o jsonpath={.status.health.status}
+ ARGO_HEALTH=Progressing
+ kubectl -n argocd get application petclinic -o jsonpath={.status.sync.revision}
+ ARGO_REVISION=8f0098c988f3413296f26443b87a0eb1f92ca946
+ echo ARGO_CHECK=121 SYNC=Synced HEALTH=Progressing REVISION=8f0098c988f3413296f26443b87a0eb1f92ca946
ARGO_CHECK=121 SYNC=Synced HEALTH=Progressing REVISION=8f0098c988f3413296f26443b87a0eb1f92ca946
+ [ Synced = Synced ]
+ [ Progressing = Healthy ]
+ sleep 5
+ kubectl -n argocd get application petclinic -o jsonpath={.status.sync.status}
+ ARGO_SYNC=Synced
+ kubectl -n argocd get application petclinic -o jsonpath={.status.health.status}
+ ARGO_HEALTH=Progressing
+ kubectl -n argocd get application petclinic -o jsonpath={.status.sync.revision}
+ ARGO_REVISION=8f0098c988f3413296f26443b87a0eb1f92ca946
+ echo ARGO_CHECK=122 SYNC=Synced HEALTH=Progressing REVISION=8f0098c988f3413296f26443b87a0eb1f92ca946
ARGO_CHECK=122 SYNC=Synced HEALTH=Progressing REVISION=8f0098c988f3413296f26443b87a0eb1f92ca946
+ [ Synced = Synced ]
+ [ Progressing = Healthy ]
+ sleep 5
+ kubectl -n argocd get application petclinic -o jsonpath={.status.sync.status}
+ ARGO_SYNC=Synced
+ kubectl -n argocd get application petclinic -o jsonpath={.status.health.status}
+ ARGO_HEALTH=Progressing
+ kubectl -n argocd get application petclinic -o jsonpath={.status.sync.revision}
+ ARGO_REVISION=8f0098c988f3413296f26443b87a0eb1f92ca946
+ echo ARGO_CHECK=123 SYNC=Synced HEALTH=Progressing REVISION=8f0098c988f3413296f26443b87a0eb1f92ca946
ARGO_CHECK=123 SYNC=Synced HEALTH=Progressing REVISION=8f0098c988f3413296f26443b87a0eb1f92ca946
+ [ Synced = Synced ]
+ [ Progressing = Healthy ]
+ sleep 5
+ kubectl -n argocd get application petclinic -o jsonpath={.status.sync.status}
+ ARGO_SYNC=Synced
+ kubectl -n argocd get application petclinic -o jsonpath={.status.health.status}
+ ARGO_HEALTH=Progressing
+ kubectl -n argocd get application petclinic -o jsonpath={.status.sync.revision}
+ ARGO_REVISION=8f0098c988f3413296f26443b87a0eb1f92ca946
+ echo ARGO_CHECK=124 SYNC=Synced HEALTH=Progressing REVISION=8f0098c988f3413296f26443b87a0eb1f92ca946
ARGO_CHECK=124 SYNC=Synced HEALTH=Progressing REVISION=8f0098c988f3413296f26443b87a0eb1f92ca946
+ [ Synced = Synced ]
+ [ Progressing = Healthy ]
+ sleep 5
+ kubectl -n argocd get application petclinic -o jsonpath={.status.sync.status}
+ ARGO_SYNC=Synced
+ kubectl -n argocd get application petclinic -o jsonpath={.status.health.status}
+ ARGO_HEALTH=Progressing
+ kubectl -n argocd get application petclinic -o jsonpath={.status.sync.revision}
+ ARGO_REVISION=8f0098c988f3413296f26443b87a0eb1f92ca946
+ echo ARGO_CHECK=125 SYNC=Synced HEALTH=Progressing REVISION=8f0098c988f3413296f26443b87a0eb1f92ca946
ARGO_CHECK=125 SYNC=Synced HEALTH=Progressing REVISION=8f0098c988f3413296f26443b87a0eb1f92ca946
+ [ Synced = Synced ]
+ [ Progressing = Healthy ]
+ sleep 5
+ kubectl -n argocd get application petclinic -o jsonpath={.status.sync.status}
+ ARGO_SYNC=Synced
+ kubectl -n argocd get application petclinic -o jsonpath={.status.health.status}
+ ARGO_HEALTH=Progressing
+ kubectl -n argocd get application petclinic -o jsonpath={.status.sync.revision}
+ ARGO_REVISION=8f0098c988f3413296f26443b87a0eb1f92ca946
+ echo ARGO_CHECK=126 SYNC=Synced HEALTH=Progressing REVISION=8f0098c988f3413296f26443b87a0eb1f92ca946
ARGO_CHECK=126 SYNC=Synced HEALTH=Progressing REVISION=8f0098c988f3413296f26443b87a0eb1f92ca946
+ [ Synced = Synced ]
+ [ Progressing = Healthy ]
+ sleep 5
+ kubectl -n argocd get application petclinic -o jsonpath={.status.sync.status}
+ ARGO_SYNC=Synced
+ kubectl -n argocd get application petclinic -o jsonpath={.status.health.status}
+ ARGO_HEALTH=Progressing
+ kubectl -n argocd get application petclinic -o jsonpath={.status.sync.revision}
+ ARGO_REVISION=8f0098c988f3413296f26443b87a0eb1f92ca946
+ echo ARGO_CHECK=127 SYNC=Synced HEALTH=Progressing REVISION=8f0098c988f3413296f26443b87a0eb1f92ca946
ARGO_CHECK=127 SYNC=Synced HEALTH=Progressing REVISION=8f0098c988f3413296f26443b87a0eb1f92ca946
+ [ Synced = Synced ]
+ [ Progressing = Healthy ]
+ sleep 5
+ kubectl -n argocd get application petclinic -o jsonpath={.status.sync.status}
+ ARGO_SYNC=Synced
+ kubectl -n argocd get application petclinic -o jsonpath={.status.health.status}
+ ARGO_HEALTH=Progressing
+ kubectl -n argocd get application petclinic -o jsonpath={.status.sync.revision}
+ ARGO_REVISION=8f0098c988f3413296f26443b87a0eb1f92ca946
+ echo ARGO_CHECK=128 SYNC=Synced HEALTH=Progressing REVISION=8f0098c988f3413296f26443b87a0eb1f92ca946
ARGO_CHECK=128 SYNC=Synced HEALTH=Progressing REVISION=8f0098c988f3413296f26443b87a0eb1f92ca946
+ [ Synced = Synced ]
+ [ Progressing = Healthy ]
+ sleep 5
+ kubectl -n argocd get application petclinic -o jsonpath={.status.sync.status}
+ ARGO_SYNC=Synced
+ kubectl -n argocd get application petclinic -o jsonpath={.status.health.status}
+ ARGO_HEALTH=Progressing
+ kubectl -n argocd get application petclinic -o jsonpath={.status.sync.revision}
+ ARGO_REVISION=8f0098c988f3413296f26443b87a0eb1f92ca946
+ echo ARGO_CHECK=129 SYNC=Synced HEALTH=Progressing REVISION=8f0098c988f3413296f26443b87a0eb1f92ca946
ARGO_CHECK=129 SYNC=Synced HEALTH=Progressing REVISION=8f0098c988f3413296f26443b87a0eb1f92ca946
+ [ Synced = Synced ]
+ [ Progressing = Healthy ]
+ sleep 5
+ kubectl -n argocd get application petclinic -o jsonpath={.status.sync.status}
+ ARGO_SYNC=Synced
+ kubectl -n argocd get application petclinic -o jsonpath={.status.health.status}
+ ARGO_HEALTH=Progressing
+ kubectl -n argocd get application petclinic -o jsonpath={.status.sync.revision}
+ ARGO_REVISION=8f0098c988f3413296f26443b87a0eb1f92ca946
+ echo ARGO_CHECK=130 SYNC=Synced HEALTH=Progressing REVISION=8f0098c988f3413296f26443b87a0eb1f92ca946
ARGO_CHECK=130 SYNC=Synced HEALTH=Progressing REVISION=8f0098c988f3413296f26443b87a0eb1f92ca946
+ [ Synced = Synced ]
+ [ Progressing = Healthy ]
+ sleep 5
+ kubectl -n argocd get application petclinic -o jsonpath={.status.sync.status}
+ ARGO_SYNC=Synced
+ kubectl -n argocd get application petclinic -o jsonpath={.status.health.status}
+ ARGO_HEALTH=Progressing
+ kubectl -n argocd get application petclinic -o jsonpath={.status.sync.revision}
+ ARGO_REVISION=8f0098c988f3413296f26443b87a0eb1f92ca946
+ echo ARGO_CHECK=131 SYNC=Synced HEALTH=Progressing REVISION=8f0098c988f3413296f26443b87a0eb1f92ca946
ARGO_CHECK=131 SYNC=Synced HEALTH=Progressing REVISION=8f0098c988f3413296f26443b87a0eb1f92ca946
+ [ Synced = Synced ]
+ [ Progressing = Healthy ]
+ sleep 5
+ kubectl -n argocd get application petclinic -o jsonpath={.status.sync.status}
+ ARGO_SYNC=Synced
+ kubectl -n argocd get application petclinic -o jsonpath={.status.health.status}
+ ARGO_HEALTH=Progressing
+ kubectl -n argocd get application petclinic -o jsonpath={.status.sync.revision}
+ ARGO_REVISION=8f0098c988f3413296f26443b87a0eb1f92ca946
+ echo ARGO_CHECK=132 SYNC=Synced HEALTH=Progressing REVISION=8f0098c988f3413296f26443b87a0eb1f92ca946
ARGO_CHECK=132 SYNC=Synced HEALTH=Progressing REVISION=8f0098c988f3413296f26443b87a0eb1f92ca946
+ [ Synced = Synced ]
+ [ Progressing = Healthy ]
+ sleep 5
+ kubectl -n argocd get application petclinic -o jsonpath={.status.sync.status}
+ ARGO_SYNC=Synced
+ kubectl -n argocd get application petclinic -o jsonpath={.status.health.status}
+ ARGO_HEALTH=Progressing
+ kubectl -n argocd get application petclinic -o jsonpath={.status.sync.revision}
+ ARGO_REVISION=8f0098c988f3413296f26443b87a0eb1f92ca946
+ echo ARGO_CHECK=133 SYNC=Synced HEALTH=Progressing REVISION=8f0098c988f3413296f26443b87a0eb1f92ca946
ARGO_CHECK=133 SYNC=Synced HEALTH=Progressing REVISION=8f0098c988f3413296f26443b87a0eb1f92ca946
+ [ Synced = Synced ]
+ [ Progressing = Healthy ]
+ sleep 5
+ kubectl -n argocd get application petclinic -o jsonpath={.status.sync.status}
+ ARGO_SYNC=Synced
+ kubectl -n argocd get application petclinic -o jsonpath={.status.health.status}
+ ARGO_HEALTH=Progressing
+ kubectl -n argocd get application petclinic -o jsonpath={.status.sync.revision}
+ ARGO_REVISION=8f0098c988f3413296f26443b87a0eb1f92ca946
+ echo ARGO_CHECK=134 SYNC=Synced HEALTH=Progressing REVISION=8f0098c988f3413296f26443b87a0eb1f92ca946
ARGO_CHECK=134 SYNC=Synced HEALTH=Progressing REVISION=8f0098c988f3413296f26443b87a0eb1f92ca946
+ [ Synced = Synced ]
+ [ Progressing = Healthy ]
+ sleep 5
+ kubectl -n argocd get application petclinic -o jsonpath={.status.sync.status}
+ ARGO_SYNC=Synced
+ kubectl -n argocd get application petclinic -o jsonpath={.status.health.status}
+ ARGO_HEALTH=Progressing
+ kubectl -n argocd get application petclinic -o jsonpath={.status.sync.revision}
+ ARGO_REVISION=8f0098c988f3413296f26443b87a0eb1f92ca946
+ echo ARGO_CHECK=135 SYNC=Synced HEALTH=Progressing REVISION=8f0098c988f3413296f26443b87a0eb1f92ca946
ARGO_CHECK=135 SYNC=Synced HEALTH=Progressing REVISION=8f0098c988f3413296f26443b87a0eb1f92ca946
+ [ Synced = Synced ]
+ [ Progressing = Healthy ]
+ sleep 5
+ kubectl -n argocd get application petclinic -o jsonpath={.status.sync.status}
+ ARGO_SYNC=Synced
+ kubectl -n argocd get application petclinic -o jsonpath={.status.health.status}
+ ARGO_HEALTH=Progressing
+ kubectl -n argocd get application petclinic -o jsonpath={.status.sync.revision}
+ ARGO_REVISION=8f0098c988f3413296f26443b87a0eb1f92ca946
+ echo ARGO_CHECK=136 SYNC=Synced HEALTH=Progressing REVISION=8f0098c988f3413296f26443b87a0eb1f92ca946
ARGO_CHECK=136 SYNC=Synced HEALTH=Progressing REVISION=8f0098c988f3413296f26443b87a0eb1f92ca946
+ [ Synced = Synced ]
+ [ Progressing = Healthy ]
+ sleep 5
+ kubectl -n argocd get application petclinic -o jsonpath={.status.sync.status}
+ ARGO_SYNC=Synced
+ kubectl -n argocd get application petclinic -o jsonpath={.status.health.status}
+ ARGO_HEALTH=Progressing
+ kubectl -n argocd get application petclinic -o jsonpath={.status.sync.revision}
+ ARGO_REVISION=8f0098c988f3413296f26443b87a0eb1f92ca946
+ echo ARGO_CHECK=137 SYNC=Synced HEALTH=Progressing REVISION=8f0098c988f3413296f26443b87a0eb1f92ca946
ARGO_CHECK=137 SYNC=Synced HEALTH=Progressing REVISION=8f0098c988f3413296f26443b87a0eb1f92ca946
+ [ Synced = Synced ]
+ [ Progressing = Healthy ]
+ sleep 5
+ kubectl -n argocd get application petclinic -o jsonpath={.status.sync.status}
+ ARGO_SYNC=Synced
+ kubectl -n argocd get application petclinic -o jsonpath={.status.health.status}
+ ARGO_HEALTH=Progressing
+ kubectl -n argocd get application petclinic -o jsonpath={.status.sync.revision}
+ ARGO_REVISION=8f0098c988f3413296f26443b87a0eb1f92ca946
+ echo ARGO_CHECK=138 SYNC=Synced HEALTH=Progressing REVISION=8f0098c988f3413296f26443b87a0eb1f92ca946
ARGO_CHECK=138 SYNC=Synced HEALTH=Progressing REVISION=8f0098c988f3413296f26443b87a0eb1f92ca946
+ [ Synced = Synced ]
+ [ Progressing = Healthy ]
+ sleep 5
+ kubectl -n argocd get application petclinic -o jsonpath={.status.sync.status}
+ ARGO_SYNC=Synced
+ kubectl -n argocd get application petclinic -o jsonpath={.status.health.status}
+ ARGO_HEALTH=Progressing
+ kubectl -n argocd get application petclinic -o jsonpath={.status.sync.revision}
+ ARGO_REVISION=8f0098c988f3413296f26443b87a0eb1f92ca946
+ echo ARGO_CHECK=139 SYNC=Synced HEALTH=Progressing REVISION=8f0098c988f3413296f26443b87a0eb1f92ca946
ARGO_CHECK=139 SYNC=Synced HEALTH=Progressing REVISION=8f0098c988f3413296f26443b87a0eb1f92ca946
+ [ Synced = Synced ]
+ [ Progressing = Healthy ]
+ sleep 5
+ kubectl -n argocd get application petclinic -o jsonpath={.status.sync.status}
+ ARGO_SYNC=Synced
+ kubectl -n argocd get application petclinic -o jsonpath={.status.health.status}
+ ARGO_HEALTH=Progressing
+ kubectl -n argocd get application petclinic -o jsonpath={.status.sync.revision}
+ ARGO_REVISION=8f0098c988f3413296f26443b87a0eb1f92ca946
+ echo ARGO_CHECK=140 SYNC=Synced HEALTH=Progressing REVISION=8f0098c988f3413296f26443b87a0eb1f92ca946
ARGO_CHECK=140 SYNC=Synced HEALTH=Progressing REVISION=8f0098c988f3413296f26443b87a0eb1f92ca946
+ [ Synced = Synced ]
+ [ Progressing = Healthy ]
+ sleep 5
+ kubectl -n argocd get application petclinic -o jsonpath={.status.sync.status}
+ ARGO_SYNC=Synced
+ kubectl -n argocd get application petclinic -o jsonpath={.status.health.status}
+ ARGO_HEALTH=Progressing
+ kubectl -n argocd get application petclinic -o jsonpath={.status.sync.revision}
+ ARGO_REVISION=8f0098c988f3413296f26443b87a0eb1f92ca946
+ echo ARGO_CHECK=141 SYNC=Synced HEALTH=Progressing REVISION=8f0098c988f3413296f26443b87a0eb1f92ca946
ARGO_CHECK=141 SYNC=Synced HEALTH=Progressing REVISION=8f0098c988f3413296f26443b87a0eb1f92ca946
+ [ Synced = Synced ]
+ [ Progressing = Healthy ]
+ sleep 5
+ kubectl -n argocd get application petclinic -o jsonpath={.status.sync.status}
+ ARGO_SYNC=Synced
+ kubectl -n argocd get application petclinic -o jsonpath={.status.health.status}
+ ARGO_HEALTH=Progressing
+ kubectl -n argocd get application petclinic -o jsonpath={.status.sync.revision}
+ ARGO_REVISION=8f0098c988f3413296f26443b87a0eb1f92ca946
+ echo ARGO_CHECK=142 SYNC=Synced HEALTH=Progressing REVISION=8f0098c988f3413296f26443b87a0eb1f92ca946
ARGO_CHECK=142 SYNC=Synced HEALTH=Progressing REVISION=8f0098c988f3413296f26443b87a0eb1f92ca946
+ [ Synced = Synced ]
+ [ Progressing = Healthy ]
+ sleep 5
+ kubectl -n argocd get application petclinic -o jsonpath={.status.sync.status}
+ ARGO_SYNC=Synced
+ kubectl -n argocd get application petclinic -o jsonpath={.status.health.status}
+ ARGO_HEALTH=Progressing
+ kubectl -n argocd get application petclinic -o jsonpath={.status.sync.revision}
+ ARGO_REVISION=8f0098c988f3413296f26443b87a0eb1f92ca946
+ echo ARGO_CHECK=143 SYNC=Synced HEALTH=Progressing REVISION=8f0098c988f3413296f26443b87a0eb1f92ca946
ARGO_CHECK=143 SYNC=Synced HEALTH=Progressing REVISION=8f0098c988f3413296f26443b87a0eb1f92ca946
+ [ Synced = Synced ]
+ [ Progressing = Healthy ]
+ sleep 5
+ kubectl -n argocd get application petclinic -o jsonpath={.status.sync.status}
+ ARGO_SYNC=Synced
+ kubectl -n argocd get application petclinic -o jsonpath={.status.health.status}
+ ARGO_HEALTH=Progressing
+ kubectl -n argocd get application petclinic -o jsonpath={.status.sync.revision}
+ ARGO_REVISION=8f0098c988f3413296f26443b87a0eb1f92ca946
+ echo ARGO_CHECK=144 SYNC=Synced HEALTH=Progressing REVISION=8f0098c988f3413296f26443b87a0eb1f92ca946
ARGO_CHECK=144 SYNC=Synced HEALTH=Progressing REVISION=8f0098c988f3413296f26443b87a0eb1f92ca946
+ [ Synced = Synced ]
+ [ Progressing = Healthy ]
+ sleep 5
+ kubectl -n argocd get application petclinic -o jsonpath={.status.sync.status}
+ ARGO_SYNC=Synced
+ kubectl -n argocd get application petclinic -o jsonpath={.status.health.status}
+ ARGO_HEALTH=Progressing
+ kubectl -n argocd get application petclinic -o jsonpath={.status.sync.revision}
+ ARGO_REVISION=8f0098c988f3413296f26443b87a0eb1f92ca946
+ echo ARGO_CHECK=145 SYNC=Synced HEALTH=Progressing REVISION=8f0098c988f3413296f26443b87a0eb1f92ca946
ARGO_CHECK=145 SYNC=Synced HEALTH=Progressing REVISION=8f0098c988f3413296f26443b87a0eb1f92ca946
+ [ Synced = Synced ]
+ [ Progressing = Healthy ]
+ sleep 5
+ kubectl -n argocd get application petclinic -o jsonpath={.status.sync.status}
+ ARGO_SYNC=Synced
+ kubectl -n argocd get application petclinic -o jsonpath={.status.health.status}
+ ARGO_HEALTH=Progressing
+ kubectl -n argocd get application petclinic -o jsonpath={.status.sync.revision}
+ ARGO_REVISION=8f0098c988f3413296f26443b87a0eb1f92ca946
+ echo ARGO_CHECK=146 SYNC=Synced HEALTH=Progressing REVISION=8f0098c988f3413296f26443b87a0eb1f92ca946
ARGO_CHECK=146 SYNC=Synced HEALTH=Progressing REVISION=8f0098c988f3413296f26443b87a0eb1f92ca946
+ [ Synced = Synced ]
+ [ Progressing = Healthy ]
+ sleep 5
+ kubectl -n argocd get application petclinic -o jsonpath={.status.sync.status}
+ ARGO_SYNC=Synced
+ kubectl -n argocd get application petclinic -o jsonpath={.status.health.status}
+ ARGO_HEALTH=Progressing
+ kubectl -n argocd get application petclinic -o jsonpath={.status.sync.revision}
+ ARGO_REVISION=8f0098c988f3413296f26443b87a0eb1f92ca946
+ echo ARGO_CHECK=147 SYNC=Synced HEALTH=Progressing REVISION=8f0098c988f3413296f26443b87a0eb1f92ca946
ARGO_CHECK=147 SYNC=Synced HEALTH=Progressing REVISION=8f0098c988f3413296f26443b87a0eb1f92ca946
+ [ Synced = Synced ]
+ [ Progressing = Healthy ]
+ sleep 5
+ kubectl -n argocd get application petclinic -o jsonpath={.status.sync.status}
+ ARGO_SYNC=Synced
+ kubectl -n argocd get application petclinic -o jsonpath={.status.health.status}
+ ARGO_HEALTH=Progressing
+ kubectl -n argocd get application petclinic -o jsonpath={.status.sync.revision}
+ ARGO_REVISION=8f0098c988f3413296f26443b87a0eb1f92ca946
+ echo ARGO_CHECK=148 SYNC=Synced HEALTH=Progressing REVISION=8f0098c988f3413296f26443b87a0eb1f92ca946
ARGO_CHECK=148 SYNC=Synced HEALTH=Progressing REVISION=8f0098c988f3413296f26443b87a0eb1f92ca946
+ [ Synced = Synced ]
+ [ Progressing = Healthy ]
+ sleep 5
+ kubectl -n argocd get application petclinic -o jsonpath={.status.sync.status}
+ ARGO_SYNC=Synced
+ kubectl -n argocd get application petclinic -o jsonpath={.status.health.status}
+ ARGO_HEALTH=Progressing
+ kubectl -n argocd get application petclinic -o jsonpath={.status.sync.revision}
+ ARGO_REVISION=8f0098c988f3413296f26443b87a0eb1f92ca946
+ echo ARGO_CHECK=149 SYNC=Synced HEALTH=Progressing REVISION=8f0098c988f3413296f26443b87a0eb1f92ca946
ARGO_CHECK=149 SYNC=Synced HEALTH=Progressing REVISION=8f0098c988f3413296f26443b87a0eb1f92ca946
+ [ Synced = Synced ]
+ [ Progressing = Healthy ]
+ sleep 5
+ kubectl -n argocd get application petclinic -o jsonpath={.status.sync.status}
+ ARGO_SYNC=Synced
+ kubectl -n argocd get application petclinic -o jsonpath={.status.health.status}
+ ARGO_HEALTH=Progressing
+ kubectl -n argocd get application petclinic -o jsonpath={.status.sync.revision}
+ ARGO_REVISION=8f0098c988f3413296f26443b87a0eb1f92ca946
+ echo ARGO_CHECK=150 SYNC=Synced HEALTH=Progressing REVISION=8f0098c988f3413296f26443b87a0eb1f92ca946
ARGO_CHECK=150 SYNC=Synced HEALTH=Progressing REVISION=8f0098c988f3413296f26443b87a0eb1f92ca946
+ [ Synced = Synced ]
+ [ Progressing = Healthy ]
+ sleep 5
+ kubectl -n argocd get application petclinic -o jsonpath={.status.sync.status}
+ ARGO_SYNC=Synced
+ kubectl -n argocd get application petclinic -o jsonpath={.status.health.status}
+ ARGO_HEALTH=Progressing
+ kubectl -n argocd get application petclinic -o jsonpath={.status.sync.revision}
+ ARGO_REVISION=8f0098c988f3413296f26443b87a0eb1f92ca946
+ echo ARGO_CHECK=151 SYNC=Synced HEALTH=Progressing REVISION=8f0098c988f3413296f26443b87a0eb1f92ca946
ARGO_CHECK=151 SYNC=Synced HEALTH=Progressing REVISION=8f0098c988f3413296f26443b87a0eb1f92ca946
+ [ Synced = Synced ]
+ [ Progressing = Healthy ]
+ sleep 5
+ kubectl -n argocd get application petclinic -o jsonpath={.status.sync.status}
+ ARGO_SYNC=Synced
+ kubectl -n argocd get application petclinic -o jsonpath={.status.health.status}
+ ARGO_HEALTH=Progressing
+ kubectl -n argocd get application petclinic -o jsonpath={.status.sync.revision}
+ ARGO_REVISION=8f0098c988f3413296f26443b87a0eb1f92ca946
+ echo ARGO_CHECK=152 SYNC=Synced HEALTH=Progressing REVISION=8f0098c988f3413296f26443b87a0eb1f92ca946
ARGO_CHECK=152 SYNC=Synced HEALTH=Progressing REVISION=8f0098c988f3413296f26443b87a0eb1f92ca946
+ [ Synced = Synced ]
+ [ Progressing = Healthy ]
+ sleep 5
+ kubectl -n argocd get application petclinic -o jsonpath={.status.sync.status}
+ ARGO_SYNC=Synced
+ kubectl -n argocd get application petclinic -o jsonpath={.status.health.status}
+ ARGO_HEALTH=Progressing
+ kubectl -n argocd get application petclinic -o jsonpath={.status.sync.revision}
+ ARGO_REVISION=8f0098c988f3413296f26443b87a0eb1f92ca946
+ echo ARGO_CHECK=153 SYNC=Synced HEALTH=Progressing REVISION=8f0098c988f3413296f26443b87a0eb1f92ca946
ARGO_CHECK=153 SYNC=Synced HEALTH=Progressing REVISION=8f0098c988f3413296f26443b87a0eb1f92ca946
+ [ Synced = Synced ]
+ [ Progressing = Healthy ]
+ sleep 5
+ kubectl -n argocd get application petclinic -o jsonpath={.status.sync.status}
+ ARGO_SYNC=Synced
+ kubectl -n argocd get application petclinic -o jsonpath={.status.health.status}
+ ARGO_HEALTH=Progressing
+ kubectl -n argocd get application petclinic -o jsonpath={.status.sync.revision}
+ ARGO_REVISION=8f0098c988f3413296f26443b87a0eb1f92ca946
+ echo ARGO_CHECK=154 SYNC=Synced HEALTH=Progressing REVISION=8f0098c988f3413296f26443b87a0eb1f92ca946
ARGO_CHECK=154 SYNC=Synced HEALTH=Progressing REVISION=8f0098c988f3413296f26443b87a0eb1f92ca946
+ [ Synced = Synced ]
+ [ Progressing = Healthy ]
+ sleep 5
+ kubectl -n argocd get application petclinic -o jsonpath={.status.sync.status}
+ ARGO_SYNC=Synced
+ kubectl -n argocd get application petclinic -o jsonpath={.status.health.status}
+ ARGO_HEALTH=Progressing
+ kubectl -n argocd get application petclinic -o jsonpath={.status.sync.revision}
+ ARGO_REVISION=8f0098c988f3413296f26443b87a0eb1f92ca946
+ echo ARGO_CHECK=155 SYNC=Synced HEALTH=Progressing REVISION=8f0098c988f3413296f26443b87a0eb1f92ca946
ARGO_CHECK=155 SYNC=Synced HEALTH=Progressing REVISION=8f0098c988f3413296f26443b87a0eb1f92ca946
+ [ Synced = Synced ]
+ [ Progressing = Healthy ]
+ sleep 5
+ kubectl -n argocd get application petclinic -o jsonpath={.status.sync.status}
+ ARGO_SYNC=Synced
+ kubectl -n argocd get application petclinic -o jsonpath={.status.health.status}
+ ARGO_HEALTH=Progressing
+ kubectl -n argocd get application petclinic -o jsonpath={.status.sync.revision}
+ ARGO_REVISION=8f0098c988f3413296f26443b87a0eb1f92ca946
+ echo ARGO_CHECK=156 SYNC=Synced HEALTH=Progressing REVISION=8f0098c988f3413296f26443b87a0eb1f92ca946
ARGO_CHECK=156 SYNC=Synced HEALTH=Progressing REVISION=8f0098c988f3413296f26443b87a0eb1f92ca946
+ [ Synced = Synced ]
+ [ Progressing = Healthy ]
+ sleep 5
+ kubectl -n argocd get application petclinic -o jsonpath={.status.sync.status}
+ ARGO_SYNC=Synced
+ kubectl -n argocd get application petclinic -o jsonpath={.status.health.status}
+ ARGO_HEALTH=Progressing
+ kubectl -n argocd get application petclinic -o jsonpath={.status.sync.revision}
+ ARGO_REVISION=8f0098c988f3413296f26443b87a0eb1f92ca946
+ echo ARGO_CHECK=157 SYNC=Synced HEALTH=Progressing REVISION=8f0098c988f3413296f26443b87a0eb1f92ca946
ARGO_CHECK=157 SYNC=Synced HEALTH=Progressing REVISION=8f0098c988f3413296f26443b87a0eb1f92ca946
+ [ Synced = Synced ]
+ [ Progressing = Healthy ]
+ sleep 5
+ kubectl -n argocd get application petclinic -o jsonpath={.status.sync.status}
+ ARGO_SYNC=Synced
+ kubectl -n argocd get application petclinic -o jsonpath={.status.health.status}
+ ARGO_HEALTH=Progressing
+ kubectl -n argocd get application petclinic -o jsonpath={.status.sync.revision}
+ ARGO_REVISION=8f0098c988f3413296f26443b87a0eb1f92ca946
+ echo ARGO_CHECK=158 SYNC=Synced HEALTH=Progressing REVISION=8f0098c988f3413296f26443b87a0eb1f92ca946
ARGO_CHECK=158 SYNC=Synced HEALTH=Progressing REVISION=8f0098c988f3413296f26443b87a0eb1f92ca946
+ [ Synced = Synced ]
+ [ Progressing = Healthy ]
+ sleep 5
+ kubectl -n argocd get application petclinic -o jsonpath={.status.sync.status}
+ ARGO_SYNC=Synced
+ kubectl -n argocd get application petclinic -o jsonpath={.status.health.status}
+ ARGO_HEALTH=Progressing
+ kubectl -n argocd get application petclinic -o jsonpath={.status.sync.revision}
+ ARGO_REVISION=8f0098c988f3413296f26443b87a0eb1f92ca946
+ echo ARGO_CHECK=159 SYNC=Synced HEALTH=Progressing REVISION=8f0098c988f3413296f26443b87a0eb1f92ca946
ARGO_CHECK=159 SYNC=Synced HEALTH=Progressing REVISION=8f0098c988f3413296f26443b87a0eb1f92ca946
+ [ Synced = Synced ]
+ [ Progressing = Healthy ]
+ sleep 5
+ kubectl -n argocd get application petclinic -o jsonpath={.status.sync.status}
+ ARGO_SYNC=Synced
+ kubectl -n argocd get application petclinic -o jsonpath={.status.health.status}
+ ARGO_HEALTH=Progressing
+ kubectl -n argocd get application petclinic -o jsonpath={.status.sync.revision}
+ ARGO_REVISION=8f0098c988f3413296f26443b87a0eb1f92ca946
+ echo ARGO_CHECK=160 SYNC=Synced HEALTH=Progressing REVISION=8f0098c988f3413296f26443b87a0eb1f92ca946
ARGO_CHECK=160 SYNC=Synced HEALTH=Progressing REVISION=8f0098c988f3413296f26443b87a0eb1f92ca946
+ [ Synced = Synced ]
+ [ Progressing = Healthy ]
+ sleep 5
+ kubectl -n argocd get application petclinic -o jsonpath={.status.sync.status}
+ ARGO_SYNC=Synced
+ kubectl -n argocd get application petclinic -o jsonpath={.status.health.status}
+ ARGO_HEALTH=Progressing
+ kubectl -n argocd get application petclinic -o jsonpath={.status.sync.revision}
+ ARGO_REVISION=8f0098c988f3413296f26443b87a0eb1f92ca946
+ echo ARGO_CHECK=161 SYNC=Synced HEALTH=Progressing REVISION=8f0098c988f3413296f26443b87a0eb1f92ca946
ARGO_CHECK=161 SYNC=Synced HEALTH=Progressing REVISION=8f0098c988f3413296f26443b87a0eb1f92ca946
+ [ Synced = Synced ]
+ [ Progressing = Healthy ]
+ sleep 5
+ kubectl -n argocd get application petclinic -o jsonpath={.status.sync.status}
+ ARGO_SYNC=Synced
+ kubectl -n argocd get application petclinic -o jsonpath={.status.health.status}
+ ARGO_HEALTH=Progressing
+ kubectl -n argocd get application petclinic -o jsonpath={.status.sync.revision}
+ ARGO_REVISION=8f0098c988f3413296f26443b87a0eb1f92ca946
+ echo ARGO_CHECK=162 SYNC=Synced HEALTH=Progressing REVISION=8f0098c988f3413296f26443b87a0eb1f92ca946
ARGO_CHECK=162 SYNC=Synced HEALTH=Progressing REVISION=8f0098c988f3413296f26443b87a0eb1f92ca946
+ [ Synced = Synced ]
+ [ Progressing = Healthy ]
+ sleep 5
+ kubectl -n argocd get application petclinic -o jsonpath={.status.sync.status}
+ ARGO_SYNC=Synced
+ kubectl -n argocd get application petclinic -o jsonpath={.status.health.status}
+ ARGO_HEALTH=Progressing
+ kubectl -n argocd get application petclinic -o jsonpath={.status.sync.revision}
+ ARGO_REVISION=8f0098c988f3413296f26443b87a0eb1f92ca946
+ echo ARGO_CHECK=163 SYNC=Synced HEALTH=Progressing REVISION=8f0098c988f3413296f26443b87a0eb1f92ca946
ARGO_CHECK=163 SYNC=Synced HEALTH=Progressing REVISION=8f0098c988f3413296f26443b87a0eb1f92ca946
+ [ Synced = Synced ]
+ [ Progressing = Healthy ]
+ sleep 5
+ kubectl -n argocd get application petclinic -o jsonpath={.status.sync.status}
+ ARGO_SYNC=Synced
+ kubectl -n argocd get application petclinic -o jsonpath={.status.health.status}
+ ARGO_HEALTH=Progressing
+ kubectl -n argocd get application petclinic -o jsonpath={.status.sync.revision}
+ ARGO_REVISION=8f0098c988f3413296f26443b87a0eb1f92ca946
+ echo ARGO_CHECK=164 SYNC=Synced HEALTH=Progressing REVISION=8f0098c988f3413296f26443b87a0eb1f92ca946
ARGO_CHECK=164 SYNC=Synced HEALTH=Progressing REVISION=8f0098c988f3413296f26443b87a0eb1f92ca946
+ [ Synced = Synced ]
+ [ Progressing = Healthy ]
+ sleep 5
+ kubectl -n argocd get application petclinic -o jsonpath={.status.sync.status}
+ ARGO_SYNC=Synced
+ kubectl -n argocd get application petclinic -o jsonpath={.status.health.status}
+ ARGO_HEALTH=Progressing
+ kubectl -n argocd get application petclinic -o jsonpath={.status.sync.revision}
+ ARGO_REVISION=8f0098c988f3413296f26443b87a0eb1f92ca946
+ echo ARGO_CHECK=165 SYNC=Synced HEALTH=Progressing REVISION=8f0098c988f3413296f26443b87a0eb1f92ca946
ARGO_CHECK=165 SYNC=Synced HEALTH=Progressing REVISION=8f0098c988f3413296f26443b87a0eb1f92ca946
+ [ Synced = Synced ]
+ [ Progressing = Healthy ]
+ sleep 5
+ kubectl -n argocd get application petclinic -o jsonpath={.status.sync.status}
+ ARGO_SYNC=Synced
+ kubectl -n argocd get application petclinic -o jsonpath={.status.health.status}
+ ARGO_HEALTH=Progressing
+ kubectl -n argocd get application petclinic -o jsonpath={.status.sync.revision}
+ ARGO_REVISION=8f0098c988f3413296f26443b87a0eb1f92ca946
+ echo ARGO_CHECK=166 SYNC=Synced HEALTH=Progressing REVISION=8f0098c988f3413296f26443b87a0eb1f92ca946
ARGO_CHECK=166 SYNC=Synced HEALTH=Progressing REVISION=8f0098c988f3413296f26443b87a0eb1f92ca946
+ [ Synced = Synced ]
+ [ Progressing = Healthy ]
+ sleep 5
+ kubectl -n argocd get application petclinic -o jsonpath={.status.sync.status}
+ ARGO_SYNC=Synced
+ kubectl -n argocd get application petclinic -o jsonpath={.status.health.status}
+ ARGO_HEALTH=Progressing
+ kubectl -n argocd get application petclinic -o jsonpath={.status.sync.revision}
+ ARGO_REVISION=8f0098c988f3413296f26443b87a0eb1f92ca946
+ echo ARGO_CHECK=167 SYNC=Synced HEALTH=Progressing REVISION=8f0098c988f3413296f26443b87a0eb1f92ca946
ARGO_CHECK=167 SYNC=Synced HEALTH=Progressing REVISION=8f0098c988f3413296f26443b87a0eb1f92ca946
+ [ Synced = Synced ]
+ [ Progressing = Healthy ]
+ sleep 5
+ kubectl -n argocd get application petclinic -o jsonpath={.status.sync.status}
+ ARGO_SYNC=Synced
+ kubectl -n argocd get application petclinic -o jsonpath={.status.health.status}
+ ARGO_HEALTH=Progressing
+ kubectl -n argocd get application petclinic -o jsonpath={.status.sync.revision}
+ ARGO_REVISION=8f0098c988f3413296f26443b87a0eb1f92ca946
+ echo ARGO_CHECK=168 SYNC=Synced HEALTH=Progressing REVISION=8f0098c988f3413296f26443b87a0eb1f92ca946
ARGO_CHECK=168 SYNC=Synced HEALTH=Progressing REVISION=8f0098c988f3413296f26443b87a0eb1f92ca946
+ [ Synced = Synced ]
+ [ Progressing = Healthy ]
+ sleep 5
+ kubectl -n argocd get application petclinic -o jsonpath={.status.sync.status}
+ ARGO_SYNC=Synced
+ kubectl -n argocd get application petclinic -o jsonpath={.status.health.status}
+ ARGO_HEALTH=Progressing
+ kubectl -n argocd get application petclinic -o jsonpath={.status.sync.revision}
+ ARGO_REVISION=8f0098c988f3413296f26443b87a0eb1f92ca946
+ echo ARGO_CHECK=169 SYNC=Synced HEALTH=Progressing REVISION=8f0098c988f3413296f26443b87a0eb1f92ca946
ARGO_CHECK=169 SYNC=Synced HEALTH=Progressing REVISION=8f0098c988f3413296f26443b87a0eb1f92ca946
+ [ Synced = Synced ]
+ [ Progressing = Healthy ]
+ sleep 5
+ kubectl -n argocd get application petclinic -o jsonpath={.status.sync.status}
+ ARGO_SYNC=Synced
+ kubectl -n argocd get application petclinic -o jsonpath={.status.health.status}
+ ARGO_HEALTH=Progressing
+ kubectl -n argocd get application petclinic -o jsonpath={.status.sync.revision}
+ ARGO_REVISION=8f0098c988f3413296f26443b87a0eb1f92ca946
+ echo ARGO_CHECK=170 SYNC=Synced HEALTH=Progressing REVISION=8f0098c988f3413296f26443b87a0eb1f92ca946
ARGO_CHECK=170 SYNC=Synced HEALTH=Progressing REVISION=8f0098c988f3413296f26443b87a0eb1f92ca946
+ [ Synced = Synced ]
+ [ Progressing = Healthy ]
+ sleep 5
+ kubectl -n argocd get application petclinic -o jsonpath={.status.sync.status}
+ ARGO_SYNC=Synced
+ kubectl -n argocd get application petclinic -o jsonpath={.status.health.status}
+ ARGO_HEALTH=Progressing
+ kubectl -n argocd get application petclinic -o jsonpath={.status.sync.revision}
+ ARGO_REVISION=8f0098c988f3413296f26443b87a0eb1f92ca946
+ echo ARGO_CHECK=171 SYNC=Synced HEALTH=Progressing REVISION=8f0098c988f3413296f26443b87a0eb1f92ca946
ARGO_CHECK=171 SYNC=Synced HEALTH=Progressing REVISION=8f0098c988f3413296f26443b87a0eb1f92ca946
+ [ Synced = Synced ]
+ [ Progressing = Healthy ]
+ sleep 5
+ kubectl -n argocd get application petclinic -o jsonpath={.status.sync.status}
+ ARGO_SYNC=Synced
+ kubectl -n argocd get application petclinic -o jsonpath={.status.health.status}
+ ARGO_HEALTH=Progressing
+ kubectl -n argocd get application petclinic -o jsonpath={.status.sync.revision}
+ ARGO_REVISION=8f0098c988f3413296f26443b87a0eb1f92ca946
+ echo ARGO_CHECK=172 SYNC=Synced HEALTH=Progressing REVISION=8f0098c988f3413296f26443b87a0eb1f92ca946
ARGO_CHECK=172 SYNC=Synced HEALTH=Progressing REVISION=8f0098c988f3413296f26443b87a0eb1f92ca946
+ [ Synced = Synced ]
+ [ Progressing = Healthy ]
+ sleep 5
+ kubectl -n argocd get application petclinic -o jsonpath={.status.sync.status}
+ ARGO_SYNC=Synced
+ kubectl -n argocd get application petclinic -o jsonpath={.status.health.status}
+ ARGO_HEALTH=Progressing
+ kubectl -n argocd get application petclinic -o jsonpath={.status.sync.revision}
+ ARGO_REVISION=8f0098c988f3413296f26443b87a0eb1f92ca946
+ echo ARGO_CHECK=173 SYNC=Synced HEALTH=Progressing REVISION=8f0098c988f3413296f26443b87a0eb1f92ca946
ARGO_CHECK=173 SYNC=Synced HEALTH=Progressing REVISION=8f0098c988f3413296f26443b87a0eb1f92ca946
+ [ Synced = Synced ]
+ [ Progressing = Healthy ]
+ sleep 5
+ kubectl -n argocd get application petclinic -o jsonpath={.status.sync.status}
+ ARGO_SYNC=Synced
+ kubectl -n argocd get application petclinic -o jsonpath={.status.health.status}
+ ARGO_HEALTH=Progressing
+ kubectl -n argocd get application petclinic -o jsonpath={.status.sync.revision}
+ ARGO_REVISION=8f0098c988f3413296f26443b87a0eb1f92ca946
+ echo ARGO_CHECK=174 SYNC=Synced HEALTH=Progressing REVISION=8f0098c988f3413296f26443b87a0eb1f92ca946
ARGO_CHECK=174 SYNC=Synced HEALTH=Progressing REVISION=8f0098c988f3413296f26443b87a0eb1f92ca946
+ [ Synced = Synced ]
+ [ Progressing = Healthy ]
+ sleep 5
+ kubectl -n argocd get application petclinic -o jsonpath={.status.sync.status}
+ ARGO_SYNC=Synced
+ kubectl -n argocd get application petclinic -o jsonpath={.status.health.status}
+ ARGO_HEALTH=Progressing
+ kubectl -n argocd get application petclinic -o jsonpath={.status.sync.revision}
+ ARGO_REVISION=8f0098c988f3413296f26443b87a0eb1f92ca946
+ echo ARGO_CHECK=175 SYNC=Synced HEALTH=Progressing REVISION=8f0098c988f3413296f26443b87a0eb1f92ca946
ARGO_CHECK=175 SYNC=Synced HEALTH=Progressing REVISION=8f0098c988f3413296f26443b87a0eb1f92ca946
+ [ Synced = Synced ]
+ [ Progressing = Healthy ]
+ sleep 5
+ kubectl -n argocd get application petclinic -o jsonpath={.status.sync.status}
+ ARGO_SYNC=Synced
+ kubectl -n argocd get application petclinic -o jsonpath={.status.health.status}
+ ARGO_HEALTH=Progressing
+ kubectl -n argocd get application petclinic -o jsonpath={.status.sync.revision}
+ ARGO_REVISION=8f0098c988f3413296f26443b87a0eb1f92ca946
+ echo ARGO_CHECK=176 SYNC=Synced HEALTH=Progressing REVISION=8f0098c988f3413296f26443b87a0eb1f92ca946
ARGO_CHECK=176 SYNC=Synced HEALTH=Progressing REVISION=8f0098c988f3413296f26443b87a0eb1f92ca946
+ [ Synced = Synced ]
+ [ Progressing = Healthy ]
+ sleep 5
+ kubectl -n argocd get application petclinic -o jsonpath={.status.sync.status}
+ ARGO_SYNC=Synced
+ kubectl -n argocd get application petclinic -o jsonpath={.status.health.status}
+ ARGO_HEALTH=Progressing
+ kubectl -n argocd get application petclinic -o jsonpath={.status.sync.revision}
+ ARGO_REVISION=8f0098c988f3413296f26443b87a0eb1f92ca946
+ echo ARGO_CHECK=177 SYNC=Synced HEALTH=Progressing REVISION=8f0098c988f3413296f26443b87a0eb1f92ca946
ARGO_CHECK=177 SYNC=Synced HEALTH=Progressing REVISION=8f0098c988f3413296f26443b87a0eb1f92ca946
+ [ Synced = Synced ]
+ [ Progressing = Healthy ]
+ sleep 5
+ kubectl -n argocd get application petclinic -o jsonpath={.status.sync.status}
+ ARGO_SYNC=Synced
+ kubectl -n argocd get application petclinic -o jsonpath={.status.health.status}
+ ARGO_HEALTH=Progressing
+ kubectl -n argocd get application petclinic -o jsonpath={.status.sync.revision}
+ ARGO_REVISION=8f0098c988f3413296f26443b87a0eb1f92ca946
+ echo ARGO_CHECK=178 SYNC=Synced HEALTH=Progressing REVISION=8f0098c988f3413296f26443b87a0eb1f92ca946
ARGO_CHECK=178 SYNC=Synced HEALTH=Progressing REVISION=8f0098c988f3413296f26443b87a0eb1f92ca946
+ [ Synced = Synced ]
+ [ Progressing = Healthy ]
+ sleep 5
+ kubectl -n argocd get application petclinic -o jsonpath={.status.sync.status}
+ ARGO_SYNC=Synced
+ kubectl -n argocd get application petclinic -o jsonpath={.status.health.status}
+ ARGO_HEALTH=Progressing
+ kubectl -n argocd get application petclinic -o jsonpath={.status.sync.revision}
+ ARGO_REVISION=8f0098c988f3413296f26443b87a0eb1f92ca946
+ echo ARGO_CHECK=179 SYNC=Synced HEALTH=Progressing REVISION=8f0098c988f3413296f26443b87a0eb1f92ca946
ARGO_CHECK=179 SYNC=Synced HEALTH=Progressing REVISION=8f0098c988f3413296f26443b87a0eb1f92ca946
+ [ Synced = Synced ]
+ [ Progressing = Healthy ]
+ sleep 5
+ kubectl -n argocd get application petclinic -o jsonpath={.status.sync.status}
+ ARGO_SYNC=Synced
+ kubectl -n argocd get application petclinic -o jsonpath={.status.health.status}
+ ARGO_HEALTH=Progressing
+ kubectl -n argocd get application petclinic -o jsonpath={.status.sync.revision}
+ ARGO_REVISION=8f0098c988f3413296f26443b87a0eb1f92ca946
+ echo ARGO_CHECK=180 SYNC=Synced HEALTH=Progressing REVISION=8f0098c988f3413296f26443b87a0eb1f92ca946
ARGO_CHECK=180 SYNC=Synced HEALTH=Progressing REVISION=8f0098c988f3413296f26443b87a0eb1f92ca946
+ [ Synced = Synced ]
+ [ Progressing = Healthy ]
+ sleep 5
+ [ 0 -ne 1 ]
+ echo ERROR: ArgoCD did not converge to 3279e7a3231c6e3bd91b97516d81fc2db1b9c77e
ERROR: ArgoCD did not converge to 3279e7a3231c6e3bd91b97516d81fc2db1b9c77e
+ exit 1
[Pipeline] }
[Pipeline] // stage
[Pipeline] stage
[Pipeline] { (Rollout Verify)
Stage "Rollout Verify" skipped due to earlier failure(s)
[Pipeline] getContext
[Pipeline] }
[Pipeline] // stage
[Pipeline] stage
[Pipeline] { (Health Verify)
Stage "Health Verify" skipped due to earlier failure(s)
[Pipeline] getContext
[Pipeline] }
[Pipeline] // stage
[Pipeline] stage
[Pipeline] { (Declarative: Post Actions)
[Pipeline] script
[Pipeline] {
[Pipeline] echo
CI/CD FAILED
[Pipeline] fileExists
[Pipeline] echo
Collecting GitOps deployment failure diagnostics...
[Pipeline] sh
+ echo

+ echo ========================================
========================================
+ echo ===== FAILURE DIAGNOSTICS ===============
===== FAILURE DIAGNOSTICS ===============
+ echo ========================================
========================================
+ echo

+ echo ===== DEPLOYMENT =====
===== DEPLOYMENT =====
+ kubectl -n petclinic get deployment petclinic -o wide
NAME        READY   UP-TO-DATE   AVAILABLE   AGE   CONTAINERS   IMAGES                                           SELECTOR
petclinic   2/3     3            2           51d   petclinic    10.0.0.3:30050/petclinic/petclinic:0.5.0-ci-78   app=petclinic
+ echo

+ echo ===== REPLICASETS =====
===== REPLICASETS =====
+ kubectl -n petclinic get replicasets -l app=petclinic -o wide
NAME                   DESIRED   CURRENT   READY   AGE     CONTAINERS   IMAGES                                           SELECTOR
petclinic-59d47c7fdd   0         0         0       19d     petclinic    10.0.0.3:30050/petclinic/petclinic:0.4.0-ci-72   app=petclinic,pod-template-hash=59d47c7fdd
petclinic-5fbcdd4b88   2         2         1       60m     petclinic    10.0.0.3:30050/petclinic/petclinic:0.5.0-ci-77   app=petclinic,pod-template-hash=5fbcdd4b88
petclinic-68dbdf7b76   0         0         0       14d     petclinic    10.0.0.3:30050/petclinic/petclinic:0.4.0-ci-75   app=petclinic,pod-template-hash=68dbdf7b76
petclinic-6b8c7cf6c8   3         3         1       7m12s   petclinic    10.0.0.3:30050/petclinic/petclinic:0.5.0-ci-78   app=petclinic,pod-template-hash=6b8c7cf6c8
petclinic-7746d7499c   0         0         0       20d     petclinic    10.0.0.3:30050/petclinic/petclinic:0.4.0-ci-67   app=petclinic,pod-template-hash=7746d7499c
petclinic-77dfbb5b47   0         0         0       20d     petclinic    10.0.0.3:30050/petclinic/petclinic:0.4.0-ci-70   app=petclinic,pod-template-hash=77dfbb5b47
petclinic-7994bfcc88   0         0         0       20d     petclinic    10.0.0.3:30050/petclinic/petclinic:0.4.0-ci-71   app=petclinic,pod-template-hash=7994bfcc88
petclinic-79ccf6cd6d   0         0         0       20d     petclinic    10.0.0.3:30050/petclinic/petclinic:0.4.0-ci-70   app=petclinic,pod-template-hash=79ccf6cd6d
petclinic-7d8448bfdd   0         0         0       16d     petclinic    10.0.0.3:30050/petclinic/petclinic:0.4.0-ci-75   app=petclinic,pod-template-hash=7d8448bfdd
petclinic-85d945f97    0         0         0       16d     petclinic    10.0.0.3:30050/petclinic/petclinic:0.4.0-ci-73   app=petclinic,pod-template-hash=85d945f97
petclinic-fbf7489df    0         0         0       14d     petclinic    10.0.0.3:30050/petclinic/petclinic:0.4.0-ci-75   app=petclinic,pod-template-hash=fbf7489df
petclinic-fd76cd8b5    0         0         0       16d     petclinic    10.0.0.3:30050/petclinic/petclinic:0.4.0-ci-74   app=petclinic,pod-template-hash=fd76cd8b5
+ echo

+ echo ===== PODS =====
===== PODS =====
+ kubectl -n petclinic get pods -l app=petclinic -o wide
NAME                         READY   STATUS        RESTARTS      AGE     IP            NODE            NOMINATED NODE   READINESS GATES
petclinic-5fbcdd4b88-dq4cl   0/1     Running       0             18s     10.42.0.82    devops          <none>           <none>
petclinic-5fbcdd4b88-ndt2f   1/1     Running       0             60m     10.42.3.176   ucloud-worker   <none>           <none>
petclinic-5fbcdd4b88-x57f7   1/1     Terminating   0             60m     10.42.1.5     aliyun-worker   <none>           <none>
petclinic-6b8c7cf6c8-4d2pt   0/1     Running       1 (21s ago)   7m12s   10.42.3.177   ucloud-worker   <none>           <none>
petclinic-6b8c7cf6c8-4xtkf   0/1     Terminating   0             7m12s   10.42.1.6     aliyun-worker   <none>           <none>
petclinic-6b8c7cf6c8-xsn85   0/1     Running       0             18s     10.42.3.178   ucloud-worker   <none>           <none>
petclinic-6b8c7cf6c8-zqjrb   1/1     Running       0             7m12s   10.42.0.81    devops          <none>           <none>
+ echo

+ echo ===== DEPLOYMENT DESCRIPTION =====
===== DEPLOYMENT DESCRIPTION =====
+ kubectl -n petclinic describe deployment petclinic
Name:                   petclinic
Namespace:              petclinic
CreationTimestamp:      Mon, 10 Aug 2026 07:17:50 +0800
Labels:                 app.kubernetes.io/instance=petclinic
Annotations:            deployment.kubernetes.io/revision: 84
                        gitops.zhanglab.io/cutover-test: v1.27
Selector:               app=petclinic
Replicas:               3 desired | 3 updated | 5 total | 2 available | 3 unavailable
StrategyType:           RollingUpdate
MinReadySeconds:        0
RollingUpdateStrategy:  0 max unavailable, 3 max surge
Pod Template:
  Labels:       app=petclinic
  Annotations:  devops.zhanglab.io/git-commit: 620ecc51de378c2d7581167aaa2eae585260a438
                devops.zhanglab.io/image-tag: 0.4.0-ci-57
                devops.zhanglab.io/jenkins-build: 57
                kubectl.kubernetes.io/restartedAt: 2026-08-18T12:35:18+08:00
  Containers:
   petclinic:
    Image:      10.0.0.3:30050/petclinic/petclinic:0.5.0-ci-78
    Port:       8080/TCP (http)
    Host Port:  0/TCP (http)
    Limits:
      cpu:     500m
      memory:  768Mi
    Requests:
      cpu:      100m
      memory:   256Mi
    Liveness:   http-get http://:http/actuator/health/liveness delay=0s timeout=3s period=15s #success=1 #failure=3
    Readiness:  http-get http://:http/actuator/health/readiness delay=0s timeout=3s period=10s #success=1 #failure=6
    Startup:    http-get http://:http/actuator/health/liveness delay=0s timeout=3s period=5s #success=1 #failure=36
    Environment:
      APPLICATION_VERSION:      0.5.0-ci-78
      BUILD_NUMBER:             78
      BUILD_GIT_COMMIT:         9436e344a9b5ff2719fce99bd3cc5c5ca0e1b26d
      BUILD_TIME:               2026-09-30T06:53:16Z
      SPRING_PROFILES_ACTIVE:   <set to the key 'SPRING_PROFILES_ACTIVE' of config map 'petclinic-config'>  Optional: false
      POSTGRES_URL:             <set to the key 'POSTGRES_URL' of config map 'petclinic-config'>            Optional: false
      POSTGRES_USER:            <set to the key 'POSTGRES_USER' in secret 'petclinic-db'>                   Optional: false
      POSTGRES_PASS:            <set to the key 'POSTGRES_PASS' in secret 'petclinic-db'>                   Optional: false
    Mounts:                     <none>
  Volumes:                      <none>
  Topology Spread Constraints:  kubernetes.io/hostname:ScheduleAnyway when max skew 1 is exceeded for selector app=petclinic
  Node-Selectors:               <none>
  Tolerations:                  cloud=true:NoSchedule
Conditions:
  Type           Status  Reason
  ----           ------  ------
  Available      False   MinimumReplicasUnavailable
  Progressing    True    ReplicaSetUpdated
OldReplicaSets:  petclinic-7746d7499c (0/0 replicas created), petclinic-79ccf6cd6d (0/0 replicas created), petclinic-77dfbb5b47 (0/0 replicas created), petclinic-7994bfcc88 (0/0 replicas created), petclinic-59d47c7fdd (0/0 replicas created), petclinic-85d945f97 (0/0 replicas created), petclinic-fd76cd8b5 (0/0 replicas created), petclinic-7d8448bfdd (0/0 replicas created), petclinic-68dbdf7b76 (0/0 replicas created), petclinic-fbf7489df (0/0 replicas created), petclinic-5fbcdd4b88 (2/2 replicas created)
NewReplicaSet:   petclinic-6b8c7cf6c8 (3/3 replicas created)
Events:
  Type    Reason             Age    From                   Message
  ----    ------             ----   ----                   -------
  Normal  ScalingReplicaSet  60m    deployment-controller  Scaled up replica set petclinic-5fbcdd4b88 from 0 to 3
  Normal  ScalingReplicaSet  60m    deployment-controller  Scaled down replica set petclinic-fbf7489df from 3 to 2
  Normal  ScalingReplicaSet  59m    deployment-controller  Scaled down replica set petclinic-fbf7489df from 2 to 1
  Normal  ScalingReplicaSet  56m    deployment-controller  Scaled down replica set petclinic-fbf7489df from 1 to 0
  Normal  ScalingReplicaSet  7m13s  deployment-controller  Scaled up replica set petclinic-6b8c7cf6c8 from 0 to 3
  Normal  ScalingReplicaSet  6m37s  deployment-controller  Scaled down replica set petclinic-5fbcdd4b88 from 3 to 2
+ echo

+ echo ===== POD DESCRIPTIONS =====
===== POD DESCRIPTIONS =====
+ kubectl -n petclinic get pods -l app=petclinic -o name
+ echo

+ echo ----- pod/petclinic-5fbcdd4b88-dq4cl -----
----- pod/petclinic-5fbcdd4b88-dq4cl -----
+ kubectl -n petclinic describe pod/petclinic-5fbcdd4b88-dq4cl
Name:             petclinic-5fbcdd4b88-dq4cl
Namespace:        petclinic
Priority:         0
Service Account:  default
Node:             devops/10.0.0.3
Start Time:       Wed, 30 Sep 2026 15:08:41 +0800
Labels:           app=petclinic
                  pod-template-hash=5fbcdd4b88
Annotations:      devops.zhanglab.io/git-commit: 620ecc51de378c2d7581167aaa2eae585260a438
                  devops.zhanglab.io/image-tag: 0.4.0-ci-57
                  devops.zhanglab.io/jenkins-build: 57
                  kubectl.kubernetes.io/restartedAt: 2026-08-18T12:35:18+08:00
Status:           Running
IP:               10.42.0.82
IPs:
  IP:           10.42.0.82
Controlled By:  ReplicaSet/petclinic-5fbcdd4b88
Containers:
  petclinic:
    Container ID:   containerd://7a18a63966b21e6a80bad253c0ca1b91a5e6500d2ff17eaadd7e6060089146b9
    Image:          10.0.0.3:30050/petclinic/petclinic:0.5.0-ci-77
    Image ID:       10.0.0.3:30050/petclinic/petclinic@sha256:1f6c7a12f2e67db2f400a782f20c097ab3ce805c34d689c221d37d3115a4a2c7
    Port:           8080/TCP (http)
    Host Port:      0/TCP (http)
    State:          Running
      Started:      Wed, 30 Sep 2026 15:08:41 +0800
    Ready:          False
    Restart Count:  0
    Limits:
      cpu:     500m
      memory:  768Mi
    Requests:
      cpu:      100m
      memory:   256Mi
    Liveness:   http-get http://:http/actuator/health/liveness delay=0s timeout=3s period=15s #success=1 #failure=3
    Readiness:  http-get http://:http/actuator/health/readiness delay=0s timeout=3s period=10s #success=1 #failure=6
    Startup:    http-get http://:http/actuator/health/liveness delay=0s timeout=3s period=5s #success=1 #failure=36
    Environment:
      APPLICATION_VERSION:     0.5.0-ci-77
      BUILD_NUMBER:            77
      BUILD_GIT_COMMIT:        3f311a8c16cfe0d9d9a260fc0700ce91c7671d2a
      BUILD_TIME:              2026-09-30T06:06:54Z
      SPRING_PROFILES_ACTIVE:  <set to the key 'SPRING_PROFILES_ACTIVE' of config map 'petclinic-config'>  Optional: false
      POSTGRES_URL:            <set to the key 'POSTGRES_URL' of config map 'petclinic-config'>            Optional: false
      POSTGRES_USER:           <set to the key 'POSTGRES_USER' in secret 'petclinic-db'>                   Optional: false
      POSTGRES_PASS:           <set to the key 'POSTGRES_PASS' in secret 'petclinic-db'>                   Optional: false
    Mounts:                    <none>
Conditions:
  Type                        Status
  PodReadyToStartContainers   True 
  Initialized                 True 
  Ready                       False 
  ContainersReady             False 
  PodScheduled                True 
Volumes:                      <none>
QoS Class:                    Burstable
Node-Selectors:               <none>
Tolerations:                  cloud=true:NoSchedule
                              node.kubernetes.io/not-ready:NoExecute op=Exists for 300s
                              node.kubernetes.io/unreachable:NoExecute op=Exists for 300s
Topology Spread Constraints:  kubernetes.io/hostname:ScheduleAnyway when max skew 1 is exceeded for selector app=petclinic,pod-template-hash in (5fbcdd4b88)
Events:
  Type     Reason     Age               From               Message
  ----     ------     ----              ----               -------
  Normal   Scheduled  18s               default-scheduler  Successfully assigned petclinic/petclinic-5fbcdd4b88-dq4cl to devops
  Normal   Pulled     19s               kubelet            spec.containers{petclinic}: Container image "10.0.0.3:30050/petclinic/petclinic:0.5.0-ci-77" already present on machine and can be accessed by the pod
  Normal   Created    19s               kubelet            spec.containers{petclinic}: Container created
  Normal   Started    19s               kubelet            spec.containers{petclinic}: Container started
  Warning  Unhealthy  4s (x3 over 14s)  kubelet            spec.containers{petclinic}: Startup probe failed: Get "http://10.42.0.82:8080/actuator/health/liveness": dial tcp 10.42.0.82:8080: connect: connection refused
+ echo

+ echo ----- pod/petclinic-5fbcdd4b88-ndt2f -----
----- pod/petclinic-5fbcdd4b88-ndt2f -----
+ kubectl -n petclinic describe pod/petclinic-5fbcdd4b88-ndt2f
Name:             petclinic-5fbcdd4b88-ndt2f
Namespace:        petclinic
Priority:         0
Service Account:  default
Node:             ucloud-worker/10.0.0.2
Start Time:       Wed, 30 Sep 2026 14:08:03 +0800
Labels:           app=petclinic
                  pod-template-hash=5fbcdd4b88
Annotations:      devops.zhanglab.io/git-commit: 620ecc51de378c2d7581167aaa2eae585260a438
                  devops.zhanglab.io/image-tag: 0.4.0-ci-57
                  devops.zhanglab.io/jenkins-build: 57
                  kubectl.kubernetes.io/restartedAt: 2026-08-18T12:35:18+08:00
Status:           Running
IP:               10.42.3.176
IPs:
  IP:           10.42.3.176
Controlled By:  ReplicaSet/petclinic-5fbcdd4b88
Containers:
  petclinic:
    Container ID:   containerd://c76e76296197853258783b244fdbf3efbe72a953fd4ea906162c6f55067bc169
    Image:          10.0.0.3:30050/petclinic/petclinic:0.5.0-ci-77
    Image ID:       10.0.0.3:30050/petclinic/petclinic@sha256:1f6c7a12f2e67db2f400a782f20c097ab3ce805c34d689c221d37d3115a4a2c7
    Port:           8080/TCP (http)
    Host Port:      0/TCP (http)
    State:          Running
      Started:      Wed, 30 Sep 2026 14:11:14 +0800
    Ready:          True
    Restart Count:  0
    Limits:
      cpu:     500m
      memory:  768Mi
    Requests:
      cpu:      100m
      memory:   256Mi
    Liveness:   http-get http://:http/actuator/health/liveness delay=0s timeout=3s period=15s #success=1 #failure=3
    Readiness:  http-get http://:http/actuator/health/readiness delay=0s timeout=3s period=10s #success=1 #failure=6
    Startup:    http-get http://:http/actuator/health/liveness delay=0s timeout=3s period=5s #success=1 #failure=36
    Environment:
      APPLICATION_VERSION:     0.5.0-ci-77
      BUILD_NUMBER:            77
      BUILD_GIT_COMMIT:        3f311a8c16cfe0d9d9a260fc0700ce91c7671d2a
      BUILD_TIME:              2026-09-30T06:06:54Z
      SPRING_PROFILES_ACTIVE:  <set to the key 'SPRING_PROFILES_ACTIVE' of config map 'petclinic-config'>  Optional: false
      POSTGRES_URL:            <set to the key 'POSTGRES_URL' of config map 'petclinic-config'>            Optional: false
      POSTGRES_USER:           <set to the key 'POSTGRES_USER' in secret 'petclinic-db'>                   Optional: false
      POSTGRES_PASS:           <set to the key 'POSTGRES_PASS' in secret 'petclinic-db'>                   Optional: false
    Mounts:                    <none>
Conditions:
  Type                        Status
  PodReadyToStartContainers   True 
  Initialized                 True 
  Ready                       True 
  ContainersReady             True 
  PodScheduled                True 
Volumes:                      <none>
QoS Class:                    Burstable
Node-Selectors:               <none>
Tolerations:                  cloud=true:NoSchedule
                              node.kubernetes.io/not-ready:NoExecute op=Exists for 300s
                              node.kubernetes.io/unreachable:NoExecute op=Exists for 300s
Topology Spread Constraints:  kubernetes.io/hostname:ScheduleAnyway when max skew 1 is exceeded for selector app=petclinic,pod-template-hash in (5fbcdd4b88)
Events:
  Type     Reason     Age                 From               Message
  ----     ------     ----                ----               -------
  Normal   Scheduled  60m                 default-scheduler  Successfully assigned petclinic/petclinic-5fbcdd4b88-ndt2f to ucloud-worker
  Normal   Pulling    60m                 kubelet            spec.containers{petclinic}: Pulling image "10.0.0.3:30050/petclinic/petclinic:0.5.0-ci-77"
  Normal   Pulled     57m                 kubelet            spec.containers{petclinic}: Successfully pulled image "10.0.0.3:30050/petclinic/petclinic:0.5.0-ci-77" in 3m8.209s (3m8.209s including waiting). Image size: 175429263 bytes.
  Warning  Failed     57m                 kubelet            spec.containers{petclinic}: Error: failed to sync configmap cache: timed out waiting for the condition
  Normal   Pulled     57m                 kubelet            spec.containers{petclinic}: Container image "10.0.0.3:30050/petclinic/petclinic:0.5.0-ci-77" already present on machine and can be accessed by the pod
  Normal   Created    57m                 kubelet            spec.containers{petclinic}: Container created
  Normal   Started    57m                 kubelet            spec.containers{petclinic}: Container started
  Warning  Unhealthy  56m (x16 over 57m)  kubelet            spec.containers{petclinic}: Startup probe failed: Get "http://10.42.3.176:8080/actuator/health/liveness": dial tcp 10.42.3.176:8080: connect: connection refused
+ echo

+ echo ----- pod/petclinic-5fbcdd4b88-x57f7 -----
----- pod/petclinic-5fbcdd4b88-x57f7 -----
+ kubectl -n petclinic describe pod/petclinic-5fbcdd4b88-x57f7
Name:                      petclinic-5fbcdd4b88-x57f7
Namespace:                 petclinic
Priority:                  0
Service Account:           default
Node:                      aliyun-worker/10.0.0.1
Start Time:                Wed, 30 Sep 2026 14:08:03 +0800
Labels:                    app=petclinic
                           pod-template-hash=5fbcdd4b88
Annotations:               devops.zhanglab.io/git-commit: 620ecc51de378c2d7581167aaa2eae585260a438
                           devops.zhanglab.io/image-tag: 0.4.0-ci-57
                           devops.zhanglab.io/jenkins-build: 57
                           kubectl.kubernetes.io/restartedAt: 2026-08-18T12:35:18+08:00
Status:                    Terminating (lasts <invalid>)
Termination Grace Period:  30s
IP:                        10.42.1.5
IPs:
  IP:           10.42.1.5
Controlled By:  ReplicaSet/petclinic-5fbcdd4b88
Containers:
  petclinic:
    Container ID:   containerd://e80cdbedc24325dff08ffa90f04efc8c4d59c61e6d26ddf2658464f6377090ec
    Image:          10.0.0.3:30050/petclinic/petclinic:0.5.0-ci-77
    Image ID:       10.0.0.3:30050/petclinic/petclinic@sha256:1f6c7a12f2e67db2f400a782f20c097ab3ce805c34d689c221d37d3115a4a2c7
    Port:           8080/TCP (http)
    Host Port:      0/TCP (http)
    State:          Running
      Started:      Wed, 30 Sep 2026 14:08:16 +0800
    Ready:          True
    Restart Count:  0
    Limits:
      cpu:     500m
      memory:  768Mi
    Requests:
      cpu:      100m
      memory:   256Mi
    Liveness:   http-get http://:http/actuator/health/liveness delay=0s timeout=3s period=15s #success=1 #failure=3
    Readiness:  http-get http://:http/actuator/health/readiness delay=0s timeout=3s period=10s #success=1 #failure=6
    Startup:    http-get http://:http/actuator/health/liveness delay=0s timeout=3s period=5s #success=1 #failure=36
    Environment:
      APPLICATION_VERSION:     0.5.0-ci-77
      BUILD_NUMBER:            77
      BUILD_GIT_COMMIT:        3f311a8c16cfe0d9d9a260fc0700ce91c7671d2a
      BUILD_TIME:              2026-09-30T06:06:54Z
      SPRING_PROFILES_ACTIVE:  <set to the key 'SPRING_PROFILES_ACTIVE' of config map 'petclinic-config'>  Optional: false
      POSTGRES_URL:            <set to the key 'POSTGRES_URL' of config map 'petclinic-config'>            Optional: false
      POSTGRES_USER:           <set to the key 'POSTGRES_USER' in secret 'petclinic-db'>                   Optional: false
      POSTGRES_PASS:           <set to the key 'POSTGRES_PASS' in secret 'petclinic-db'>                   Optional: false
    Mounts:                    <none>
Conditions:
  Type                        Status
  PodReadyToStartContainers   True 
  Initialized                 True 
  Ready                       False 
  ContainersReady             True 
  PodScheduled                True 
  DisruptionTarget            True 
Volumes:                      <none>
QoS Class:                    Burstable
Node-Selectors:               <none>
Tolerations:                  cloud=true:NoSchedule
                              node.kubernetes.io/not-ready:NoExecute op=Exists for 300s
                              node.kubernetes.io/unreachable:NoExecute op=Exists for 300s
Topology Spread Constraints:  kubernetes.io/hostname:ScheduleAnyway when max skew 1 is exceeded for selector app=petclinic,pod-template-hash in (5fbcdd4b88)
Events:
  Type     Reason        Age                From               Message
  ----     ------        ----               ----               -------
  Normal   Scheduled     60m                default-scheduler  Successfully assigned petclinic/petclinic-5fbcdd4b88-x57f7 to aliyun-worker
  Normal   Pulling       60m                kubelet            spec.containers{petclinic}: Pulling image "10.0.0.3:30050/petclinic/petclinic:0.5.0-ci-77"
  Normal   Pulled        60m                kubelet            spec.containers{petclinic}: Successfully pulled image "10.0.0.3:30050/petclinic/petclinic:0.5.0-ci-77" in 12.672s (12.672s including waiting). Image size: 175429263 bytes.
  Normal   Created       60m                kubelet            spec.containers{petclinic}: Container created
  Normal   Started       60m                kubelet            spec.containers{petclinic}: Container started
  Warning  Unhealthy     60m (x9 over 60m)  kubelet            spec.containers{petclinic}: Startup probe failed: Get "http://10.42.1.5:8080/actuator/health/liveness": dial tcp 10.42.1.5:8080: connect: connection refused
  Warning  NodeNotReady  5m19s              node-controller    Node is not ready
+ echo

+ echo ----- pod/petclinic-6b8c7cf6c8-4d2pt -----
----- pod/petclinic-6b8c7cf6c8-4d2pt -----
+ kubectl -n petclinic describe pod/petclinic-6b8c7cf6c8-4d2pt
Name:             petclinic-6b8c7cf6c8-4d2pt
Namespace:        petclinic
Priority:         0
Service Account:  default
Node:             ucloud-worker/10.0.0.2
Start Time:       Wed, 30 Sep 2026 15:01:47 +0800
Labels:           app=petclinic
                  pod-template-hash=6b8c7cf6c8
Annotations:      devops.zhanglab.io/git-commit: 620ecc51de378c2d7581167aaa2eae585260a438
                  devops.zhanglab.io/image-tag: 0.4.0-ci-57
                  devops.zhanglab.io/jenkins-build: 57
                  kubectl.kubernetes.io/restartedAt: 2026-08-18T12:35:18+08:00
Status:           Running
IP:               10.42.3.177
IPs:
  IP:           10.42.3.177
Controlled By:  ReplicaSet/petclinic-6b8c7cf6c8
Containers:
  petclinic:
    Container ID:   containerd://0186895848d237ba9382df72a9efbcaf787991bc9cfefe6059d3136596ab53ce
    Image:          10.0.0.3:30050/petclinic/petclinic:0.5.0-ci-78
    Image ID:       10.0.0.3:30050/petclinic/petclinic@sha256:488526fac9b9f0ee58622239c3387319dcd4c42811ce6a2b9de27420b9d5f3e9
    Port:           8080/TCP (http)
    Host Port:      0/TCP (http)
    State:          Running
      Started:      Wed, 30 Sep 2026 15:08:38 +0800
    Last State:     Terminated
      Reason:       Error
      Exit Code:    1
      Started:      Wed, 30 Sep 2026 15:07:56 +0800
      Finished:     Wed, 30 Sep 2026 15:08:38 +0800
    Ready:          False
    Restart Count:  1
    Limits:
      cpu:     500m
      memory:  768Mi
    Requests:
      cpu:      100m
      memory:   256Mi
    Liveness:   http-get http://:http/actuator/health/liveness delay=0s timeout=3s period=15s #success=1 #failure=3
    Readiness:  http-get http://:http/actuator/health/readiness delay=0s timeout=3s period=10s #success=1 #failure=6
    Startup:    http-get http://:http/actuator/health/liveness delay=0s timeout=3s period=5s #success=1 #failure=36
    Environment:
      APPLICATION_VERSION:     0.5.0-ci-78
      BUILD_NUMBER:            78
      BUILD_GIT_COMMIT:        9436e344a9b5ff2719fce99bd3cc5c5ca0e1b26d
      BUILD_TIME:              2026-09-30T06:53:16Z
      SPRING_PROFILES_ACTIVE:  <set to the key 'SPRING_PROFILES_ACTIVE' of config map 'petclinic-config'>  Optional: false
      POSTGRES_URL:            <set to the key 'POSTGRES_URL' of config map 'petclinic-config'>            Optional: false
      POSTGRES_USER:           <set to the key 'POSTGRES_USER' in secret 'petclinic-db'>                   Optional: false
      POSTGRES_PASS:           <set to the key 'POSTGRES_PASS' in secret 'petclinic-db'>                   Optional: false
    Mounts:                    <none>
Conditions:
  Type                        Status
  PodReadyToStartContainers   True 
  Initialized                 True 
  Ready                       False 
  ContainersReady             False 
  PodScheduled                True 
Volumes:                      <none>
QoS Class:                    Burstable
Node-Selectors:               <none>
Tolerations:                  cloud=true:NoSchedule
                              node.kubernetes.io/not-ready:NoExecute op=Exists for 300s
                              node.kubernetes.io/unreachable:NoExecute op=Exists for 300s
Topology Spread Constraints:  kubernetes.io/hostname:ScheduleAnyway when max skew 1 is exceeded for selector app=petclinic,pod-template-hash in (6b8c7cf6c8)
Events:
  Type     Reason     Age                From               Message
  ----     ------     ----               ----               -------
  Normal   Scheduled  7m12s              default-scheduler  Successfully assigned petclinic/petclinic-6b8c7cf6c8-4d2pt to ucloud-worker
  Normal   Pulling    7m12s              kubelet            spec.containers{petclinic}: Pulling image "10.0.0.3:30050/petclinic/petclinic:0.5.0-ci-78"
  Normal   Pulled     78s                kubelet            spec.containers{petclinic}: Successfully pulled image "10.0.0.3:30050/petclinic/petclinic:0.5.0-ci-78" in 5m54.364s (5m54.364s including waiting). Image size: 175429645 bytes.
  Warning  Failed     77s                kubelet            spec.containers{petclinic}: Error: failed to sync configmap cache: timed out waiting for the condition
  Warning  Failed     75s                kubelet            spec.containers{petclinic}: Error: failed to sync secret cache: timed out waiting for the condition
  Normal   Pulled     22s (x3 over 76s)  kubelet            spec.containers{petclinic}: Container image "10.0.0.3:30050/petclinic/petclinic:0.5.0-ci-78" already present on machine and can be accessed by the pod
  Normal   Created    22s (x2 over 64s)  kubelet            spec.containers{petclinic}: Container created
  Normal   Started    22s (x2 over 64s)  kubelet            spec.containers{petclinic}: Container started
  Warning  Unhealthy  8s (x12 over 63s)  kubelet            spec.containers{petclinic}: Startup probe failed: Get "http://10.42.3.177:8080/actuator/health/liveness": dial tcp 10.42.3.177:8080: connect: connection refused
+ echo

+ echo ----- pod/petclinic-6b8c7cf6c8-4xtkf -----
----- pod/petclinic-6b8c7cf6c8-4xtkf -----
+ kubectl -n petclinic describe pod/petclinic-6b8c7cf6c8-4xtkf
Name:                      petclinic-6b8c7cf6c8-4xtkf
Namespace:                 petclinic
Priority:                  0
Service Account:           default
Node:                      aliyun-worker/10.0.0.1
Start Time:                Wed, 30 Sep 2026 15:01:47 +0800
Labels:                    app=petclinic
                           pod-template-hash=6b8c7cf6c8
Annotations:               devops.zhanglab.io/git-commit: 620ecc51de378c2d7581167aaa2eae585260a438
                           devops.zhanglab.io/image-tag: 0.4.0-ci-57
                           devops.zhanglab.io/jenkins-build: 57
                           kubectl.kubernetes.io/restartedAt: 2026-08-18T12:35:18+08:00
Status:                    Terminating (lasts <invalid>)
Termination Grace Period:  30s
IP:                        10.42.1.6
IPs:
  IP:           10.42.1.6
Controlled By:  ReplicaSet/petclinic-6b8c7cf6c8
Containers:
  petclinic:
    Container ID:   containerd://e786f4c0d82490768e8ded48f118eb2f4b455b445d95cd0081c0b85297329373
    Image:          10.0.0.3:30050/petclinic/petclinic:0.5.0-ci-78
    Image ID:       10.0.0.3:30050/petclinic/petclinic@sha256:488526fac9b9f0ee58622239c3387319dcd4c42811ce6a2b9de27420b9d5f3e9
    Port:           8080/TCP (http)
    Host Port:      0/TCP (http)
    State:          Running
      Started:      Wed, 30 Sep 2026 15:02:07 +0800
    Ready:          False
    Restart Count:  0
    Limits:
      cpu:     500m
      memory:  768Mi
    Requests:
      cpu:      100m
      memory:   256Mi
    Liveness:   http-get http://:http/actuator/health/liveness delay=0s timeout=3s period=15s #success=1 #failure=3
    Readiness:  http-get http://:http/actuator/health/readiness delay=0s timeout=3s period=10s #success=1 #failure=6
    Startup:    http-get http://:http/actuator/health/liveness delay=0s timeout=3s period=5s #success=1 #failure=36
    Environment:
      APPLICATION_VERSION:     0.5.0-ci-78
      BUILD_NUMBER:            78
      BUILD_GIT_COMMIT:        9436e344a9b5ff2719fce99bd3cc5c5ca0e1b26d
      BUILD_TIME:              2026-09-30T06:53:16Z
      SPRING_PROFILES_ACTIVE:  <set to the key 'SPRING_PROFILES_ACTIVE' of config map 'petclinic-config'>  Optional: false
      POSTGRES_URL:            <set to the key 'POSTGRES_URL' of config map 'petclinic-config'>            Optional: false
      POSTGRES_USER:           <set to the key 'POSTGRES_USER' in secret 'petclinic-db'>                   Optional: false
      POSTGRES_PASS:           <set to the key 'POSTGRES_PASS' in secret 'petclinic-db'>                   Optional: false
    Mounts:                    <none>
Conditions:
  Type                        Status
  PodReadyToStartContainers   True 
  Initialized                 True 
  Ready                       False 
  ContainersReady             False 
  PodScheduled                True 
  DisruptionTarget            True 
Volumes:                      <none>
QoS Class:                    Burstable
Node-Selectors:               <none>
Tolerations:                  cloud=true:NoSchedule
                              node.kubernetes.io/not-ready:NoExecute op=Exists for 300s
                              node.kubernetes.io/unreachable:NoExecute op=Exists for 300s
Topology Spread Constraints:  kubernetes.io/hostname:ScheduleAnyway when max skew 1 is exceeded for selector app=petclinic,pod-template-hash in (6b8c7cf6c8)
Events:
  Type     Reason     Age                    From               Message
  ----     ------     ----                   ----               -------
  Normal   Scheduled  7m12s                  default-scheduler  Successfully assigned petclinic/petclinic-6b8c7cf6c8-4xtkf to aliyun-worker
  Normal   Pulling    7m12s                  kubelet            spec.containers{petclinic}: Pulling image "10.0.0.3:30050/petclinic/petclinic:0.5.0-ci-78"
  Normal   Pulled     6m53s                  kubelet            spec.containers{petclinic}: Successfully pulled image "10.0.0.3:30050/petclinic/petclinic:0.5.0-ci-78" in 19.108s (19.109s including waiting). Image size: 175429645 bytes.
  Normal   Created    6m53s                  kubelet            spec.containers{petclinic}: Container created
  Normal   Started    6m53s                  kubelet            spec.containers{petclinic}: Container started
  Warning  Unhealthy  6m13s (x8 over 6m48s)  kubelet            spec.containers{petclinic}: Startup probe failed: Get "http://10.42.1.6:8080/actuator/health/liveness": dial tcp 10.42.1.6:8080: connect: connection refused
+ echo

+ echo ----- pod/petclinic-6b8c7cf6c8-xsn85 -----
----- pod/petclinic-6b8c7cf6c8-xsn85 -----
+ kubectl -n petclinic describe pod/petclinic-6b8c7cf6c8-xsn85
Name:             petclinic-6b8c7cf6c8-xsn85
Namespace:        petclinic
Priority:         0
Service Account:  default
Node:             ucloud-worker/10.0.0.2
Start Time:       Wed, 30 Sep 2026 15:08:42 +0800
Labels:           app=petclinic
                  pod-template-hash=6b8c7cf6c8
Annotations:      devops.zhanglab.io/git-commit: 620ecc51de378c2d7581167aaa2eae585260a438
                  devops.zhanglab.io/image-tag: 0.4.0-ci-57
                  devops.zhanglab.io/jenkins-build: 57
                  kubectl.kubernetes.io/restartedAt: 2026-08-18T12:35:18+08:00
Status:           Running
IP:               10.42.3.178
IPs:
  IP:           10.42.3.178
Controlled By:  ReplicaSet/petclinic-6b8c7cf6c8
Containers:
  petclinic:
    Container ID:   containerd://8101ddbffa0df2b81a2a370e0164eac0a03452f99b0c5f813a34d84beba7167f
    Image:          10.0.0.3:30050/petclinic/petclinic:0.5.0-ci-78
    Image ID:       10.0.0.3:30050/petclinic/petclinic@sha256:488526fac9b9f0ee58622239c3387319dcd4c42811ce6a2b9de27420b9d5f3e9
    Port:           8080/TCP (http)
    Host Port:      0/TCP (http)
    State:          Running
      Started:      Wed, 30 Sep 2026 15:08:42 +0800
    Ready:          False
    Restart Count:  0
    Limits:
      cpu:     500m
      memory:  768Mi
    Requests:
      cpu:      100m
      memory:   256Mi
    Liveness:   http-get http://:http/actuator/health/liveness delay=0s timeout=3s period=15s #success=1 #failure=3
    Readiness:  http-get http://:http/actuator/health/readiness delay=0s timeout=3s period=10s #success=1 #failure=6
    Startup:    http-get http://:http/actuator/health/liveness delay=0s timeout=3s period=5s #success=1 #failure=36
    Environment:
      APPLICATION_VERSION:     0.5.0-ci-78
      BUILD_NUMBER:            78
      BUILD_GIT_COMMIT:        9436e344a9b5ff2719fce99bd3cc5c5ca0e1b26d
      BUILD_TIME:              2026-09-30T06:53:16Z
      SPRING_PROFILES_ACTIVE:  <set to the key 'SPRING_PROFILES_ACTIVE' of config map 'petclinic-config'>  Optional: false
      POSTGRES_URL:            <set to the key 'POSTGRES_URL' of config map 'petclinic-config'>            Optional: false
      POSTGRES_USER:           <set to the key 'POSTGRES_USER' in secret 'petclinic-db'>                   Optional: false
      POSTGRES_PASS:           <set to the key 'POSTGRES_PASS' in secret 'petclinic-db'>                   Optional: false
    Mounts:                    <none>
Conditions:
  Type                        Status
  PodReadyToStartContainers   True 
  Initialized                 True 
  Ready                       False 
  ContainersReady             False 
  PodScheduled                True 
Volumes:                      <none>
QoS Class:                    Burstable
Node-Selectors:               <none>
Tolerations:                  cloud=true:NoSchedule
                              node.kubernetes.io/not-ready:NoExecute op=Exists for 300s
                              node.kubernetes.io/unreachable:NoExecute op=Exists for 300s
Topology Spread Constraints:  kubernetes.io/hostname:ScheduleAnyway when max skew 1 is exceeded for selector app=petclinic,pod-template-hash in (6b8c7cf6c8)
Events:
  Type     Reason     Age               From               Message
  ----     ------     ----              ----               -------
  Normal   Scheduled  19s               default-scheduler  Successfully assigned petclinic/petclinic-6b8c7cf6c8-xsn85 to ucloud-worker
  Normal   Pulled     18s               kubelet            spec.containers{petclinic}: Container image "10.0.0.3:30050/petclinic/petclinic:0.5.0-ci-78" already present on machine and can be accessed by the pod
  Normal   Created    18s               kubelet            spec.containers{petclinic}: Container created
  Normal   Started    18s               kubelet            spec.containers{petclinic}: Container started
  Warning  Unhealthy  8s (x2 over 13s)  kubelet            spec.containers{petclinic}: Startup probe failed: Get "http://10.42.3.178:8080/actuator/health/liveness": dial tcp 10.42.3.178:8080: connect: connection refused
+ echo

+ echo ----- pod/petclinic-6b8c7cf6c8-zqjrb -----
----- pod/petclinic-6b8c7cf6c8-zqjrb -----
+ kubectl -n petclinic describe pod/petclinic-6b8c7cf6c8-zqjrb
Name:             petclinic-6b8c7cf6c8-zqjrb
Namespace:        petclinic
Priority:         0
Service Account:  default
Node:             devops/10.0.0.3
Start Time:       Wed, 30 Sep 2026 15:01:47 +0800
Labels:           app=petclinic
                  pod-template-hash=6b8c7cf6c8
Annotations:      devops.zhanglab.io/git-commit: 620ecc51de378c2d7581167aaa2eae585260a438
                  devops.zhanglab.io/image-tag: 0.4.0-ci-57
                  devops.zhanglab.io/jenkins-build: 57
                  kubectl.kubernetes.io/restartedAt: 2026-08-18T12:35:18+08:00
Status:           Running
IP:               10.42.0.81
IPs:
  IP:           10.42.0.81
Controlled By:  ReplicaSet/petclinic-6b8c7cf6c8
Containers:
  petclinic:
    Container ID:   containerd://95ac9a8c627c6cae98995609a34b5a26f95937083a8a0729a8b172db759fa807
    Image:          10.0.0.3:30050/petclinic/petclinic:0.5.0-ci-78
    Image ID:       10.0.0.3:30050/petclinic/petclinic@sha256:488526fac9b9f0ee58622239c3387319dcd4c42811ce6a2b9de27420b9d5f3e9
    Port:           8080/TCP (http)
    Host Port:      0/TCP (http)
    State:          Running
      Started:      Wed, 30 Sep 2026 15:01:49 +0800
    Ready:          True
    Restart Count:  0
    Limits:
      cpu:     500m
      memory:  768Mi
    Requests:
      cpu:      100m
      memory:   256Mi
    Liveness:   http-get http://:http/actuator/health/liveness delay=0s timeout=3s period=15s #success=1 #failure=3
    Readiness:  http-get http://:http/actuator/health/readiness delay=0s timeout=3s period=10s #success=1 #failure=6
    Startup:    http-get http://:http/actuator/health/liveness delay=0s timeout=3s period=5s #success=1 #failure=36
    Environment:
      APPLICATION_VERSION:     0.5.0-ci-78
      BUILD_NUMBER:            78
      BUILD_GIT_COMMIT:        9436e344a9b5ff2719fce99bd3cc5c5ca0e1b26d
      BUILD_TIME:              2026-09-30T06:53:16Z
      SPRING_PROFILES_ACTIVE:  <set to the key 'SPRING_PROFILES_ACTIVE' of config map 'petclinic-config'>  Optional: false
      POSTGRES_URL:            <set to the key 'POSTGRES_URL' of config map 'petclinic-config'>            Optional: false
      POSTGRES_USER:           <set to the key 'POSTGRES_USER' in secret 'petclinic-db'>                   Optional: false
      POSTGRES_PASS:           <set to the key 'POSTGRES_PASS' in secret 'petclinic-db'>                   Optional: false
    Mounts:                    <none>
Conditions:
  Type                        Status
  PodReadyToStartContainers   True 
  Initialized                 True 
  Ready                       True 
  ContainersReady             True 
  PodScheduled                True 
Volumes:                      <none>
QoS Class:                    Burstable
Node-Selectors:               <none>
Tolerations:                  cloud=true:NoSchedule
                              node.kubernetes.io/not-ready:NoExecute op=Exists for 300s
                              node.kubernetes.io/unreachable:NoExecute op=Exists for 300s
Topology Spread Constraints:  kubernetes.io/hostname:ScheduleAnyway when max skew 1 is exceeded for selector app=petclinic,pod-template-hash in (6b8c7cf6c8)
Events:
  Type     Reason     Age                   From               Message
  ----     ------     ----                  ----               -------
  Normal   Scheduled  7m12s                 default-scheduler  Successfully assigned petclinic/petclinic-6b8c7cf6c8-zqjrb to devops
  Normal   Pulling    7m12s                 kubelet            spec.containers{petclinic}: Pulling image "10.0.0.3:30050/petclinic/petclinic:0.5.0-ci-78"
  Normal   Pulled     7m11s                 kubelet            spec.containers{petclinic}: Successfully pulled image "10.0.0.3:30050/petclinic/petclinic:0.5.0-ci-78" in 1.216s (1.216s including waiting). Image size: 184148523 bytes.
  Normal   Created    7m11s                 kubelet            spec.containers{petclinic}: Container created
  Normal   Started    7m11s                 kubelet            spec.containers{petclinic}: Container started
  Warning  Unhealthy  6m43s (x6 over 7m8s)  kubelet            spec.containers{petclinic}: Startup probe failed: Get "http://10.42.0.81:8080/actuator/health/liveness": dial tcp 10.42.0.81:8080: connect: connection refused
+ echo

+ echo ===== CURRENT CONTAINER LOGS =====
===== CURRENT CONTAINER LOGS =====
+ kubectl -n petclinic get pods -l app=petclinic -o name
+ echo

+ echo ----- pod/petclinic-5fbcdd4b88-dq4cl -----
----- pod/petclinic-5fbcdd4b88-dq4cl -----
+ kubectl -n petclinic logs pod/petclinic-5fbcdd4b88-dq4cl --tail=100


              |\      _,,,--,,_
             /,`.-'`'   ._  \-;;,_
  _______ __|,4-  ) )_   .;.(__`'-'__     ___ __    _ ___ _______
 |       | '---''(_/._)-'(_\_)   |   |   |   |  |  | |   |       |
 |    _  |    ___|_     _|       |   |   |   |   |_| |   |       | __ _ _
 |   |_| |   |___  |   | |       |   |   |   |       |   |       | \ \ \ \
 |    ___|    ___| |   | |      _|   |___|   |  _    |   |      _|  \ \ \ \
 |   |   |   |___  |   | |     |_|       |   | | |   |   |     |_    ) ) ) )
 |___|   |_______| |___| |_______|_______|___|_|  |__|___|_______|  / / / /
 ==================================================================/_/_/_/

:: Built with Spring Boot :: 4.1.0


2026-09-30T07:08:45.586Z  INFO 1 --- [           main] o.s.s.petclinic.PetClinicApplication     : Starting PetClinicApplication v4.0.0-SNAPSHOT using Java 21.0.11 with PID 1 (/app/app.jar started by ? in /app)
2026-09-30T07:08:45.601Z  INFO 1 --- [           main] o.s.s.petclinic.PetClinicApplication     : The following 1 profile is active: "postgres"
2026-09-30T07:08:49.317Z  INFO 1 --- [           main] .s.d.r.c.RepositoryConfigurationDelegate : Bootstrapping Spring Data JPA repositories in DEFAULT mode.
2026-09-30T07:08:49.520Z  INFO 1 --- [           main] .s.d.r.c.RepositoryConfigurationDelegate : Finished Spring Data repository scanning in 116 ms. Found 4 JPA repository interfaces.
2026-09-30T07:08:52.507Z  INFO 1 --- [           main] o.s.boot.tomcat.TomcatWebServer          : Tomcat initialized with port 8080 (http)
2026-09-30T07:08:52.601Z  INFO 1 --- [           main] o.apache.catalina.core.StandardService   : Starting service [Tomcat]
2026-09-30T07:08:52.602Z  INFO 1 --- [           main] o.apache.catalina.core.StandardEngine    : Starting Servlet engine: [Apache Tomcat/11.0.22]
2026-09-30T07:08:52.906Z  INFO 1 --- [           main] b.w.c.s.WebApplicationContextInitializer : Root WebApplicationContext: initialization completed in 7099 ms
2026-09-30T07:08:54.607Z  INFO 1 --- [           main] com.zaxxer.hikari.HikariDataSource       : HikariPool-1 - Starting...
2026-09-30T07:08:55.525Z  INFO 1 --- [           main] com.zaxxer.hikari.pool.HikariPool        : HikariPool-1 - Added connection org.postgresql.jdbc.PgConnection@5fe5c68b
2026-09-30T07:08:55.526Z  INFO 1 --- [           main] com.zaxxer.hikari.HikariDataSource       : HikariPool-1 - Start completed.
2026-09-30T07:08:56.307Z  INFO 1 --- [           main] org.hibernate.orm.jpa                    : HHH008540: Processing PersistenceUnitInfo [name: default]
2026-09-30T07:08:56.711Z  INFO 1 --- [           main] org.hibernate.orm.core                   : HHH000001: Hibernate ORM core version 7.4.1.Final
2026-09-30T07:08:58.419Z  INFO 1 --- [           main] o.s.o.j.p.SpringPersistenceUnitInfo      : No LoadTimeWeaver setup: ignoring JPA class transformer
2026-09-30T07:08:58.824Z  INFO 1 --- [           main] org.hibernate.orm.connections.pooling    : HHH10001005: Database info:
	Database JDBC URL [jdbc:postgresql://postgresql.ns-data.svc.cluster.local:5432/petclinic]
	Database driver: PostgreSQL JDBC Driver
	Database dialect: PostgreSQLDialect
	Database version: 18.4
	Default catalog/schema: petclinic/public
	Autocommit mode: undefined/unknown
	Isolation level: READ_COMMITTED [default READ_COMMITTED]
	JDBC fetch size: none
	Pool: DataSourceConnectionProvider
	Minimum pool size: undefined/unknown
	Maximum pool size: undefined/unknown
+ echo

+ echo ----- pod/petclinic-5fbcdd4b88-ndt2f -----
----- pod/petclinic-5fbcdd4b88-ndt2f -----
+ kubectl -n petclinic logs pod/petclinic-5fbcdd4b88-ndt2f --tail=100
2026-09-30T06:12:37.108Z  INFO 1 --- [           main] o.s.s.petclinic.PetClinicApplication     : Started PetClinicApplication in 79.474 seconds (process running for 82.619)
2026-09-30T06:12:38.519Z  INFO 1 --- [nio-8080-exec-1] o.a.c.c.C.[Tomcat].[localhost].[/]       : Initializing Spring DispatcherServlet 'dispatcherServlet'
2026-09-30T06:12:38.520Z  INFO 1 --- [nio-8080-exec-1] o.s.web.servlet.DispatcherServlet        : Initializing Servlet 'dispatcherServlet'
2026-09-30T06:12:38.523Z  INFO 1 --- [nio-8080-exec-1] o.s.web.servlet.DispatcherServlet        : Completed initialization in 2 ms
2026-09-30T06:31:34.170Z  WARN 1 --- [l-1:housekeeper] com.zaxxer.hikari.pool.PoolBase          : HikariPool-1 - Failed to validate connection org.postgresql.jdbc.PgConnection@47bb3ad9 (This connection has been closed.). Possibly consider using a shorter maxLifetime value.
2026-09-30T06:36:47.841Z  WARN 1 --- [l-1:housekeeper] com.zaxxer.hikari.pool.PoolBase          : HikariPool-1 - Failed to validate connection org.postgresql.jdbc.PgConnection@76b698a6 (This connection has been closed.). Possibly consider using a shorter maxLifetime value.
2026-09-30T06:39:53.397Z  WARN 1 --- [l-1:housekeeper] com.zaxxer.hikari.pool.PoolBase          : HikariPool-1 - Failed to validate connection org.postgresql.jdbc.PgConnection@644b3f7a (This connection has been closed.). Possibly consider using a shorter maxLifetime value.
2026-09-30T06:39:58.399Z  WARN 1 --- [l-1:housekeeper] com.zaxxer.hikari.pool.PoolBase          : HikariPool-1 - Failed to validate connection org.postgresql.jdbc.PgConnection@69c91d47 (This connection has been closed.). Possibly consider using a shorter maxLifetime value.
2026-09-30T06:43:20.073Z  WARN 1 --- [l-1:housekeeper] com.zaxxer.hikari.pool.PoolBase          : HikariPool-1 - Failed to validate connection org.postgresql.jdbc.PgConnection@3c588dde (This connection has been closed.). Possibly consider using a shorter maxLifetime value.
2026-09-30T06:44:01.671Z  WARN 1 --- [l-1:housekeeper] com.zaxxer.hikari.pool.PoolBase          : HikariPool-1 - Failed to validate connection org.postgresql.jdbc.PgConnection@6b17a360 (This connection has been closed.). Possibly consider using a shorter maxLifetime value.
2026-09-30T06:46:11.741Z  WARN 1 --- [l-1:housekeeper] com.zaxxer.hikari.pool.PoolBase          : HikariPool-1 - Failed to validate connection org.postgresql.jdbc.PgConnection@d9fc3ff (This connection has been closed.). Possibly consider using a shorter maxLifetime value.
2026-09-30T06:47:06.403Z  WARN 1 --- [l-1:housekeeper] com.zaxxer.hikari.pool.PoolBase          : HikariPool-1 - Failed to validate connection org.postgresql.jdbc.PgConnection@1237fa11 (This connection has been closed.). Possibly consider using a shorter maxLifetime value.
2026-09-30T06:47:38.529Z  WARN 1 --- [l-1:housekeeper] com.zaxxer.hikari.pool.PoolBase          : HikariPool-1 - Failed to validate connection org.postgresql.jdbc.PgConnection@185b0ea6 (This connection has been closed.). Possibly consider using a shorter maxLifetime value.
2026-09-30T06:47:48.338Z  WARN 1 --- [l-1:housekeeper] com.zaxxer.hikari.pool.PoolBase          : HikariPool-1 - Failed to validate connection org.postgresql.jdbc.PgConnection@1bb8bcea (This connection has been closed.). Possibly consider using a shorter maxLifetime value.
2026-09-30T06:49:06.491Z  WARN 1 --- [l-1:housekeeper] com.zaxxer.hikari.pool.PoolBase          : HikariPool-1 - Failed to validate connection org.postgresql.jdbc.PgConnection@7590413d (This connection has been closed.). Possibly consider using a shorter maxLifetime value.
2026-09-30T06:50:57.346Z  WARN 1 --- [l-1:housekeeper] com.zaxxer.hikari.pool.PoolBase          : HikariPool-1 - Failed to validate connection org.postgresql.jdbc.PgConnection@cbef91e (This connection has been closed.). Possibly consider using a shorter maxLifetime value.
2026-09-30T06:53:33.974Z  WARN 1 --- [l-1:housekeeper] com.zaxxer.hikari.pool.PoolBase          : HikariPool-1 - Failed to validate connection org.postgresql.jdbc.PgConnection@3c511067 (This connection has been closed.). Possibly consider using a shorter maxLifetime value.
2026-09-30T06:55:16.646Z  WARN 1 --- [l-1:housekeeper] com.zaxxer.hikari.pool.PoolBase          : HikariPool-1 - Failed to validate connection org.postgresql.jdbc.PgConnection@6fc9ff05 (This connection has been closed.). Possibly consider using a shorter maxLifetime value.
2026-09-30T07:00:05.092Z  WARN 1 --- [l-1:housekeeper] com.zaxxer.hikari.pool.PoolBase          : HikariPool-1 - Failed to validate connection org.postgresql.jdbc.PgConnection@696e699f (This connection has been closed.). Possibly consider using a shorter maxLifetime value.
2026-09-30T07:00:10.098Z  WARN 1 --- [l-1:housekeeper] com.zaxxer.hikari.pool.PoolBase          : HikariPool-1 - Failed to validate connection org.postgresql.jdbc.PgConnection@799f8b89 (This connection has been closed.). Possibly consider using a shorter maxLifetime value.
2026-09-30T07:01:06.662Z  WARN 1 --- [l-1:housekeeper] com.zaxxer.hikari.pool.PoolBase          : HikariPool-1 - Failed to validate connection org.postgresql.jdbc.PgConnection@7a75604c (This connection has been closed.). Possibly consider using a shorter maxLifetime value.
2026-09-30T07:01:50.196Z  WARN 1 --- [l-1:housekeeper] com.zaxxer.hikari.pool.PoolBase          : HikariPool-1 - Failed to validate connection org.postgresql.jdbc.PgConnection@55246e98 (This connection has been closed.). Possibly consider using a shorter maxLifetime value.
2026-09-30T07:02:09.311Z  WARN 1 --- [l-1:housekeeper] com.zaxxer.hikari.pool.PoolBase          : HikariPool-1 - Failed to validate connection org.postgresql.jdbc.PgConnection@abba85f (This connection has been closed.). Possibly consider using a shorter maxLifetime value.
2026-09-30T07:02:56.033Z  WARN 1 --- [l-1:housekeeper] com.zaxxer.hikari.pool.PoolBase          : HikariPool-1 - Failed to validate connection org.postgresql.jdbc.PgConnection@a916394 (This connection has been closed.). Possibly consider using a shorter maxLifetime value.
2026-09-30T07:03:01.039Z  WARN 1 --- [l-1:housekeeper] com.zaxxer.hikari.pool.PoolBase          : HikariPool-1 - Failed to validate connection org.postgresql.jdbc.PgConnection@73675f55 (This connection has been closed.). Possibly consider using a shorter maxLifetime value.
2026-09-30T07:03:06.040Z  WARN 1 --- [l-1:housekeeper] com.zaxxer.hikari.pool.PoolBase          : HikariPool-1 - Failed to validate connection org.postgresql.jdbc.PgConnection@1d6c6237 (This connection has been closed.). Possibly consider using a shorter maxLifetime value.
2026-09-30T07:03:38.951Z  WARN 1 --- [l-1:housekeeper] com.zaxxer.hikari.pool.PoolBase          : HikariPool-1 - Failed to validate connection org.postgresql.jdbc.PgConnection@777aeeb7 (This connection has been closed.). Possibly consider using a shorter maxLifetime value.
2026-09-30T07:03:57.934Z  WARN 1 --- [l-1:housekeeper] com.zaxxer.hikari.pool.PoolBase          : HikariPool-1 - Failed to validate connection org.postgresql.jdbc.PgConnection@14fb1ad9 (This connection has been closed.). Possibly consider using a shorter maxLifetime value.
2026-09-30T07:04:02.939Z  WARN 1 --- [l-1:housekeeper] com.zaxxer.hikari.pool.PoolBase          : HikariPool-1 - Failed to validate connection org.postgresql.jdbc.PgConnection@7e2ef934 (This connection has been closed.). Possibly consider using a shorter maxLifetime value.
2026-09-30T07:04:07.944Z  WARN 1 --- [l-1:housekeeper] com.zaxxer.hikari.pool.PoolBase          : HikariPool-1 - Failed to validate connection org.postgresql.jdbc.PgConnection@1d9b0056 (This connection has been closed.). Possibly consider using a shorter maxLifetime value.
2026-09-30T07:04:12.946Z  WARN 1 --- [l-1:housekeeper] com.zaxxer.hikari.pool.PoolBase          : HikariPool-1 - Failed to validate connection org.postgresql.jdbc.PgConnection@477fee4c (This connection has been closed.). Possibly consider using a shorter maxLifetime value.
2026-09-30T07:04:17.952Z  WARN 1 --- [l-1:housekeeper] com.zaxxer.hikari.pool.PoolBase          : HikariPool-1 - Failed to validate connection org.postgresql.jdbc.PgConnection@4f463f7 (This connection has been closed.). Possibly consider using a shorter maxLifetime value.
2026-09-30T07:04:19.899Z  WARN 1 --- [onnection-adder] com.zaxxer.hikari.pool.PoolBase          : HikariPool-1 - Pool is empty, failed to create/setup connection (ee963b48-044d-4808-8ce4-641af8e8cad8)

org.postgresql.util.PSQLException: The connection attempt failed.
	at org.postgresql.core.v3.ConnectionFactoryImpl.openConnectionImpl(ConnectionFactoryImpl.java:437) ~[postgresql-42.7.11.jar!/:42.7.11]
	at org.postgresql.core.ConnectionFactory.openConnection(ConnectionFactory.java:52) ~[postgresql-42.7.11.jar!/:42.7.11]
	at org.postgresql.jdbc.PgConnection.<init>(PgConnection.java:290) ~[postgresql-42.7.11.jar!/:42.7.11]
	at org.postgresql.Driver.makeConnection(Driver.java:448) ~[postgresql-42.7.11.jar!/:42.7.11]
	at org.postgresql.Driver.connect(Driver.java:298) ~[postgresql-42.7.11.jar!/:42.7.11]
	at com.zaxxer.hikari.util.DriverDataSource.getConnection(DriverDataSource.java:144) ~[HikariCP-7.0.2.jar!/:na]
	at com.zaxxer.hikari.pool.PoolBase.newConnection(PoolBase.java:373) ~[HikariCP-7.0.2.jar!/:na]
	at com.zaxxer.hikari.pool.PoolBase.newPoolEntry(PoolBase.java:210) ~[HikariCP-7.0.2.jar!/:na]
	at com.zaxxer.hikari.pool.HikariPool.createPoolEntry(HikariPool.java:488) ~[HikariCP-7.0.2.jar!/:na]
	at com.zaxxer.hikari.pool.HikariPool$PoolEntryCreator.call(HikariPool.java:752) ~[HikariCP-7.0.2.jar!/:na]
	at com.zaxxer.hikari.pool.HikariPool$PoolEntryCreator.call(HikariPool.java:731) ~[HikariCP-7.0.2.jar!/:na]
	at java.base/java.util.concurrent.FutureTask.run(Unknown Source) ~[na:na]
	at java.base/java.util.concurrent.ThreadPoolExecutor.runWorker(Unknown Source) ~[na:na]
	at java.base/java.util.concurrent.ThreadPoolExecutor$Worker.run(Unknown Source) ~[na:na]
	at java.base/java.lang.Thread.run(Unknown Source) ~[na:na]
Caused by: java.net.UnknownHostException: postgresql.ns-data.svc.cluster.local
	at java.base/sun.nio.ch.NioSocketImpl.connect(Unknown Source) ~[na:na]
	at java.base/java.net.SocksSocketImpl.connect(Unknown Source) ~[na:na]
	at java.base/java.net.Socket.connect(Unknown Source) ~[na:na]
	at org.postgresql.core.PGStream.createSocket(PGStream.java:271) ~[postgresql-42.7.11.jar!/:42.7.11]
	at org.postgresql.core.PGStream.<init>(PGStream.java:132) ~[postgresql-42.7.11.jar!/:42.7.11]
	at org.postgresql.core.v3.ConnectionFactoryImpl.tryConnect(ConnectionFactoryImpl.java:219) ~[postgresql-42.7.11.jar!/:42.7.11]
	at org.postgresql.core.v3.ConnectionFactoryImpl.openConnectionImpl(ConnectionFactoryImpl.java:365) ~[postgresql-42.7.11.jar!/:42.7.11]
	... 14 common frames omitted

2026-09-30T07:05:39.276Z  WARN 1 --- [onnection-adder] com.zaxxer.hikari.pool.PoolBase          : HikariPool-1 - Pool is empty, failed to create/setup connection (63bbd7e0-746c-4a5e-afc8-6e60eeb205c4)

org.postgresql.util.PSQLException: The connection attempt failed.
	at org.postgresql.core.v3.ConnectionFactoryImpl.openConnectionImpl(ConnectionFactoryImpl.java:437) ~[postgresql-42.7.11.jar!/:42.7.11]
	at org.postgresql.core.ConnectionFactory.openConnection(ConnectionFactory.java:52) ~[postgresql-42.7.11.jar!/:42.7.11]
	at org.postgresql.jdbc.PgConnection.<init>(PgConnection.java:290) ~[postgresql-42.7.11.jar!/:42.7.11]
	at org.postgresql.Driver.makeConnection(Driver.java:448) ~[postgresql-42.7.11.jar!/:42.7.11]
	at org.postgresql.Driver.connect(Driver.java:298) ~[postgresql-42.7.11.jar!/:42.7.11]
	at com.zaxxer.hikari.util.DriverDataSource.getConnection(DriverDataSource.java:144) ~[HikariCP-7.0.2.jar!/:na]
	at com.zaxxer.hikari.pool.PoolBase.newConnection(PoolBase.java:373) ~[HikariCP-7.0.2.jar!/:na]
	at com.zaxxer.hikari.pool.PoolBase.newPoolEntry(PoolBase.java:210) ~[HikariCP-7.0.2.jar!/:na]
	at com.zaxxer.hikari.pool.HikariPool.createPoolEntry(HikariPool.java:488) ~[HikariCP-7.0.2.jar!/:na]
	at com.zaxxer.hikari.pool.HikariPool$PoolEntryCreator.call(HikariPool.java:752) ~[HikariCP-7.0.2.jar!/:na]
	at com.zaxxer.hikari.pool.HikariPool$PoolEntryCreator.call(HikariPool.java:731) ~[HikariCP-7.0.2.jar!/:na]
	at java.base/java.util.concurrent.FutureTask.run(Unknown Source) ~[na:na]
	at java.base/java.util.concurrent.ThreadPoolExecutor.runWorker(Unknown Source) ~[na:na]
	at java.base/java.util.concurrent.ThreadPoolExecutor$Worker.run(Unknown Source) ~[na:na]
	at java.base/java.lang.Thread.run(Unknown Source) ~[na:na]
Caused by: java.net.SocketTimeoutException: Connect timed out
	at java.base/sun.nio.ch.NioSocketImpl.timedFinishConnect(Unknown Source) ~[na:na]
	at java.base/sun.nio.ch.NioSocketImpl.connect(Unknown Source) ~[na:na]
	at java.base/java.net.SocksSocketImpl.connect(Unknown Source) ~[na:na]
	at java.base/java.net.Socket.connect(Unknown Source) ~[na:na]
	at org.postgresql.core.PGStream.createSocket(PGStream.java:271) ~[postgresql-42.7.11.jar!/:42.7.11]
	at org.postgresql.core.PGStream.<init>(PGStream.java:132) ~[postgresql-42.7.11.jar!/:42.7.11]
	at org.postgresql.core.v3.ConnectionFactoryImpl.tryConnect(ConnectionFactoryImpl.java:219) ~[postgresql-42.7.11.jar!/:42.7.11]
	at org.postgresql.core.v3.ConnectionFactoryImpl.openConnectionImpl(ConnectionFactoryImpl.java:365) ~[postgresql-42.7.11.jar!/:42.7.11]
	... 14 common frames omitted
	Suppressed: java.net.SocketTimeoutException: Connect timed out
		at java.base/sun.nio.ch.NioSocketImpl.timedFinishConnect(Unknown Source) ~[na:na]
		at java.base/sun.nio.ch.NioSocketImpl.connect(Unknown Source) ~[na:na]
		at java.base/java.net.SocksSocketImpl.connect(Unknown Source) ~[na:na]
		at java.base/java.net.Socket.connect(Unknown Source) ~[na:na]
		at org.postgresql.core.PGStream.createSocket(PGStream.java:271) ~[postgresql-42.7.11.jar!/:42.7.11]
		at org.postgresql.core.PGStream.<init>(PGStream.java:132) ~[postgresql-42.7.11.jar!/:42.7.11]
		at org.postgresql.core.v3.ConnectionFactoryImpl.tryConnect(ConnectionFactoryImpl.java:219) ~[postgresql-42.7.11.jar!/:42.7.11]
		at org.postgresql.core.v3.ConnectionFactoryImpl.tryConnectWithoutSsl(ConnectionFactoryImpl.java:145) ~[postgresql-42.7.11.jar!/:42.7.11]
		at org.postgresql.core.v3.ConnectionFactoryImpl.openConnectionImpl(ConnectionFactoryImpl.java:380) ~[postgresql-42.7.11.jar!/:42.7.11]
		... 14 common frames omitted

+ echo

+ echo ----- pod/petclinic-5fbcdd4b88-x57f7 -----
----- pod/petclinic-5fbcdd4b88-x57f7 -----
+ kubectl -n petclinic logs pod/petclinic-5fbcdd4b88-x57f7 --tail=100
Error from server: Get "https://10.0.0.1:10250/containerLogs/petclinic/petclinic-5fbcdd4b88-x57f7/petclinic?tailLines=100": proxy error from 127.0.0.1:6443 while dialing 10.0.0.1:10250, code 502: 502 Bad Gateway
+ true
+ echo

+ echo ----- pod/petclinic-6b8c7cf6c8-4d2pt -----
----- pod/petclinic-6b8c7cf6c8-4d2pt -----
+ kubectl -n petclinic logs pod/petclinic-6b8c7cf6c8-4d2pt --tail=100


              |\      _,,,--,,_
             /,`.-'`'   ._  \-;;,_
  _______ __|,4-  ) )_   .;.(__`'-'__     ___ __    _ ___ _______
 |       | '---''(_/._)-'(_\_)   |   |   |   |  |  | |   |       |
 |    _  |    ___|_     _|       |   |   |   |   |_| |   |       | __ _ _
 |   |_| |   |___  |   | |       |   |   |   |       |   |       | \ \ \ \
 |    ___|    ___| |   | |      _|   |___|   |  _    |   |      _|  \ \ \ \
 |   |   |   |___  |   | |     |_|       |   | | |   |   |     |_    ) ) ) )
 |___|   |_______| |___| |_______|_______|___|_|  |__|___|_______|  / / / /
 ==================================================================/_/_/_/

:: Built with Spring Boot :: 4.1.0


2026-09-30T07:08:44.234Z  INFO 1 --- [           main] o.s.s.petclinic.PetClinicApplication     : Starting PetClinicApplication v4.0.0-SNAPSHOT using Java 21.0.11 with PID 1 (/app/app.jar started by ? in /app)
2026-09-30T07:08:44.252Z  INFO 1 --- [           main] o.s.s.petclinic.PetClinicApplication     : The following 1 profile is active: "postgres"
2026-09-30T07:08:49.960Z  INFO 1 --- [           main] .s.d.r.c.RepositoryConfigurationDelegate : Bootstrapping Spring Data JPA repositories in DEFAULT mode.
2026-09-30T07:08:50.246Z  INFO 1 --- [           main] .s.d.r.c.RepositoryConfigurationDelegate : Finished Spring Data repository scanning in 209 ms. Found 4 JPA repository interfaces.
2026-09-30T07:08:54.920Z  INFO 1 --- [           main] o.s.boot.tomcat.TomcatWebServer          : Tomcat initialized with port 8080 (http)
2026-09-30T07:08:55.011Z  INFO 1 --- [           main] o.apache.catalina.core.StandardService   : Starting service [Tomcat]
2026-09-30T07:08:55.019Z  INFO 1 --- [           main] o.apache.catalina.core.StandardEngine    : Starting Servlet engine: [Apache Tomcat/11.0.22]
2026-09-30T07:08:55.431Z  INFO 1 --- [           main] b.w.c.s.WebApplicationContextInitializer : Root WebApplicationContext: initialization completed in 10716 ms
2026-09-30T07:08:57.943Z  INFO 1 --- [           main] com.zaxxer.hikari.HikariDataSource       : HikariPool-1 - Starting...
+ echo

+ echo ----- pod/petclinic-6b8c7cf6c8-4xtkf -----
----- pod/petclinic-6b8c7cf6c8-4xtkf -----
+ kubectl -n petclinic logs pod/petclinic-6b8c7cf6c8-4xtkf --tail=100
Error from server: Get "https://10.0.0.1:10250/containerLogs/petclinic/petclinic-6b8c7cf6c8-4xtkf/petclinic?tailLines=100": proxy error from 127.0.0.1:6443 while dialing 10.0.0.1:10250, code 502: 502 Bad Gateway
+ true
+ echo

+ echo ----- pod/petclinic-6b8c7cf6c8-xsn85 -----
----- pod/petclinic-6b8c7cf6c8-xsn85 -----
+ kubectl -n petclinic logs pod/petclinic-6b8c7cf6c8-xsn85 --tail=100


              |\      _,,,--,,_
             /,`.-'`'   ._  \-;;,_
  _______ __|,4-  ) )_   .;.(__`'-'__     ___ __    _ ___ _______
 |       | '---''(_/._)-'(_\_)   |   |   |   |  |  | |   |       |
 |    _  |    ___|_     _|       |   |   |   |   |_| |   |       | __ _ _
 |   |_| |   |___  |   | |       |   |   |   |       |   |       | \ \ \ \
 |    ___|    ___| |   | |      _|   |___|   |  _    |   |      _|  \ \ \ \
 |   |   |   |___  |   | |     |_|       |   | | |   |   |     |_    ) ) ) )
 |___|   |_______| |___| |_______|_______|___|_|  |__|___|_______|  / / / /
 ==================================================================/_/_/_/

:: Built with Spring Boot :: 4.1.0


2026-09-30T07:08:48.351Z  INFO 1 --- [           main] o.s.s.petclinic.PetClinicApplication     : Starting PetClinicApplication v4.0.0-SNAPSHOT using Java 21.0.11 with PID 1 (/app/app.jar started by ? in /app)
2026-09-30T07:08:48.355Z  INFO 1 --- [           main] o.s.s.petclinic.PetClinicApplication     : The following 1 profile is active: "postgres"
2026-09-30T07:08:53.834Z  INFO 1 --- [           main] .s.d.r.c.RepositoryConfigurationDelegate : Bootstrapping Spring Data JPA repositories in DEFAULT mode.
2026-09-30T07:08:54.210Z  INFO 1 --- [           main] .s.d.r.c.RepositoryConfigurationDelegate : Finished Spring Data repository scanning in 299 ms. Found 4 JPA repository interfaces.
2026-09-30T07:08:58.921Z  INFO 1 --- [           main] o.s.boot.tomcat.TomcatWebServer          : Tomcat initialized with port 8080 (http)
2026-09-30T07:08:59.018Z  INFO 1 --- [           main] o.apache.catalina.core.StandardService   : Starting service [Tomcat]
2026-09-30T07:08:59.018Z  INFO 1 --- [           main] o.apache.catalina.core.StandardEngine    : Starting Servlet engine: [Apache Tomcat/11.0.22]
2026-09-30T07:08:59.513Z  INFO 1 --- [           main] b.w.c.s.WebApplicationContextInitializer : Root WebApplicationContext: initialization completed in 10865 ms
2026-09-30T07:09:01.814Z  INFO 1 --- [           main] com.zaxxer.hikari.HikariDataSource       : HikariPool-1 - Starting...
+ echo

+ echo ----- pod/petclinic-6b8c7cf6c8-zqjrb -----
----- pod/petclinic-6b8c7cf6c8-zqjrb -----
+ kubectl -n petclinic logs pod/petclinic-6b8c7cf6c8-zqjrb --tail=100


              |\      _,,,--,,_
             /,`.-'`'   ._  \-;;,_
  _______ __|,4-  ) )_   .;.(__`'-'__     ___ __    _ ___ _______
 |       | '---''(_/._)-'(_\_)   |   |   |   |  |  | |   |       |
 |    _  |    ___|_     _|       |   |   |   |   |_| |   |       | __ _ _
 |   |_| |   |___  |   | |       |   |   |   |       |   |       | \ \ \ \
 |    ___|    ___| |   | |      _|   |___|   |  _    |   |      _|  \ \ \ \
 |   |   |   |___  |   | |     |_|       |   | | |   |   |     |_    ) ) ) )
 |___|   |_______| |___| |_______|_______|___|_|  |__|___|_______|  / / / /
 ==================================================================/_/_/_/

:: Built with Spring Boot :: 4.1.0


2026-09-30T07:01:53.406Z  INFO 1 --- [           main] o.s.s.petclinic.PetClinicApplication     : Starting PetClinicApplication v4.0.0-SNAPSHOT using Java 21.0.11 with PID 1 (/app/app.jar started by ? in /app)
2026-09-30T07:01:53.486Z  INFO 1 --- [           main] o.s.s.petclinic.PetClinicApplication     : The following 1 profile is active: "postgres"
2026-09-30T07:01:57.209Z  INFO 1 --- [           main] .s.d.r.c.RepositoryConfigurationDelegate : Bootstrapping Spring Data JPA repositories in DEFAULT mode.
2026-09-30T07:01:57.497Z  INFO 1 --- [           main] .s.d.r.c.RepositoryConfigurationDelegate : Finished Spring Data repository scanning in 278 ms. Found 4 JPA repository interfaces.
2026-09-30T07:02:01.014Z  INFO 1 --- [           main] o.s.boot.tomcat.TomcatWebServer          : Tomcat initialized with port 8080 (http)
2026-09-30T07:02:01.108Z  INFO 1 --- [           main] o.apache.catalina.core.StandardService   : Starting service [Tomcat]
2026-09-30T07:02:01.108Z  INFO 1 --- [           main] o.apache.catalina.core.StandardEngine    : Starting Servlet engine: [Apache Tomcat/11.0.22]
2026-09-30T07:02:01.419Z  INFO 1 --- [           main] b.w.c.s.WebApplicationContextInitializer : Root WebApplicationContext: initialization completed in 7802 ms
2026-09-30T07:02:03.305Z  INFO 1 --- [           main] com.zaxxer.hikari.HikariDataSource       : HikariPool-1 - Starting...
2026-09-30T07:02:04.211Z  INFO 1 --- [           main] com.zaxxer.hikari.pool.HikariPool        : HikariPool-1 - Added connection org.postgresql.jdbc.PgConnection@5fe5c68b
2026-09-30T07:02:04.212Z  INFO 1 --- [           main] com.zaxxer.hikari.HikariDataSource       : HikariPool-1 - Start completed.
2026-09-30T07:02:05.099Z  INFO 1 --- [           main] org.hibernate.orm.jpa                    : HHH008540: Processing PersistenceUnitInfo [name: default]
2026-09-30T07:02:05.401Z  INFO 1 --- [           main] org.hibernate.orm.core                   : HHH000001: Hibernate ORM core version 7.4.1.Final
2026-09-30T07:02:07.702Z  INFO 1 --- [           main] o.s.o.j.p.SpringPersistenceUnitInfo      : No LoadTimeWeaver setup: ignoring JPA class transformer
2026-09-30T07:02:08.224Z  INFO 1 --- [           main] org.hibernate.orm.connections.pooling    : HHH10001005: Database info:
	Database JDBC URL [jdbc:postgresql://postgresql.ns-data.svc.cluster.local:5432/petclinic]
	Database driver: PostgreSQL JDBC Driver
	Database dialect: PostgreSQLDialect
	Database version: 18.4
	Default catalog/schema: petclinic/public
	Autocommit mode: undefined/unknown
	Isolation level: READ_COMMITTED [default READ_COMMITTED]
	JDBC fetch size: none
	Pool: DataSourceConnectionProvider
	Minimum pool size: undefined/unknown
	Maximum pool size: undefined/unknown
2026-09-30T07:02:12.298Z  INFO 1 --- [           main] org.hibernate.orm.core                   : HHH000489: No JTA platform available (set 'hibernate.transaction.jta.platform' to enable JTA platform integration)
2026-09-30T07:02:12.306Z  INFO 1 --- [           main] j.LocalContainerEntityManagerFactoryBean : Initialized JPA EntityManagerFactory for persistence unit 'default'
2026-09-30T07:02:12.612Z  INFO 1 --- [           main] o.s.d.j.r.query.QueryEnhancerFactories   : Hibernate is in classpath; If applicable, HQL parser will be used.
2026-09-30T07:02:21.706Z  INFO 1 --- [           main] o.s.b.a.e.web.EndpointLinksResolver      : Exposing 14 endpoints beneath base path '/actuator'
2026-09-30T07:02:22.211Z  INFO 1 --- [           main] o.s.boot.tomcat.TomcatWebServer          : Tomcat started on port 8080 (http) with context path '/'
2026-09-30T07:02:22.303Z  INFO 1 --- [           main] o.s.s.petclinic.PetClinicApplication     : Started PetClinicApplication in 30.699 seconds (process running for 32.899)
2026-09-30T07:02:22.805Z  INFO 1 --- [nio-8080-exec-1] o.a.c.c.C.[Tomcat].[localhost].[/]       : Initializing Spring DispatcherServlet 'dispatcherServlet'
2026-09-30T07:02:22.806Z  INFO 1 --- [nio-8080-exec-1] o.s.web.servlet.DispatcherServlet        : Initializing Servlet 'dispatcherServlet'
2026-09-30T07:02:22.809Z  INFO 1 --- [nio-8080-exec-1] o.s.web.servlet.DispatcherServlet        : Completed initialization in 2 ms
+ echo

+ echo ===== PREVIOUS CONTAINER LOGS =====
===== PREVIOUS CONTAINER LOGS =====
+ kubectl -n petclinic get pods -l app=petclinic -o name
+ echo

+ echo ----- pod/petclinic-5fbcdd4b88-dq4cl -----
----- pod/petclinic-5fbcdd4b88-dq4cl -----
+ kubectl -n petclinic logs pod/petclinic-5fbcdd4b88-dq4cl --previous --tail=100
Error from server (BadRequest): previous terminated container "petclinic" in pod "petclinic-5fbcdd4b88-dq4cl" not found
+ true
+ echo

+ echo ----- pod/petclinic-5fbcdd4b88-ndt2f -----
----- pod/petclinic-5fbcdd4b88-ndt2f -----
+ kubectl -n petclinic logs pod/petclinic-5fbcdd4b88-ndt2f --previous --tail=100
Error from server (BadRequest): previous terminated container "petclinic" in pod "petclinic-5fbcdd4b88-ndt2f" not found
+ true
+ echo

+ echo ----- pod/petclinic-5fbcdd4b88-x57f7 -----
----- pod/petclinic-5fbcdd4b88-x57f7 -----
+ kubectl -n petclinic logs pod/petclinic-5fbcdd4b88-x57f7 --previous --tail=100
Error from server: Get "https://10.0.0.1:10250/containerLogs/petclinic/petclinic-5fbcdd4b88-x57f7/petclinic?previous=true&tailLines=100": proxy error from 127.0.0.1:6443 while dialing 10.0.0.1:10250, code 502: 502 Bad Gateway
+ true
+ echo

+ echo ----- pod/petclinic-6b8c7cf6c8-4d2pt -----
----- pod/petclinic-6b8c7cf6c8-4d2pt -----
+ kubectl -n petclinic logs pod/petclinic-6b8c7cf6c8-4d2pt --previous --tail=100
2026-09-30T07:08:07.739Z  INFO 1 --- [           main] .s.d.r.c.RepositoryConfigurationDelegate : Bootstrapping Spring Data JPA repositories in DEFAULT mode.
2026-09-30T07:08:08.109Z  INFO 1 --- [           main] .s.d.r.c.RepositoryConfigurationDelegate : Finished Spring Data repository scanning in 287 ms. Found 4 JPA repository interfaces.
2026-09-30T07:08:12.914Z  INFO 1 --- [           main] o.s.boot.tomcat.TomcatWebServer          : Tomcat initialized with port 8080 (http)
2026-09-30T07:08:13.011Z  INFO 1 --- [           main] o.apache.catalina.core.StandardService   : Starting service [Tomcat]
2026-09-30T07:08:13.012Z  INFO 1 --- [           main] o.apache.catalina.core.StandardEngine    : Starting Servlet engine: [Apache Tomcat/11.0.22]
2026-09-30T07:08:13.421Z  INFO 1 --- [           main] b.w.c.s.WebApplicationContextInitializer : Root WebApplicationContext: initialization completed in 10902 ms
2026-09-30T07:08:16.211Z  INFO 1 --- [           main] com.zaxxer.hikari.HikariDataSource       : HikariPool-1 - Starting...
2026-09-30T07:08:38.144Z  WARN 1 --- [           main] ConfigServletWebServerApplicationContext : Exception encountered during context initialization - cancelling refresh attempt: org.springframework.beans.factory.BeanCreationException: Error creating bean with name 'entityManagerFactory' defined in class path resource [org/springframework/boot/hibernate/autoconfigure/HibernateJpaConfiguration.class]: Failed to initialize dependency 'dataSourceScriptDatabaseInitializer' of LoadTimeWeaverAware bean 'entityManagerFactory': Error creating bean with name 'dataSourceScriptDatabaseInitializer' defined in class path resource [org/springframework/boot/jdbc/autoconfigure/DataSourceInitializationAutoConfiguration.class]: Failed to execute database script
2026-09-30T07:08:38.149Z  INFO 1 --- [           main] o.apache.catalina.core.StandardService   : Stopping service [Tomcat]
2026-09-30T07:08:38.170Z  INFO 1 --- [           main] .s.b.a.l.ConditionEvaluationReportLogger : 

Error starting ApplicationContext. To display the condition evaluation report re-run your application with 'debug' enabled.
2026-09-30T07:08:38.220Z ERROR 1 --- [           main] o.s.boot.SpringApplication               : Application run failed

org.springframework.beans.factory.BeanCreationException: Error creating bean with name 'entityManagerFactory' defined in class path resource [org/springframework/boot/hibernate/autoconfigure/HibernateJpaConfiguration.class]: Failed to initialize dependency 'dataSourceScriptDatabaseInitializer' of LoadTimeWeaverAware bean 'entityManagerFactory': Error creating bean with name 'dataSourceScriptDatabaseInitializer' defined in class path resource [org/springframework/boot/jdbc/autoconfigure/DataSourceInitializationAutoConfiguration.class]: Failed to execute database script
	at org.springframework.beans.factory.support.AbstractBeanFactory.doGetBean(AbstractBeanFactory.java:322) ~[spring-beans-7.0.8.jar!/:7.0.8]
	at org.springframework.beans.factory.support.AbstractBeanFactory.getBean(AbstractBeanFactory.java:201) ~[spring-beans-7.0.8.jar!/:7.0.8]
	at org.springframework.context.support.AbstractApplicationContext.finishBeanFactoryInitialization(AbstractApplicationContext.java:977) ~[spring-context-7.0.8.jar!/:7.0.8]
	at org.springframework.context.support.AbstractApplicationContext.refresh(AbstractApplicationContext.java:621) ~[spring-context-7.0.8.jar!/:7.0.8]
	at org.springframework.boot.web.server.servlet.context.ServletWebServerApplicationContext.refresh(ServletWebServerApplicationContext.java:143) ~[spring-boot-web-server-4.1.0.jar!/:4.1.0]
	at org.springframework.boot.SpringApplication.refresh(SpringApplication.java:756) ~[spring-boot-4.1.0.jar!/:4.1.0]
	at org.springframework.boot.SpringApplication.refreshContext(SpringApplication.java:445) ~[spring-boot-4.1.0.jar!/:4.1.0]
	at org.springframework.boot.SpringApplication.run(SpringApplication.java:321) ~[spring-boot-4.1.0.jar!/:4.1.0]
	at org.springframework.boot.SpringApplication.run(SpringApplication.java:1365) ~[spring-boot-4.1.0.jar!/:4.1.0]
	at org.springframework.boot.SpringApplication.run(SpringApplication.java:1354) ~[spring-boot-4.1.0.jar!/:4.1.0]
	at org.springframework.samples.petclinic.PetClinicApplication.main(PetClinicApplication.java:33) ~[!/:4.0.0-SNAPSHOT]
	at java.base/jdk.internal.reflect.DirectMethodHandleAccessor.invoke(Unknown Source) ~[na:na]
	at java.base/java.lang.reflect.Method.invoke(Unknown Source) ~[na:na]
	at org.springframework.boot.loader.launch.Launcher.launch(Launcher.java:106) ~[app.jar:4.0.0-SNAPSHOT]
	at org.springframework.boot.loader.launch.Launcher.launch(Launcher.java:64) ~[app.jar:4.0.0-SNAPSHOT]
	at org.springframework.boot.loader.launch.JarLauncher.main(JarLauncher.java:40) ~[app.jar:4.0.0-SNAPSHOT]
Caused by: org.springframework.beans.factory.BeanCreationException: Error creating bean with name 'dataSourceScriptDatabaseInitializer' defined in class path resource [org/springframework/boot/jdbc/autoconfigure/DataSourceInitializationAutoConfiguration.class]: Failed to execute database script
	at org.springframework.beans.factory.support.AbstractAutowireCapableBeanFactory.initializeBean(AbstractAutowireCapableBeanFactory.java:1815) ~[spring-beans-7.0.8.jar!/:7.0.8]
	at org.springframework.beans.factory.support.AbstractAutowireCapableBeanFactory.doCreateBean(AbstractAutowireCapableBeanFactory.java:603) ~[spring-beans-7.0.8.jar!/:7.0.8]
	at org.springframework.beans.factory.support.AbstractAutowireCapableBeanFactory.createBean(AbstractAutowireCapableBeanFactory.java:525) ~[spring-beans-7.0.8.jar!/:7.0.8]
	at org.springframework.beans.factory.support.AbstractBeanFactory.lambda$doGetBean$0(AbstractBeanFactory.java:333) ~[spring-beans-7.0.8.jar!/:7.0.8]
	at org.springframework.beans.factory.support.DefaultSingletonBeanRegistry.getSingleton(DefaultSingletonBeanRegistry.java:371) ~[spring-beans-7.0.8.jar!/:7.0.8]
	at org.springframework.beans.factory.support.AbstractBeanFactory.doGetBean(AbstractBeanFactory.java:331) ~[spring-beans-7.0.8.jar!/:7.0.8]
	at org.springframework.beans.factory.support.AbstractBeanFactory.getBean(AbstractBeanFactory.java:196) ~[spring-beans-7.0.8.jar!/:7.0.8]
	at org.springframework.beans.factory.support.AbstractBeanFactory.doGetBean(AbstractBeanFactory.java:309) ~[spring-beans-7.0.8.jar!/:7.0.8]
	... 15 common frames omitted
Caused by: org.springframework.jdbc.datasource.init.UncategorizedScriptException: Failed to execute database script
	at org.springframework.jdbc.datasource.init.DatabasePopulatorUtils.execute(DatabasePopulatorUtils.java:67) ~[spring-jdbc-7.0.8.jar!/:7.0.8]
	at org.springframework.boot.jdbc.init.DataSourceScriptDatabaseInitializer.runScripts(DataSourceScriptDatabaseInitializer.java:87) ~[spring-boot-jdbc-4.1.0.jar!/:4.1.0]
	at org.springframework.boot.sql.init.AbstractScriptDatabaseInitializer.runScripts(AbstractScriptDatabaseInitializer.java:159) ~[spring-boot-sql-4.1.0.jar!/:4.1.0]
	at org.springframework.boot.sql.init.AbstractScriptDatabaseInitializer.applyScripts(AbstractScriptDatabaseInitializer.java:120) ~[spring-boot-sql-4.1.0.jar!/:4.1.0]
	at org.springframework.boot.sql.init.AbstractScriptDatabaseInitializer.applySchemaScripts(AbstractScriptDatabaseInitializer.java:109) ~[spring-boot-sql-4.1.0.jar!/:4.1.0]
	at org.springframework.boot.sql.init.AbstractScriptDatabaseInitializer.initializeDatabase(AbstractScriptDatabaseInitializer.java:87) ~[spring-boot-sql-4.1.0.jar!/:4.1.0]
	at org.springframework.boot.sql.init.AbstractScriptDatabaseInitializer.afterPropertiesSet(AbstractScriptDatabaseInitializer.java:77) ~[spring-boot-sql-4.1.0.jar!/:4.1.0]
	at org.springframework.beans.factory.support.AbstractAutowireCapableBeanFactory.invokeInitMethods(AbstractAutowireCapableBeanFactory.java:1862) ~[spring-beans-7.0.8.jar!/:7.0.8]
	at org.springframework.beans.factory.support.AbstractAutowireCapableBeanFactory.initializeBean(AbstractAutowireCapableBeanFactory.java:1811) ~[spring-beans-7.0.8.jar!/:7.0.8]
	... 22 common frames omitted
Caused by: org.springframework.jdbc.CannotGetJdbcConnectionException: Failed to obtain JDBC Connection
	at org.springframework.jdbc.datasource.DataSourceUtils.getConnection(DataSourceUtils.java:84) ~[spring-jdbc-7.0.8.jar!/:7.0.8]
	at org.springframework.jdbc.datasource.init.DatabasePopulatorUtils.execute(DatabasePopulatorUtils.java:52) ~[spring-jdbc-7.0.8.jar!/:7.0.8]
	... 30 common frames omitted
Caused by: org.postgresql.util.PSQLException: The connection attempt failed.
	at org.postgresql.core.v3.ConnectionFactoryImpl.openConnectionImpl(ConnectionFactoryImpl.java:437) ~[postgresql-42.7.11.jar!/:42.7.11]
	at org.postgresql.core.ConnectionFactory.openConnection(ConnectionFactory.java:52) ~[postgresql-42.7.11.jar!/:42.7.11]
	at org.postgresql.jdbc.PgConnection.<init>(PgConnection.java:290) ~[postgresql-42.7.11.jar!/:42.7.11]
	at org.postgresql.Driver.makeConnection(Driver.java:448) ~[postgresql-42.7.11.jar!/:42.7.11]
	at org.postgresql.Driver.connect(Driver.java:298) ~[postgresql-42.7.11.jar!/:42.7.11]
	at com.zaxxer.hikari.util.DriverDataSource.getConnection(DriverDataSource.java:144) ~[HikariCP-7.0.2.jar!/:na]
	at com.zaxxer.hikari.pool.PoolBase.newConnection(PoolBase.java:373) ~[HikariCP-7.0.2.jar!/:na]
	at com.zaxxer.hikari.pool.PoolBase.newPoolEntry(PoolBase.java:210) ~[HikariCP-7.0.2.jar!/:na]
	at com.zaxxer.hikari.pool.HikariPool.createPoolEntry(HikariPool.java:488) ~[HikariCP-7.0.2.jar!/:na]
	at com.zaxxer.hikari.pool.HikariPool.checkFailFast(HikariPool.java:576) ~[HikariCP-7.0.2.jar!/:na]
	at com.zaxxer.hikari.pool.HikariPool.<init>(HikariPool.java:97) ~[HikariCP-7.0.2.jar!/:na]
	at com.zaxxer.hikari.HikariDataSource.getConnection(HikariDataSource.java:111) ~[HikariCP-7.0.2.jar!/:na]
	at org.springframework.jdbc.datasource.DataSourceUtils.fetchConnection(DataSourceUtils.java:160) ~[spring-jdbc-7.0.8.jar!/:7.0.8]
	at org.springframework.jdbc.datasource.DataSourceUtils.doGetConnection(DataSourceUtils.java:118) ~[spring-jdbc-7.0.8.jar!/:7.0.8]
	at org.springframework.jdbc.datasource.DataSourceUtils.getConnection(DataSourceUtils.java:81) ~[spring-jdbc-7.0.8.jar!/:7.0.8]
	... 31 common frames omitted
Caused by: java.net.SocketTimeoutException: Read timed out
	at java.base/sun.nio.ch.NioSocketImpl.timedRead(Unknown Source) ~[na:na]
	at java.base/sun.nio.ch.NioSocketImpl.implRead(Unknown Source) ~[na:na]
	at java.base/sun.nio.ch.NioSocketImpl.read(Unknown Source) ~[na:na]
	at java.base/sun.nio.ch.NioSocketImpl$1.read(Unknown Source) ~[na:na]
	at java.base/java.net.Socket$SocketInputStream.read(Unknown Source) ~[na:na]
	at org.postgresql.core.VisibleBufferedInputStream.readMore(VisibleBufferedInputStream.java:192) ~[postgresql-42.7.11.jar!/:42.7.11]
	at org.postgresql.core.VisibleBufferedInputStream.ensureBytes(VisibleBufferedInputStream.java:159) ~[postgresql-42.7.11.jar!/:42.7.11]
	at org.postgresql.core.VisibleBufferedInputStream.ensureBytes(VisibleBufferedInputStream.java:144) ~[postgresql-42.7.11.jar!/:42.7.11]
	at org.postgresql.core.VisibleBufferedInputStream.read(VisibleBufferedInputStream.java:76) ~[postgresql-42.7.11.jar!/:42.7.11]
	at org.postgresql.core.PGStream.receiveChar(PGStream.java:487) ~[postgresql-42.7.11.jar!/:42.7.11]
	at org.postgresql.core.v3.ConnectionFactoryImpl.enableSSL(ConnectionFactoryImpl.java:680) ~[postgresql-42.7.11.jar!/:42.7.11]
	at org.postgresql.core.v3.ConnectionFactoryImpl.tryConnect(ConnectionFactoryImpl.java:280) ~[postgresql-42.7.11.jar!/:42.7.11]
	at org.postgresql.core.v3.ConnectionFactoryImpl.openConnectionImpl(ConnectionFactoryImpl.java:365) ~[postgresql-42.7.11.jar!/:42.7.11]
	... 45 common frames omitted
	Suppressed: java.net.SocketTimeoutException: Connect timed out
		at java.base/sun.nio.ch.NioSocketImpl.timedFinishConnect(Unknown Source) ~[na:na]
		at java.base/sun.nio.ch.NioSocketImpl.connect(Unknown Source) ~[na:na]
		at java.base/java.net.SocksSocketImpl.connect(Unknown Source) ~[na:na]
		at java.base/java.net.Socket.connect(Unknown Source) ~[na:na]
		at org.postgresql.core.PGStream.createSocket(PGStream.java:271) ~[postgresql-42.7.11.jar!/:42.7.11]
		at org.postgresql.core.PGStream.<init>(PGStream.java:132) ~[postgresql-42.7.11.jar!/:42.7.11]
		at org.postgresql.core.v3.ConnectionFactoryImpl.tryConnect(ConnectionFactoryImpl.java:219) ~[postgresql-42.7.11.jar!/:42.7.11]
		at org.postgresql.core.v3.ConnectionFactoryImpl.tryConnectWithoutSsl(ConnectionFactoryImpl.java:145) ~[postgresql-42.7.11.jar!/:42.7.11]
		at org.postgresql.core.v3.ConnectionFactoryImpl.openConnectionImpl(ConnectionFactoryImpl.java:380) ~[postgresql-42.7.11.jar!/:42.7.11]
		... 45 common frames omitted

+ echo

+ echo ----- pod/petclinic-6b8c7cf6c8-4xtkf -----
----- pod/petclinic-6b8c7cf6c8-4xtkf -----
+ kubectl -n petclinic logs pod/petclinic-6b8c7cf6c8-4xtkf --previous --tail=100
Error from server: Get "https://10.0.0.1:10250/containerLogs/petclinic/petclinic-6b8c7cf6c8-4xtkf/petclinic?previous=true&tailLines=100": proxy error from 127.0.0.1:6443 while dialing 10.0.0.1:10250, code 502: 502 Bad Gateway
+ true
+ echo

+ echo ----- pod/petclinic-6b8c7cf6c8-xsn85 -----
----- pod/petclinic-6b8c7cf6c8-xsn85 -----
+ kubectl -n petclinic logs pod/petclinic-6b8c7cf6c8-xsn85 --previous --tail=100
Error from server (BadRequest): previous terminated container "petclinic" in pod "petclinic-6b8c7cf6c8-xsn85" not found
+ true
+ echo

+ echo ----- pod/petclinic-6b8c7cf6c8-zqjrb -----
----- pod/petclinic-6b8c7cf6c8-zqjrb -----
+ kubectl -n petclinic logs pod/petclinic-6b8c7cf6c8-zqjrb --previous --tail=100
Error from server (BadRequest): previous terminated container "petclinic" in pod "petclinic-6b8c7cf6c8-zqjrb" not found
+ true
+ echo

+ echo ===== RECENT EVENTS =====
===== RECENT EVENTS =====
+ kubectl -n petclinic get events --sort-by=.metadata.creationTimestamp
+ tail -80
LAST SEEN   TYPE      REASON                 OBJECT                            MESSAGE
60m         Warning   Unhealthy              pod/petclinic-5fbcdd4b88-kgflk    Startup probe failed: Get "http://10.42.0.80:8080/actuator/health/liveness": dial tcp 10.42.0.80:8080: connect: connection refused
60m         Warning   Unhealthy              pod/petclinic-5fbcdd4b88-x57f7    Startup probe failed: Get "http://10.42.1.5:8080/actuator/health/liveness": dial tcp 10.42.1.5:8080: connect: connection refused
60m         Normal    Killing                pod/petclinic-fbf7489df-vqcjz     Stopping container petclinic
60m         Normal    SuccessfulDelete       replicaset/petclinic-fbf7489df    Deleted pod: petclinic-fbf7489df-vqcjz
60m         Normal    ScalingReplicaSet      deployment/petclinic              Scaled down replica set petclinic-fbf7489df from 3 to 2
60m         Normal    ScalingReplicaSet      deployment/petclinic              Scaled down replica set petclinic-fbf7489df from 2 to 1
60m         Normal    SuccessfulDelete       replicaset/petclinic-fbf7489df    Deleted pod: petclinic-fbf7489df-knpbh
60m         Normal    Killing                pod/petclinic-fbf7489df-knpbh     Stopping container petclinic
58m         Normal    Pulled                 pod/petclinic-5fbcdd4b88-ndt2f    Successfully pulled image "10.0.0.3:30050/petclinic/petclinic:0.5.0-ci-77" in 3m8.209s (3m8.209s including waiting). Image size: 175429263 bytes.
58m         Warning   Failed                 pod/petclinic-5fbcdd4b88-ndt2f    Error: failed to sync configmap cache: timed out waiting for the condition
58m         Normal    Pulled                 pod/petclinic-5fbcdd4b88-ndt2f    Container image "10.0.0.3:30050/petclinic/petclinic:0.5.0-ci-77" already present on machine and can be accessed by the pod
58m         Normal    Created                pod/petclinic-5fbcdd4b88-ndt2f    Container created
58m         Normal    Started                pod/petclinic-5fbcdd4b88-ndt2f    Container started
56m         Warning   Unhealthy              pod/petclinic-5fbcdd4b88-ndt2f    Startup probe failed: Get "http://10.42.3.176:8080/actuator/health/liveness": dial tcp 10.42.3.176:8080: connect: connection refused
56m         Normal    SuccessfulDelete       replicaset/petclinic-fbf7489df    Deleted pod: petclinic-fbf7489df-j9vbq
56m         Normal    ScalingReplicaSet      deployment/petclinic              Scaled down replica set petclinic-fbf7489df from 1 to 0
56m         Normal    Killing                pod/petclinic-fbf7489df-j9vbq     Stopping container petclinic
7m32s       Normal    Scheduled              pod/petclinic-6b8c7cf6c8-4d2pt    Successfully assigned petclinic/petclinic-6b8c7cf6c8-4d2pt to ucloud-worker
7m33s       Normal    ScalingReplicaSet      deployment/petclinic              Scaled up replica set petclinic-6b8c7cf6c8 from 0 to 3
7m32s       Normal    Scheduled              pod/petclinic-6b8c7cf6c8-zqjrb    Successfully assigned petclinic/petclinic-6b8c7cf6c8-zqjrb to devops
7m33s       Normal    SuccessfulCreate       replicaset/petclinic-6b8c7cf6c8   Created pod: petclinic-6b8c7cf6c8-zqjrb
7m33s       Normal    SuccessfulCreate       replicaset/petclinic-6b8c7cf6c8   Created pod: petclinic-6b8c7cf6c8-4xtkf
7m33s       Normal    SuccessfulCreate       replicaset/petclinic-6b8c7cf6c8   Created pod: petclinic-6b8c7cf6c8-4d2pt
7m32s       Normal    Scheduled              pod/petclinic-6b8c7cf6c8-4xtkf    Successfully assigned petclinic/petclinic-6b8c7cf6c8-4xtkf to aliyun-worker
7m32s       Normal    Pulling                pod/petclinic-6b8c7cf6c8-zqjrb    Pulling image "10.0.0.3:30050/petclinic/petclinic:0.5.0-ci-78"
7m31s       Normal    Pulled                 pod/petclinic-6b8c7cf6c8-zqjrb    Successfully pulled image "10.0.0.3:30050/petclinic/petclinic:0.5.0-ci-78" in 1.216s (1.216s including waiting). Image size: 184148523 bytes.
7m31s       Normal    Created                pod/petclinic-6b8c7cf6c8-zqjrb    Container created
7m31s       Normal    Started                pod/petclinic-6b8c7cf6c8-zqjrb    Container started
7m32s       Normal    Pulling                pod/petclinic-6b8c7cf6c8-4xtkf    Pulling image "10.0.0.3:30050/petclinic/petclinic:0.5.0-ci-78"
7m32s       Normal    Pulling                pod/petclinic-6b8c7cf6c8-4d2pt    Pulling image "10.0.0.3:30050/petclinic/petclinic:0.5.0-ci-78"
7m3s        Warning   Unhealthy              pod/petclinic-6b8c7cf6c8-zqjrb    Startup probe failed: Get "http://10.42.0.81:8080/actuator/health/liveness": dial tcp 10.42.0.81:8080: connect: connection refused
7m13s       Normal    Pulled                 pod/petclinic-6b8c7cf6c8-4xtkf    Successfully pulled image "10.0.0.3:30050/petclinic/petclinic:0.5.0-ci-78" in 19.108s (19.109s including waiting). Image size: 175429645 bytes.
7m13s       Normal    Created                pod/petclinic-6b8c7cf6c8-4xtkf    Container created
7m13s       Normal    Started                pod/petclinic-6b8c7cf6c8-4xtkf    Container started
6m33s       Warning   Unhealthy              pod/petclinic-6b8c7cf6c8-4xtkf    Startup probe failed: Get "http://10.42.1.6:8080/actuator/health/liveness": dial tcp 10.42.1.6:8080: connect: connection refused
6m57s       Normal    ScalingReplicaSet      deployment/petclinic              Scaled down replica set petclinic-5fbcdd4b88 from 3 to 2
6m57s       Normal    Killing                pod/petclinic-5fbcdd4b88-kgflk    Stopping container petclinic
6m57s       Warning   Unhealthy              pod/petclinic-5fbcdd4b88-kgflk    Readiness probe failed: Get "http://10.42.0.80:8080/actuator/health/readiness": dial tcp 10.42.0.80:8080: connect: connection refused
6m57s       Normal    SuccessfulDelete       replicaset/petclinic-5fbcdd4b88   Deleted pod: petclinic-5fbcdd4b88-kgflk
5m39s       Warning   NodeNotReady           pod/petclinic-5fbcdd4b88-x57f7    Node is not ready
98s         Normal    Pulled                 pod/petclinic-6b8c7cf6c8-4d2pt    Successfully pulled image "10.0.0.3:30050/petclinic/petclinic:0.5.0-ci-78" in 5m54.364s (5m54.364s including waiting). Image size: 175429645 bytes.
97s         Warning   Failed                 pod/petclinic-6b8c7cf6c8-4d2pt    Error: failed to sync configmap cache: timed out waiting for the condition
42s         Normal    Pulled                 pod/petclinic-6b8c7cf6c8-4d2pt    Container image "10.0.0.3:30050/petclinic/petclinic:0.5.0-ci-78" already present on machine and can be accessed by the pod
95s         Warning   Failed                 pod/petclinic-6b8c7cf6c8-4d2pt    Error: failed to sync secret cache: timed out waiting for the condition
42s         Normal    Created                pod/petclinic-6b8c7cf6c8-4d2pt    Container created
42s         Normal    Started                pod/petclinic-6b8c7cf6c8-4d2pt    Container started
8s          Warning   Unhealthy              pod/petclinic-6b8c7cf6c8-4d2pt    Startup probe failed: Get "http://10.42.3.177:8080/actuator/health/liveness": dial tcp 10.42.3.177:8080: connect: connection refused
38s         Normal    Scheduled              pod/petclinic-6b8c7cf6c8-xsn85    Successfully assigned petclinic/petclinic-6b8c7cf6c8-xsn85 to ucloud-worker
39s         Normal    Started                pod/petclinic-5fbcdd4b88-dq4cl    Container started
39s         Normal    SuccessfulCreate       replicaset/petclinic-6b8c7cf6c8   Created pod: petclinic-6b8c7cf6c8-xsn85
39s         Normal    SuccessfulCreate       replicaset/petclinic-5fbcdd4b88   Created pod: petclinic-5fbcdd4b88-dq4cl
39s         Normal    TaintManagerEviction   pod/petclinic-6b8c7cf6c8-4xtkf    Marking for deletion Pod petclinic/petclinic-6b8c7cf6c8-4xtkf
39s         Normal    TaintManagerEviction   pod/petclinic-5fbcdd4b88-x57f7    Marking for deletion Pod petclinic/petclinic-5fbcdd4b88-x57f7
39s         Normal    Pulled                 pod/petclinic-5fbcdd4b88-dq4cl    Container image "10.0.0.3:30050/petclinic/petclinic:0.5.0-ci-77" already present on machine and can be accessed by the pod
39s         Normal    Created                pod/petclinic-5fbcdd4b88-dq4cl    Container created
38s         Normal    Scheduled              pod/petclinic-5fbcdd4b88-dq4cl    Successfully assigned petclinic/petclinic-5fbcdd4b88-dq4cl to devops
9s          Warning   Unhealthy              pod/petclinic-5fbcdd4b88-dq4cl    Startup probe failed: Get "http://10.42.0.82:8080/actuator/health/liveness": dial tcp 10.42.0.82:8080: connect: connection refused
38s         Normal    Pulled                 pod/petclinic-6b8c7cf6c8-xsn85    Container image "10.0.0.3:30050/petclinic/petclinic:0.5.0-ci-78" already present on machine and can be accessed by the pod
38s         Normal    Created                pod/petclinic-6b8c7cf6c8-xsn85    Container created
38s         Normal    Started                pod/petclinic-6b8c7cf6c8-xsn85    Container started
3s          Warning   Unhealthy              pod/petclinic-6b8c7cf6c8-xsn85    Startup probe failed: Get "http://10.42.3.178:8080/actuator/health/liveness": dial tcp 10.42.3.178:8080: connect: connection refused
+ echo

+ echo ========================================
========================================
+ echo ===== END FAILURE DIAGNOSTICS ===========
===== END FAILURE DIAGNOSTICS ===========
+ echo ========================================
========================================
[Pipeline] fileExists
[Pipeline] echo
Automatic Kubernetes revision rollback is disabled after ArgoCD cutover.
[Pipeline] echo
Git is now the deployment authority.
[Pipeline] echo
Rollback must be performed through Git and ArgoCD.
[Pipeline] }
[Pipeline] // script
[Pipeline] }
[Pipeline] // stage
[Pipeline] }
[Pipeline] // withEnv
[Pipeline] }
[Pipeline] // withEnv
[Pipeline] }
[Pipeline] // node
[Pipeline] End of Pipeline
ERROR: script returned exit code 1
Finished: FAILURE
